12	0.000000	0.000000	0.000000	-0.000000	0.000000	1
12	0.000000	0.020000	0.000000	-0.000000	0.000000	1
12	0.000000	0.040000	0.000000	-0.000000	0.000000	1
12	0.000000	0.060000	0.000000	-0.000000	0.000000	1
12	0.000000	0.080000	0.000000	-0.000000	0.000000	1
12	0.000000	0.100000	0.000000	-0.000000	0.000000	1
12	0.000000	0.120000	0.000000	-0.000000	0.000000	1
12	0.000000	0.140000	0.000000	-0.000000	0.000000	1
12	0.000000	0.160000	0.000000	-0.000000	0.000000	1
12	0.000000	0.180000	0.000000	-0.000000	0.000000	1
12	0.000000	0.200000	0.000000	-0.000000	0.000000	1
12	0.000000	0.220000	0.000000	-0.000000	0.000000	1
12	0.000000	0.240000	0.000000	-0.000000	0.000000	1
12	0.000000	0.260000	0.000000	-0.000000	0.000000	1
12	0.000000	0.280000	0.013812	-0.000000	0.000000	1
12	0.000000	0.300000	0.013812	-0.000000	0.000000	1
12	0.000000	0.320000	0.013812	-0.000000	0.000000	1
12	0.000000	0.340000	0.013812	-0.000000	0.000000	1
12	0.000000	0.360000	0.013812	-0.000000	0.000000	1
12	0.000000	0.380000	0.013812	-0.000000	0.000000	1
12	0.000000	0.400000	0.013812	-0.000000	0.000000	1
12	0.000000	0.420000	0.013812	-0.000000	0.000000	1
12	0.000000	0.440000	0.013812	-0.000000	0.000000	1
12	0.000000	0.460000	0.013812	-0.000000	0.000000	1
12	0.000000	0.480000	0.013812	-0.000000	0.000000	1
12	0.000000	0.500000	0.013812	-0.000000	0.000000	1
12	0.000000	0.520000	0.013812	-0.000000	0.000000	1
12	0.000000	0.540000	0.013812	-0.000000	0.000000	1
12	0.000000	0.560000	0.013812	-0.000000	0.000000	1
12	0.000000	0.580000	0.013812	-0.000000	0.000000	1
12	0.000000	0.600000	0.013812	-0.000000	0.000000	1
12	0.000000	0.620000	0.013812	-0.000000	0.000000	1
12	0.000000	0.640000	0.013805	-0.000000	0.000000	1
12	0.000000	0.660000	0.013076	-0.000000	0.000000	1
12	0.000000	0.680000	0.013076	-0.000000	0.000000	1
12	0.000000	0.700000	0.013076	-0.000000	0.000000	1
12	0.000000	0.720000	0.013076	-0.000000	0.000000	1
12	0.000000	0.740000	0.013076	-0.000000	0.000000	1
12	0.000000	0.760000	0.013076	-0.000000	0.000000	1
12	0.000000	0.780000	0.013076	-0.000000	0.000000	1
12	0.000000	0.800000	0.013076	-0.000000	0.000000	1
12	0.000000	0.820000	0.013076	-0.000000	0.000000	1
12	0.000000	0.840000	0.013076	-0.000000	0.000000	1
12	0.000000	0.860000	0.013076	-0.000000	0.000000	1
12	0.000000	0.880000	0.013791	-0.000000	0.000000	1
12	0.000000	0.900000	0.013807	-0.000000	0.000000	1
12	0.000000	0.920000	0.013807	-0.000000	0.000000	1
12	0.000000	0.940000	0.013807	-0.000000	0.000000	1
12	0.000000	0.960000	0.013807	-0.000000	0.000000	1
12	0.000000	0.980000	0.013807	-0.000000	0.000000	1
12	0.000000	1.000000	0.013807	-0.000000	0.000000	1
12	0.000000	1.020000	0.013807	-0.000000	0.000000	1
12	0.000000	1.040000	0.013807	-0.000000	0.000000	1
12	0.000000	1.060000	0.013807	-0.000000	0.000000	1
12	0.000000	1.080000	0.013807	-0.000000	0.000000	1
12	0.000000	1.100000	0.013654	-0.000000	0.000000	1
12	0.000000	1.120000	0.013486	-0.000000	0.000000	1
12	0.000000	1.140000	0.013486	-0.000000	0.000000	1
12	0.000000	1.160000	0.013486	-0.000000	0.000000	1
12	0.000000	1.180000	0.013486	-0.000000	0.000000	1
12	0.000000	1.200000	0.013486	-0.000000	0.000000	1
12	0.000000	1.220000	0.013486	-0.000000	0.000000	1
12	0.000000	1.240000	0.013485	-0.000000	0.000000	1
12	0.000000	1.260000	0.012861	-0.000000	0.000000	1
12	0.000000	1.280000	0.012447	-0.000000	0.000000	1
12	0.000000	1.300000	0.012447	-0.000000	0.000000	1
12	0.000000	1.320000	0.012448	-0.000000	0.000000	1
12	0.000000	1.340000	0.012501	-0.000000	0.000000	1
12	0.000000	1.360000	0.013075	-0.000000	0.000000	1
12	0.000000	1.380000	0.013285	-0.000000	0.000000	1
12	0.000000	1.400000	0.013292	-0.000000	0.000000	1
12	0.000000	1.420000	0.013292	-0.000000	0.000000	1
12	0.000000	1.440000	0.013501	-0.000000	0.000000	1
12	0.000000	1.460000	0.014045	-0.000000	0.000000	1
12	0.000000	1.480000	0.013990	-0.000000	0.000000	1
12	0.000000	1.500000	0.013722	-0.000000	0.000000	1
12	0.000000	1.520000	0.013245	-0.000000	0.000000	1
12	0.000000	1.540000	0.013012	-0.000000	0.000000	1
12	0.000000	1.560000	0.013041	-0.000000	0.000000	1
12	0.000000	1.580000	0.013215	-0.000000	0.000000	1
12	0.000000	1.600000	0.000000	-0.000000	0.000000	1
12	0.000000	1.620000	0.000000	-0.000000	0.000000	1
12	0.000000	1.640000	0.000000	-0.000000	0.000000	1
12	0.000000	1.660000	0.000000	-0.000000	0.000000	1
12	0.000000	1.680000	0.000000	-0.000000	0.000000	1
12	0.000000	1.700000	0.000000	-0.000000	0.000000	1
12	0.000000	1.720000	0.000000	-0.000000	0.000000	1
12	0.000000	1.740000	0.000000	-0.000000	0.000000	1
12	0.000000	1.760000	0.000000	-0.000000	0.000000	1
12	0.000000	1.780000	0.000000	-0.000000	0.000000	1
12	0.000000	1.800000	0.000000	-0.000000	0.000000	1
12	0.000000	1.820000	0.000000	-0.000000	0.000000	1
12	0.000000	1.840000	0.000000	-0.000000	0.000000	1
12	0.000000	1.860000	0.000000	-0.000000	0.000000	1
12	0.000000	1.880000	0.000000	-0.000000	0.000000	1
12	0.000000	1.900000	0.000000	-0.000000	0.000000	1
12	0.000000	1.920000	0.000000	-0.000000	0.000000	1
12	0.000000	1.940000	0.000000	-0.000000	0.000000	1
12	0.000000	1.960000	0.000000	-0.000000	0.000000	1
12	0.000000	1.980000	0.000000	-0.000000	0.000000	1
12	0.000000	2.000000	0.000000	-0.000000	0.000000	1
12	0.000000	2.020000	0.000000	-0.000000	0.000000	1
12	0.000000	2.040000	0.000000	-0.000000	0.000000	1
12	0.000000	2.060000	0.000000	-0.000000	0.000000	1
12	0.000000	2.080000	0.000000	-0.000000	0.000000	1
12	0.000000	2.100000	0.000000	-0.000000	0.000000	1
12	0.000000	2.120000	0.000000	-0.000000	0.000000	1
12	0.000000	2.140000	0.000000	-0.000000	0.000000	1
12	0.000000	2.160000	0.000000	-0.000000	0.000000	1
12	0.000000	2.180000	0.000000	-0.000000	0.000000	1
12	0.000000	2.200000	0.000000	-0.000000	0.000000	1
12	0.000000	2.220000	0.000000	-0.000000	0.000000	1
12	0.000000	2.240000	0.000000	-0.000000	0.000000	1
12	0.000000	2.260000	0.000000	-0.000000	0.000000	1
12	0.000000	2.280000	0.000000	-0.000000	0.000000	1
12	0.000000	2.300000	0.000000	-0.000000	0.000000	1
12	0.000000	2.320000	0.000000	-0.000000	0.000000	1
12	0.000000	2.340000	0.000000	-0.000000	0.000000	1
12	0.000000	2.360000	0.000000	-0.000000	0.000000	1
12	0.000000	2.380000	0.000000	-0.000000	0.000000	1
12	0.000000	2.400000	0.000000	-0.000000	0.000000	1
12	0.000000	2.420000	0.000000	-0.000000	0.000000	1
12	0.000000	2.440000	0.000000	-0.000000	0.000000	1
12	0.000000	2.460000	0.000000	-0.000000	0.000000	1
12	0.000000	2.480000	0.000000	-0.000000	0.000000	1
12	0.000000	2.500000	0.000000	-0.000000	0.000000	1
12	0.000000	2.520000	0.000000	-0.000000	0.000000	1
12	0.000000	2.540000	0.000000	-0.000000	0.000000	1
12	0.000000	2.560000	0.000000	-0.000000	0.000000	1
12	0.000000	2.580000	0.000000	-0.000000	0.000000	1
12	0.000000	2.600000	0.000000	-0.000000	0.000000	1
12	0.000000	2.620000	0.000000	-0.000000	0.000000	1
12	0.000000	2.640000	0.000000	-0.000000	0.000000	1
12	0.000000	2.660000	0.000000	-0.000000	0.000000	1
12	0.000000	2.680000	0.000000	-0.000000	0.000000	1
12	0.000000	2.700000	0.000000	-0.000000	0.000000	1
12	0.000000	2.720000	0.000000	-0.000000	0.000000	1
12	0.000000	2.740000	0.000000	-0.000000	0.000000	1
12	0.000000	2.760000	0.000000	-0.000000	0.000000	1
12	0.000000	2.780000	0.000000	-0.000000	0.000000	1
12	0.000000	2.800000	0.000000	-0.000000	0.000000	1
12	0.000000	2.820000	0.000000	-0.000000	0.000000	1
12	0.000000	2.840000	0.000000	-0.000000	0.000000	1
12	0.000000	2.860000	0.000000	-0.000000	0.000000	1
12	0.000000	2.880000	0.000000	-0.000000	0.000000	1
12	0.000000	2.900000	0.000000	-0.000000	0.000000	1
12	0.000000	2.920000	0.000000	-0.000000	0.000000	1
12	0.000000	2.940000	0.000000	-0.000000	0.000000	1
12	0.000000	2.960000	0.000000	-0.000000	0.000000	1
12	0.000000	2.980000	0.000000	-0.000000	0.000000	1
12	0.000000	3.000000	0.000000	-0.000000	0.000000	1
12	0.000000	3.020000	0.000000	-0.000000	0.000000	1
12	0.000000	3.040000	0.000000	-0.000000	0.000000	1
12	0.000000	3.060000	0.000000	-0.000000	0.000000	1
12	0.000000	3.080000	0.000000	-0.000000	0.000000	1
12	0.000000	3.100000	0.000000	-0.000000	0.000000	1
12	0.000000	3.120000	0.000000	-0.000000	0.000000	1
12	0.000000	3.140000	0.000000	-0.000000	0.000000	1
12	0.000000	3.160000	0.000000	-0.000000	0.000000	1
12	0.000000	3.180000	0.000000	-0.000000	0.000000	1
12	0.000000	3.200000	0.000000	-0.000000	0.000000	1
12	0.000000	3.220000	0.000000	-0.000000	0.000000	1
12	0.000000	3.240000	0.000000	-0.000000	0.000000	1
12	0.000000	3.260000	0.000000	-0.000000	0.000000	1
12	0.000000	3.280000	0.000000	-0.000000	0.000000	1
12	0.000000	3.300000	0.000000	-0.000000	0.000000	1
12	0.000000	3.320000	0.000000	-0.000000	0.000000	1
12	0.000000	3.340000	0.000000	-0.000000	0.000000	1
12	0.000000	3.360000	0.000000	-0.000000	0.000000	1
12	0.000000	3.380000	0.000000	-0.000000	0.000000	1
12	0.000000	3.400000	0.000000	-0.000000	0.000000	1
12	0.000000	3.420000	0.000000	-0.000000	0.000000	1
12	0.000000	3.440000	0.000000	-0.000000	0.000000	1
12	0.000000	3.460000	0.000000	-0.000000	0.000000	1
12	0.000000	3.480000	0.000000	-0.000000	0.000000	1
12	0.000000	3.500000	0.000000	-0.000000	0.000000	1
12	0.000000	3.520000	0.000000	-0.000000	0.000000	1
12	0.000000	3.540000	0.000000	-0.000000	0.000000	1
12	0.000000	3.560000	0.000000	-0.000000	0.000000	1
12	0.000000	3.580000	0.000000	-0.000000	0.000000	1
12	0.000000	3.600000	0.000000	-0.000000	0.000000	1
12	0.000000	3.620000	0.000000	-0.000000	0.000000	1
12	0.000000	3.640000	0.000000	-0.000000	0.000000	1
12	0.000000	3.660000	0.000000	-0.000000	0.000000	1
12	0.000000	3.680000	0.000000	-0.000000	0.000000	1
12	0.000000	3.700000	0.000000	-0.000000	0.000000	1
12	0.000000	3.720000	0.000000	-0.000000	0.000000	1
12	0.000000	3.740000	0.000000	-0.000000	0.000000	1
12	0.000000	3.760000	0.000000	-0.000000	0.000000	1
12	0.000000	3.780000	0.000000	-0.000000	0.000000	1
12	0.000000	3.800000	0.000000	-0.000000	0.000000	1
12	0.000000	3.820000	0.000000	-0.000000	0.000000	1
12	0.000000	3.840000	0.000000	-0.000000	0.000000	1
12	0.000000	3.860000	0.000000	-0.000000	0.000000	1
12	0.000000	3.880000	0.000000	-0.000000	0.000000	1
12	0.000000	3.900000	0.000000	-0.000000	0.000000	1
12	0.000000	3.920000	0.000000	-0.000000	0.000000	1
12	0.000000	3.940000	0.000000	-0.000000	0.000000	1
12	0.000000	3.960000	0.000000	-0.000000	0.000000	1
12	0.000000	3.980000	0.000000	-0.000000	0.000000	1
12	0.100000	0.000000	0.000000	-0.000000	0.000000	1
12	0.100000	0.020000	0.000000	-0.000000	0.000000	1
12	0.100000	0.040000	0.000000	-0.000000	0.000000	1
12	0.100000	0.060000	0.000000	-0.000000	0.000000	1
12	0.100000	0.080000	0.000000	-0.000000	0.000000	1
12	0.100000	0.100000	0.000000	-0.000000	0.000000	1
12	0.100000	0.120000	0.000000	-0.000000	0.000000	1
12	0.100000	0.140000	0.000000	-0.000000	0.000000	1
12	0.100000	0.160000	0.000000	-0.000000	0.000000	1
12	0.100000	0.180000	0.000000	-0.000000	0.000000	1
12	0.100000	0.200000	0.000000	-0.000000	0.000000	1
12	0.100000	0.220000	0.000000	-0.000000	0.000000	1
12	0.100000	0.240000	0.000000	-0.000000	0.000000	1
12	0.100000	0.260000	0.000000	-0.000000	0.000000	1
12	0.100000	0.280000	0.019299	-0.000000	0.000000	1
12	0.100000	0.300000	0.019385	-0.000000	0.000000	1
12	0.100000	0.320000	0.019474	-0.000000	0.000000	1
12	0.100000	0.340000	0.019566	-0.000000	0.000000	1
12	0.100000	0.360000	0.019659	-0.000000	0.000000	1
12	0.100000	0.380000	0.019752	-0.000000	0.000000	1
12	0.100000	0.400000	0.019844	-0.000000	0.000000	1
12	0.100000	0.420000	0.019933	-0.000000	0.000000	1
12	0.100000	0.440000	0.020019	-0.000000	0.000000	1
12	0.100000	0.460000	0.020099	-0.000000	0.000000	1
12	0.100000	0.480000	0.020175	-0.000000	0.000000	1
12	0.100000	0.500000	0.020244	-0.000000	0.000000	1
12	0.100000	0.520000	0.020306	-0.000000	0.000000	1
12	0.100000	0.540000	0.020361	-0.000000	0.000000	1
12	0.100000	0.560000	0.020409	-0.000000	0.000000	1
12	0.100000	0.580000	0.020450	-0.000000	0.000000	1
12	0.100000	0.600000	0.020483	-0.000000	0.000000	1
12	0.100000	0.620000	0.020509	-0.000000	0.000000	1
12	0.100000	0.640000	0.020496	-0.000000	0.000000	1
12	0.100000	0.660000	0.017429	-0.000000	0.000000	1
12	0.100000	0.680000	0.017422	-0.000000	0.000000	1
12	0.100000	0.700000	0.017419	-0.000000	0.000000	1
12	0.100000	0.720000	0.017422	-0.000000	0.000000	1
12	0.100000	0.740000	0.017428	-0.000000	0.000000	1
12	0.100000	0.760000	0.017439	-0.000000	0.000000	1
12	0.100000	0.780000	0.017453	-0.000000	0.000000	1
12	0.100000	0.800000	0.017472	-0.000000	0.000000	1
12	0.100000	0.820000	0.017493	-0.000000	0.000000	1
12	0.100000	0.840000	0.017518	-0.000000	0.000000	1
12	0.100000	0.860000	0.017545	-0.000000	0.000000	1
12	0.100000	0.880000	0.025218	-0.000000	0.000000	1
12	0.100000	0.900000	0.024993	-0.000000	0.000000	1
12	0.100000	0.920000	0.024774	-0.000000	0.000000	1
12	0.100000	0.940000	0.024695	-0.000000	0.000000	1
12	0.100000	0.960000	0.024775	-0.000000	0.000000	1
12	0.100000	0.980000	0.024998	-0.000000	0.000000	1
12	0.100000	1.000000	0.025340	-0.000000	0.000000	1
12	0.100000	1.020000	0.025788	-0.000000	0.000000	1
12	0.100000	1.040000	0.026340	-0.000000	0.000000	1
12	0.100000	1.060000	0.026998	-0.000000	0.000000	1
12	0.100000	1.080000	0.027765	-0.000000	0.000000	1
12	0.100000	1.100000	0.022894	-0.000000	0.000000	1
12	0.100000	1.120000	0.017196	-0.000000	0.000000	1
12	0.100000	1.140000	0.017172	-0.000000	0.000000	1
12	0.100000	1.160000	0.017149	-0.000000	0.000000	1
12	0.100000	1.180000	0.017125	-0.000000	0.000000	1
12	0.100000	1.200000	0.017102	-0.000000	0.000000	1
12	0.100000	1.220000	0.017079	-0.000000	0.000000	1
12	0.100000	1.240000	0.017056	-0.000000	0.000000	1
12	0.100000	1.260000	0.017616	-0.000000	0.000000	1
12	0.100000	1.280000	0.017911	-0.000000	0.000000	1
12	0.100000	1.300000	0.017895	-0.000000	0.000000	1
12	0.100000	1.320000	0.017891	-0.000000	0.000000	1
12	0.100000	1.340000	0.017903	-0.000000	0.000000	1
12	0.100000	1.360000	0.018005	-0.000000	0.000000	1
12	0.100000	1.380000	0.018074	-0.000000	0.000000	1
12	0.100000	1.400000	0.018114	-0.000000	0.000000	1
12	0.100000	1.420000	0.018157	-0.000000	0.000000	1
12	0.100000	1.440000	0.019823	-0.000000	0.000000	1
12	0.100000	1.460000	0.023739	-0.000000	0.000000	1
12	0.100000	1.480000	0.023592	-0.000000	0.000000	1
12	0.100000	1.500000	0.022192	-0.000000	0.000000	1
12	0.100000	1.520000	0.019564	-0.000000	0.000000	1
12	0.100000	1.540000	0.018659	-0.000000	0.000000	1
12	0.100000	1.560000	0.019125	-0.000000	0.000000	1
12	0.100000	1.580000	0.019149	-0.000000	0.000000	1
12	0.100000	1.600000	0.000000	-0.000000	0.000000	1
12	0.100000	1.620000	0.000000	-0.000000	0.000000	1
12	0.100000	1.640000	0.000000	-0.000000	0.000000	1
12	0.100000	1.660000	0.000000	-0.000000	0.000000	1
12	0.100000	1.680000	0.000000	-0.000000	0.000000	1
12	0.100000	1.700000	0.000000	-0.000000	0.000000	1
12	0.100000	1.720000	0.000000	-0.000000	0.000000	1
12	0.100000	1.740000	0.000000	-0.000000	0.000000	1
12	0.100000	1.760000	0.000000	-0.000000	0.000000	1
12	0.100000	1.780000	0.000000	-0.000000	0.000000	1
12	0.100000	1.800000	0.000000	-0.000000	0.000000	1
12	0.100000	1.820000	0.000000	-0.000000	0.000000	1
12	0.100000	1.840000	0.000000	-0.000000	0.000000	1
12	0.100000	1.860000	0.000000	-0.000000	0.000000	1
12	0.100000	1.880000	0.000000	-0.000000	0.000000	1
12	0.100000	1.900000	0.000000	-0.000000	0.000000	1
12	0.100000	1.920000	0.000000	-0.000000	0.000000	1
12	0.100000	1.940000	0.000000	-0.000000	0.000000	1
12	0.100000	1.960000	0.000000	-0.000000	0.000000	1
12	0.100000	1.980000	0.000000	-0.000000	0.000000	1
12	0.100000	2.000000	0.000000	-0.000000	0.000000	1
12	0.100000	2.020000	0.000000	-0.000000	0.000000	1
12	0.100000	2.040000	0.000000	-0.000000	0.000000	1
12	0.100000	2.060000	0.000000	-0.000000	0.000000	1
12	0.100000	2.080000	0.000000	-0.000000	0.000000	1
12	0.100000	2.100000	0.000000	-0.000000	0.000000	1
12	0.100000	2.120000	0.000000	-0.000000	0.000000	1
12	0.100000	2.140000	0.000000	-0.000000	0.000000	1
12	0.100000	2.160000	0.000000	-0.000000	0.000000	1
12	0.100000	2.180000	0.000000	-0.000000	0.000000	1
12	0.100000	2.200000	0.000000	-0.000000	0.000000	1
12	0.100000	2.220000	0.000000	-0.000000	0.000000	1
12	0.100000	2.240000	0.000000	-0.000000	0.000000	1
12	0.100000	2.260000	0.000000	-0.000000	0.000000	1
12	0.100000	2.280000	0.000000	-0.000000	0.000000	1
12	0.100000	2.300000	0.000000	-0.000000	0.000000	1
12	0.100000	2.320000	0.000000	-0.000000	0.000000	1
12	0.100000	2.340000	0.000000	-0.000000	0.000000	1
12	0.100000	2.360000	0.000000	-0.000000	0.000000	1
12	0.100000	2.380000	0.000000	-0.000000	0.000000	1
12	0.100000	2.400000	0.000000	-0.000000	0.000000	1
12	0.100000	2.420000	0.000000	-0.000000	0.000000	1
12	0.100000	2.440000	0.000000	-0.000000	0.000000	1
12	0.100000	2.460000	0.000000	-0.000000	0.000000	1
12	0.100000	2.480000	0.000000	-0.000000	0.000000	1
12	0.100000	2.500000	0.000000	-0.000000	0.000000	1
12	0.100000	2.520000	0.000000	-0.000000	0.000000	1
12	0.100000	2.540000	0.000000	-0.000000	0.000000	1
12	0.100000	2.560000	0.000000	-0.000000	0.000000	1
12	0.100000	2.580000	0.000000	-0.000000	0.000000	1
12	0.100000	2.600000	0.000000	-0.000000	0.000000	1
12	0.100000	2.620000	0.000000	-0.000000	0.000000	1
12	0.100000	2.640000	0.000000	-0.000000	0.000000	1
12	0.100000	2.660000	0.000000	-0.000000	0.000000	1
12	0.100000	2.680000	0.000000	-0.000000	0.000000	1
12	0.100000	2.700000	0.000000	-0.000000	0.000000	1
12	0.100000	2.720000	0.000000	-0.000000	0.000000	1
12	0.100000	2.740000	0.000000	-0.000000	0.000000	1
12	0.100000	2.760000	0.000000	-0.000000	0.000000	1
12	0.100000	2.780000	0.000000	-0.000000	0.000000	1
12	0.100000	2.800000	0.000000	-0.000000	0.000000	1
12	0.100000	2.820000	0.000000	-0.000000	0.000000	1
12	0.100000	2.840000	0.000000	-0.000000	0.000000	1
12	0.100000	2.860000	0.000000	-0.000000	0.000000	1
12	0.100000	2.880000	0.000000	-0.000000	0.000000	1
12	0.100000	2.900000	0.000000	-0.000000	0.000000	1
12	0.100000	2.920000	0.000000	-0.000000	0.000000	1
12	0.100000	2.940000	0.000000	-0.000000	0.000000	1
12	0.100000	2.960000	0.000000	-0.000000	0.000000	1
12	0.100000	2.980000	0.000000	-0.000000	0.000000	1
12	0.100000	3.000000	0.000000	-0.000000	0.000000	1
12	0.100000	3.020000	0.000000	-0.000000	0.000000	1
12	0.100000	3.040000	0.000000	-0.000000	0.000000	1
12	0.100000	3.060000	0.000000	-0.000000	0.000000	1
12	0.100000	3.080000	0.000000	-0.000000	0.000000	1
12	0.100000	3.100000	0.000000	-0.000000	0.000000	1
12	0.100000	3.120000	0.000000	-0.000000	0.000000	1
12	0.100000	3.140000	0.000000	-0.000000	0.000000	1
12	0.100000	3.160000	0.000000	-0.000000	0.000000	1
12	0.100000	3.180000	0.000000	-0.000000	0.000000	1
12	0.100000	3.200000	0.000000	-0.000000	0.000000	1
12	0.100000	3.220000	0.000000	-0.000000	0.000000	1
12	0.100000	3.240000	0.000000	-0.000000	0.000000	1
12	0.100000	3.260000	0.000000	-0.000000	0.000000	1
12	0.100000	3.280000	0.000000	-0.000000	0.000000	1
12	0.100000	3.300000	0.000000	-0.000000	0.000000	1
12	0.100000	3.320000	0.000000	-0.000000	0.000000	1
12	0.100000	3.340000	0.000000	-0.000000	0.000000	1
12	0.100000	3.360000	0.000000	-0.000000	0.000000	1
12	0.100000	3.380000	0.000000	-0.000000	0.000000	1
12	0.100000	3.400000	0.000000	-0.000000	0.000000	1
12	0.100000	3.420000	0.000000	-0.000000	0.000000	1
12	0.100000	3.440000	0.000000	-0.000000	0.000000	1
12	0.100000	3.460000	0.000000	-0.000000	0.000000	1
12	0.100000	3.480000	0.000000	-0.000000	0.000000	1
12	0.100000	3.500000	0.000000	-0.000000	0.000000	1
12	0.100000	3.520000	0.000000	-0.000000	0.000000	1
12	0.100000	3.540000	0.000000	-0.000000	0.000000	1
12	0.100000	3.560000	0.000000	-0.000000	0.000000	1
12	0.100000	3.580000	0.000000	-0.000000	0.000000	1
12	0.100000	3.600000	0.000000	-0.000000	0.000000	1
12	0.100000	3.620000	0.000000	-0.000000	0.000000	1
12	0.100000	3.640000	0.000000	-0.000000	0.000000	1
12	0.100000	3.660000	0.000000	-0.000000	0.000000	1
12	0.100000	3.680000	0.000000	-0.000000	0.000000	1
12	0.100000	3.700000	0.000000	-0.000000	0.000000	1
12	0.100000	3.720000	0.000000	-0.000000	0.000000	1
12	0.100000	3.740000	0.000000	-0.000000	0.000000	1
12	0.100000	3.760000	0.000000	-0.000000	0.000000	1
12	0.100000	3.780000	0.000000	-0.000000	0.000000	1
12	0.100000	3.800000	0.000000	-0.000000	0.000000	1
12	0.100000	3.820000	0.000000	-0.000000	0.000000	1
12	0.100000	3.840000	0.000000	-0.000000	0.000000	1
12	0.100000	3.860000	0.000000	-0.000000	0.000000	1
12	0.100000	3.880000	0.000000	-0.000000	0.000000	1
12	0.100000	3.900000	0.000000	-0.000000	0.000000	1
12	0.100000	3.920000	0.000000	-0.000000	0.000000	1
12	0.100000	3.940000	0.000000	-0.000000	0.000000	1
12	0.100000	3.960000	0.000000	-0.000000	0.000000	1
12	0.100000	3.980000	0.000000	-0.000000	0.000000	1
12	1.000000	0.000000	0.000000	-0.000000	0.000000	1
12	1.000000	0.020000	0.000000	-0.000000	0.000000	1
12	1.000000	0.040000	0.000000	-0.000000	0.000000	1
12	1.000000	0.060000	0.000000	-0.000000	0.000000	1
12	1.000000	0.080000	0.000000	-0.000000	0.000000	1
12	1.000000	0.100000	0.000000	-0.000000	0.000000	1
12	1.000000	0.120000	0.000000	-0.000000	0.000000	1
12	1.000000	0.140000	0.000000	-0.000000	0.000000	1
12	1.000000	0.160000	0.000000	-0.000000	0.000000	1
12	1.000000	0.180000	0.000000	-0.000000	0.000000	1
12	1.000000	0.200000	0.000000	-0.000000	0.000000	1
12	1.000000	0.220000	0.000000	-0.000000	0.000000	1
12	1.000000	0.240000	0.000000	-0.000000	0.000000	1
12	1.000000	0.260000	0.020402	-0.000000	0.000000	1
12	1.000000	0.280000	0.020402	-0.000000	0.000000	1
12	1.000000	0.300000	0.020402	-0.000000	0.000000	1
12	1.000000	0.320000	0.020402	-0.000000	0.000000	1
12	1.000000	0.340000	0.020402	-0.000000	0.000000	1
12	1.000000	0.360000	0.020402	-0.000000	0.000000	1
12	1.000000	0.380000	0.020402	-0.000000	0.000000	1
12	1.000000	0.400000	0.020402	-0.000000	0.000000	1
12	1.000000	0.420000	0.020402	-0.000000	0.000000	1
12	1.000000	0.440000	0.020400	-0.000000	0.000000	1
12	1.000000	0.460000	0.020379	-0.000000	0.000000	1
12	1.000000	0.480000	0.020142	-0.000000	0.000000	1
12	1.000000	0.500000	0.019321	-0.000000	0.000000	1
12	1.000000	0.520000	0.020237	-0.000000	0.000000	1
12	1.000000	0.540000	0.021239	-0.000000	0.000000	1
12	1.000000	0.560000	0.021307	-0.000000	0.000000	1
12	1.000000	0.580000	0.020112	-0.000000	0.000000	1
12	1.000000	0.600000	0.018162	-0.000000	0.000000	1
12	1.000000	0.620000	0.016647	-0.000000	0.000000	1
12	1.000000	0.640000	0.022473	-0.000000	0.000000	1
12	1.000000	0.660000	0.022561	-0.000000	0.000000	1
12	1.000000	0.680000	0.022480	-0.000000	0.000000	1
12	1.000000	0.700000	0.021444	-0.000000	0.000000	1
12	1.000000	0.720000	0.018228	-0.000000	0.000000	1
12	1.000000	0.740000	0.017335	-0.000000	0.000000	1
12	1.000000	0.760000	0.017331	-0.000000	0.000000	1
12	1.000000	0.780000	0.017627	-0.000000	0.000000	1
12	1.000000	0.800000	0.018093	-0.000000	0.000000	1
12	1.000000	0.820000	0.018649	-0.000000	0.000000	1
12	1.000000	0.840000	0.018690	-0.000000	0.000000	1
12	1.000000	0.860000	0.018690	-0.000000	0.000000	1
12	1.000000	0.880000	0.018691	-0.000000	0.000000	1
12	1.000000	0.900000	0.019246	-0.000000	0.000000	1
12	1.000000	0.920000	0.022392	-0.000000	0.000000	1
12	1.000000	0.940000	0.021487	-0.000000	0.000000	1
12	1.000000	0.960000	0.021239	-0.000000	0.000000	1
12	1.000000	0.980000	0.022626	-0.000000	0.000000	1
12	1.000000	1.000000	0.023621	-0.000000	0.000000	1
12	1.000000	1.020000	0.024677	-0.000000	0.000000	1
12	1.000000	1.040000	0.027544	-0.000000	0.000000	1
12	1.000000	1.060000	0.050557	-0.000000	0.000000	1
12	1.000000	1.080000	0.062691	-0.000000	0.000000	1
12	1.000000	1.100000	0.062760	-0.000000	0.000000	1
12	1.000000	1.120000	0.035451	-0.000000	0.000000	1
12	1.000000	1.140000	0.014970	-0.000000	0.000000	1
12	1.000000	1.160000	0.016092	-0.000000	0.000000	1
12	1.000000	1.180000	0.016959	-0.000000	0.000000	1
12	1.000000	1.200000	0.016921	-0.000000	0.000000	1
12	1.000000	1.220000	0.016545	-0.000000	0.000000	1
12	1.000000	1.240000	0.016951	-0.000000	0.000000	1
12	1.000000	1.260000	0.022242	-0.000000	0.000000	1
12	1.000000	1.280000	0.020132	-0.000000	0.000000	1
12	1.000000	1.300000	0.018034	-0.000000	0.000000	1
12	1.000000	1.320000	0.017920	-0.000000	0.000000	1
12	1.000000	1.340000	0.018125	-0.000000	0.000000	1
12	1.000000	1.360000	0.019058	-0.000000	0.000000	1
12	1.000000	1.380000	0.021435	-0.000000	0.000000	1
12	1.000000	1.400000	0.026927	-0.000000	0.000000	1
12	1.000000	1.420000	0.032732	-0.000000	0.000000	1
12	1.000000	1.440000	0.029939	-0.000000	0.000000	1
12	1.000000	1.460000	0.022371	-0.000000	0.000000	1
12	1.000000	1.480000	0.022756	-0.000000	0.000000	1
12	1.000000	1.500000	0.022016	-0.000000	0.000000	1
12	1.000000	1.520000	0.019901	-0.000000	0.000000	1
12	1.000000	1.540000	0.019040	-0.000000	0.000000	1
12	1.000000	1.560000	0.020188	-0.000000	0.000000	1
12	1.000000	1.580000	0.020488	-0.000000	0.000000	1
12	1.000000	1.600000	0.020179	-0.000000	0.000000	1
12	1.000000	1.620000	0.024090	-0.000000	0.000000	1
12	1.000000	1.640000	0.039730	-0.000000	0.000000	1
12	1.000000	1.660000	0.048909	-0.000000	0.000000	1
12	1.000000	1.680000	0.065343	-0.000000	0.000000	1
12	1.000000	1.700000	0.000000	-0.000000	0.000000	1
12	1.000000	1.720000	0.000000	-0.000000	0.000000	1
12	1.000000	1.740000	0.000000	-0.000000	0.000000	1
12	1.000000	1.760000	0.000000	-0.000000	0.000000	1
12	1.000000	1.780000	0.000000	-0.000000	0.000000	1
12	1.000000	1.800000	0.000000	-0.000000	0.000000	1
12	1.000000	1.820000	0.000000	-0.000000	0.000000	1
12	1.000000	1.840000	0.000000	-0.000000	0.000000	1
12	1.000000	1.860000	0.000000	-0.000000	0.000000	1
12	1.000000	1.880000	0.000000	-0.000000	0.000000	1
12	1.000000	1.900000	0.000000	-0.000000	0.000000	1
12	1.000000	1.920000	0.000000	-0.000000	0.000000	1
12	1.000000	1.940000	0.000000	-0.000000	0.000000	1
12	1.000000	1.960000	0.000000	-0.000000	0.000000	1
12	1.000000	1.980000	0.000000	-0.000000	0.000000	1
12	1.000000	2.000000	0.000000	-0.000000	0.000000	1
12	1.000000	2.020000	0.000000	-0.000000	0.000000	1
12	1.000000	2.040000	0.000000	-0.000000	0.000000	1
12	1.000000	2.060000	0.000000	-0.000000	0.000000	1
12	1.000000	2.080000	0.000000	-0.000000	0.000000	1
12	1.000000	2.100000	0.000000	-0.000000	0.000000	1
12	1.000000	2.120000	0.000000	-0.000000	0.000000	1
12	1.000000	2.140000	0.000000	-0.000000	0.000000	1
12	1.000000	2.160000	0.000000	-0.000000	0.000000	1
12	1.000000	2.180000	0.000000	-0.000000	0.000000	1
12	1.000000	2.200000	0.000000	-0.000000	0.000000	1
12	1.000000	2.220000	0.000000	-0.000000	0.000000	1
12	1.000000	2.240000	0.000000	-0.000000	0.000000	1
12	1.000000	2.260000	0.000000	-0.000000	0.000000	1
12	1.000000	2.280000	0.000000	-0.000000	0.000000	1
12	1.000000	2.300000	0.000000	-0.000000	0.000000	1
12	1.000000	2.320000	0.000000	-0.000000	0.000000	1
12	1.000000	2.340000	0.000000	-0.000000	0.000000	1
12	1.000000	2.360000	0.000000	-0.000000	0.000000	1
12	1.000000	2.380000	0.000000	-0.000000	0.000000	1
12	1.000000	2.400000	0.000000	-0.000000	0.000000	1
12	1.000000	2.420000	0.000000	-0.000000	0.000000	1
12	1.000000	2.440000	0.000000	-0.000000	0.000000	1
12	1.000000	2.460000	0.000000	-0.000000	0.000000	1
12	1.000000	2.480000	0.000000	-0.000000	0.000000	1
12	1.000000	2.500000	0.000000	-0.000000	0.000000	1
12	1.000000	2.520000	0.000000	-0.000000	0.000000	1
12	1.000000	2.540000	0.000000	-0.000000	0.000000	1
12	1.000000	2.560000	0.000000	-0.000000	0.000000	1
12	1.000000	2.580000	0.000000	-0.000000	0.000000	1
12	1.000000	2.600000	0.000000	-0.000000	0.000000	1
12	1.000000	2.620000	0.000000	-0.000000	0.000000	1
12	1.000000	2.640000	0.000000	-0.000000	0.000000	1
12	1.000000	2.660000	0.000000	-0.000000	0.000000	1
12	1.000000	2.680000	0.000000	-0.000000	0.000000	1
12	1.000000	2.700000	0.000000	-0.000000	0.000000	1
12	1.000000	2.720000	0.000000	-0.000000	0.000000	1
12	1.000000	2.740000	0.000000	-0.000000	0.000000	1
12	1.000000	2.760000	0.000000	-0.000000	0.000000	1
12	1.000000	2.780000	0.000000	-0.000000	0.000000	1
12	1.000000	2.800000	0.000000	-0.000000	0.000000	1
12	1.000000	2.820000	0.000000	-0.000000	0.000000	1
12	1.000000	2.840000	0.000000	-0.000000	0.000000	1
12	1.000000	2.860000	0.000000	-0.000000	0.000000	1
12	1.000000	2.880000	0.000000	-0.000000	0.000000	1
12	1.000000	2.900000	0.000000	-0.000000	0.000000	1
12	1.000000	2.920000	0.000000	-0.000000	0.000000	1
12	1.000000	2.940000	0.000000	-0.000000	0.000000	1
12	1.000000	2.960000	0.000000	-0.000000	0.000000	1
12	1.000000	2.980000	0.000000	-0.000000	0.000000	1
12	1.000000	3.000000	0.000000	-0.000000	0.000000	1
12	1.000000	3.020000	0.000000	-0.000000	0.000000	1
12	1.000000	3.040000	0.000000	-0.000000	0.000000	1
12	1.000000	3.060000	0.000000	-0.000000	0.000000	1
12	1.000000	3.080000	0.000000	-0.000000	0.000000	1
12	1.000000	3.100000	0.000000	-0.000000	0.000000	1
12	1.000000	3.120000	0.000000	-0.000000	0.000000	1
12	1.000000	3.140000	0.000000	-0.000000	0.000000	1
12	1.000000	3.160000	0.000000	-0.000000	0.000000	1
12	1.000000	3.180000	0.000000	-0.000000	0.000000	1
12	1.000000	3.200000	0.000000	-0.000000	0.000000	1
12	1.000000	3.220000	0.000000	-0.000000	0.000000	1
12	1.000000	3.240000	0.000000	-0.000000	0.000000	1
12	1.000000	3.260000	0.000000	-0.000000	0.000000	1
12	1.000000	3.280000	0.000000	-0.000000	0.000000	1
12	1.000000	3.300000	0.000000	-0.000000	0.000000	1
12	1.000000	3.320000	0.000000	-0.000000	0.000000	1
12	1.000000	3.340000	0.000000	-0.000000	0.000000	1
12	1.000000	3.360000	0.000000	-0.000000	0.000000	1
12	1.000000	3.380000	0.000000	-0.000000	0.000000	1
12	1.000000	3.400000	0.000000	-0.000000	0.000000	1
12	1.000000	3.420000	0.000000	-0.000000	0.000000	1
12	1.000000	3.440000	0.000000	-0.000000	0.000000	1
12	1.000000	3.460000	0.000000	-0.000000	0.000000	1
12	1.000000	3.480000	0.000000	-0.000000	0.000000	1
12	1.000000	3.500000	0.000000	-0.000000	0.000000	1
12	1.000000	3.520000	0.000000	-0.000000	0.000000	1
12	1.000000	3.540000	0.000000	-0.000000	0.000000	1
12	1.000000	3.560000	0.000000	-0.000000	0.000000	1
12	1.000000	3.580000	0.000000	-0.000000	0.000000	1
12	1.000000	3.600000	0.000000	-0.000000	0.000000	1
12	1.000000	3.620000	0.000000	-0.000000	0.000000	1
12	1.000000	3.640000	0.000000	-0.000000	0.000000	1
12	1.000000	3.660000	0.000000	-0.000000	0.000000	1
12	1.000000	3.680000	0.000000	-0.000000	0.000000	1
12	1.000000	3.700000	0.000000	-0.000000	0.000000	1
12	1.000000	3.720000	0.000000	-0.000000	0.000000	1
12	1.000000	3.740000	0.000000	-0.000000	0.000000	1
12	1.000000	3.760000	0.000000	-0.000000	0.000000	1
12	1.000000	3.780000	0.000000	-0.000000	0.000000	1
12	1.000000	3.800000	0.000000	-0.000000	0.000000	1
12	1.000000	3.820000	0.000000	-0.000000	0.000000	1
12	1.000000	3.840000	0.000000	-0.000000	0.000000	1
12	1.000000	3.860000	0.000000	-0.000000	0.000000	1
12	1.000000	3.880000	0.000000	-0.000000	0.000000	1
12	1.000000	3.900000	0.000000	-0.000000	0.000000	1
12	1.000000	3.920000	0.000000	-0.000000	0.000000	1
12	1.000000	3.940000	0.000000	-0.000000	0.000000	1
12	1.000000	3.960000	0.000000	-0.000000	0.000000	1
12	1.000000	3.980000	0.000000	-0.000000	0.000000	1
12	0.200000	0.000000	0.000000	-0.000000	0.000000	1
12	0.200000	0.020000	0.000000	-0.000000	0.000000	1
12	0.200000	0.040000	0.000000	-0.000000	0.000000	1
12	0.200000	0.060000	0.000000	-0.000000	0.000000	1
12	0.200000	0.080000	0.000000	-0.000000	0.000000	1
12	0.200000	0.100000	0.000000	-0.000000	0.000000	1
12	0.200000	0.120000	0.000000	-0.000000	0.000000	1
12	0.200000	0.140000	0.000000	-0.000000	0.000000	1
12	0.200000	0.160000	0.000000	-0.000000	0.000000	1
12	0.200000	0.180000	0.000000	-0.000000	0.000000	1
12	0.200000	0.200000	0.000000	-0.000000	0.000000	1
12	0.200000	0.220000	0.000000	-0.000000	0.000000	1
12	0.200000	0.240000	0.000000	-0.000000	0.000000	1
12	0.200000	0.260000	0.000000	-0.000000	0.000000	1
12	0.200000	0.280000	0.018517	-0.000000	0.000000	1
12	0.200000	0.300000	0.018560	-0.000000	0.000000	1
12	0.200000	0.320000	0.018619	-0.000000	0.000000	1
12	0.200000	0.340000	0.018696	-0.000000	0.000000	1
12	0.200000	0.360000	0.018798	-0.000000	0.000000	1
12	0.200000	0.380000	0.018927	-0.000000	0.000000	1
12	0.200000	0.400000	0.019084	-0.000000	0.000000	1
12	0.200000	0.420000	0.019268	-0.000000	0.000000	1
12	0.200000	0.440000	0.019471	-0.000000	0.000000	1
12	0.200000	0.460000	0.019683	-0.000000	0.000000	1
12	0.200000	0.480000	0.019891	-0.000000	0.000000	1
12	0.200000	0.500000	0.020082	-0.000000	0.000000	1
12	0.200000	0.520000	0.020246	-0.000000	0.000000	1
12	0.200000	0.540000	0.020378	-0.000000	0.000000	1
12	0.200000	0.560000	0.020476	-0.000000	0.000000	1
12	0.200000	0.580000	0.020540	-0.000000	0.000000	1
12	0.200000	0.600000	0.020572	-0.000000	0.000000	1
12	0.200000	0.620000	0.020576	-0.000000	0.000000	1
12	0.200000	0.640000	0.020514	-0.000000	0.000000	1
12	0.200000	0.660000	0.017586	-0.000000	0.000000	1
12	0.200000	0.680000	0.017505	-0.000000	0.000000	1
12	0.200000	0.700000	0.017449	-0.000000	0.000000	1
12	0.200000	0.720000	0.017419	-0.000000	0.000000	1
12	0.200000	0.740000	0.017414	-0.000000	0.000000	1
12	0.200000	0.760000	0.017431	-0.000000	0.000000	1
12	0.200000	0.780000	0.017468	-0.000000	0.000000	1
12	0.200000	0.800000	0.017521	-0.000000	0.000000	1
12	0.200000	0.820000	0.017586	-0.000000	0.000000	1
12	0.200000	0.840000	0.017660	-0.000000	0.000000	1
12	0.200000	0.860000	0.017768	-0.000000	0.000000	1
12	0.200000	0.880000	0.026559	-0.000000	0.000000	1
12	0.200000	0.900000	0.026433	-0.000000	0.000000	1
12	0.200000	0.920000	0.026024	-0.000000	0.000000	1
12	0.200000	0.940000	0.025153	-0.000000	0.000000	1
12	0.200000	0.960000	0.024433	-0.000000	0.000000	1
12	0.200000	0.980000	0.024525	-0.000000	0.000000	1
12	0.200000	1.000000	0.025211	-0.000000	0.000000	1
12	0.200000	1.020000	0.026334	-0.000000	0.000000	1
12	0.200000	1.040000	0.027932	-0.000000	0.000000	1
12	0.200000	1.060000	0.030084	-0.000000	0.000000	1
12	0.200000	1.080000	0.032809	-0.000000	0.000000	1
12	0.200000	1.100000	0.026039	-0.000000	0.000000	1
12	0.200000	1.120000	0.017147	-0.000000	0.000000	1
12	0.200000	1.140000	0.017139	-0.000000	0.000000	1
12	0.200000	1.160000	0.017126	-0.000000	0.000000	1
12	0.200000	1.180000	0.017107	-0.000000	0.000000	1
12	0.200000	1.200000	0.017080	-0.000000	0.000000	1
12	0.200000	1.220000	0.017046	-0.000000	0.000000	1
12	0.200000	1.240000	0.017008	-0.000000	0.000000	1
12	0.200000	1.260000	0.017930	-0.000000	0.000000	1
12	0.200000	1.280000	0.018072	-0.000000	0.000000	1
12	0.200000	1.300000	0.017927	-0.000000	0.000000	1
12	0.200000	1.320000	0.017874	-0.000000	0.000000	1
12	0.200000	1.340000	0.017880	-0.000000	0.000000	1
12	0.200000	1.360000	0.018065	-0.000000	0.000000	1
12	0.200000	1.380000	0.018281	-0.000000	0.000000	1
12	0.200000	1.400000	0.018468	-0.000000	0.000000	1
12	0.200000	1.420000	0.018674	-0.000000	0.000000	1
12	0.200000	1.440000	0.020207	-0.000000	0.000000	1
12	0.200000	1.460000	0.023234	-0.000000	0.000000	1
12	0.200000	1.480000	0.023263	-0.000000	0.000000	1
12	0.200000	1.500000	0.022034	-0.000000	0.000000	1
12	0.200000	1.520000	0.019568	-0.000000	0.000000	1
12	0.200000	1.540000	0.018864	-0.000000	0.000000	1
12	0.200000	1.560000	0.019831	-0.000000	0.000000	1
12	0.200000	1.580000	0.020091	-0.000000	0.000000	1
12	0.200000	1.600000	0.000000	-0.000000	0.000000	1
12	0.200000	1.620000	0.000000	-0.000000	0.000000	1
12	0.200000	1.640000	0.000000	-0.000000	0.000000	1
12	0.200000	1.660000	0.000000	-0.000000	0.000000	1
12	0.200000	1.680000	0.000000	-0.000000	0.000000	1
12	0.200000	1.700000	0.000000	-0.000000	0.000000	1
12	0.200000	1.720000	0.000000	-0.000000	0.000000	1
12	0.200000	1.740000	0.000000	-0.000000	0.000000	1
12	0.200000	1.760000	0.000000	-0.000000	0.000000	1
12	0.200000	1.780000	0.000000	-0.000000	0.000000	1
12	0.200000	1.800000	0.000000	-0.000000	0.000000	1
12	0.200000	1.820000	0.000000	-0.000000	0.000000	1
12	0.200000	1.840000	0.000000	-0.000000	0.000000	1
12	0.200000	1.860000	0.000000	-0.000000	0.000000	1
12	0.200000	1.880000	0.000000	-0.000000	0.000000	1
12	0.200000	1.900000	0.000000	-0.000000	0.000000	1
12	0.200000	1.920000	0.000000	-0.000000	0.000000	1
12	0.200000	1.940000	0.000000	-0.000000	0.000000	1
12	0.200000	1.960000	0.000000	-0.000000	0.000000	1
12	0.200000	1.980000	0.000000	-0.000000	0.000000	1
12	0.200000	2.000000	0.000000	-0.000000	0.000000	1
12	0.200000	2.020000	0.000000	-0.000000	0.000000	1
12	0.200000	2.040000	0.000000	-0.000000	0.000000	1
12	0.200000	2.060000	0.000000	-0.000000	0.000000	1
12	0.200000	2.080000	0.000000	-0.000000	0.000000	1
12	0.200000	2.100000	0.000000	-0.000000	0.000000	1
12	0.200000	2.120000	0.000000	-0.000000	0.000000	1
12	0.200000	2.140000	0.000000	-0.000000	0.000000	1
12	0.200000	2.160000	0.000000	-0.000000	0.000000	1
12	0.200000	2.180000	0.000000	-0.000000	0.000000	1
12	0.200000	2.200000	0.000000	-0.000000	0.000000	1
12	0.200000	2.220000	0.000000	-0.000000	0.000000	1
12	0.200000	2.240000	0.000000	-0.000000	0.000000	1
12	0.200000	2.260000	0.000000	-0.000000	0.000000	1
12	0.200000	2.280000	0.000000	-0.000000	0.000000	1
12	0.200000	2.300000	0.000000	-0.000000	0.000000	1
12	0.200000	2.320000	0.000000	-0.000000	0.000000	1
12	0.200000	2.340000	0.000000	-0.000000	0.000000	1
12	0.200000	2.360000	0.000000	-0.000000	0.000000	1
12	0.200000	2.380000	0.000000	-0.000000	0.000000	1
12	0.200000	2.400000	0.000000	-0.000000	0.000000	1
12	0.200000	2.420000	0.000000	-0.000000	0.000000	1
12	0.200000	2.440000	0.000000	-0.000000	0.000000	1
12	0.200000	2.460000	0.000000	-0.000000	0.000000	1
12	0.200000	2.480000	0.000000	-0.000000	0.000000	1
12	0.200000	2.500000	0.000000	-0.000000	0.000000	1
12	0.200000	2.520000	0.000000	-0.000000	0.000000	1
12	0.200000	2.540000	0.000000	-0.000000	0.000000	1
12	0.200000	2.560000	0.000000	-0.000000	0.000000	1
12	0.200000	2.580000	0.000000	-0.000000	0.000000	1
12	0.200000	2.600000	0.000000	-0.000000	0.000000	1
12	0.200000	2.620000	0.000000	-0.000000	0.000000	1
12	0.200000	2.640000	0.000000	-0.000000	0.000000	1
12	0.200000	2.660000	0.000000	-0.000000	0.000000	1
12	0.200000	2.680000	0.000000	-0.000000	0.000000	1
12	0.200000	2.700000	0.000000	-0.000000	0.000000	1
12	0.200000	2.720000	0.000000	-0.000000	0.000000	1
12	0.200000	2.740000	0.000000	-0.000000	0.000000	1
12	0.200000	2.760000	0.000000	-0.000000	0.000000	1
12	0.200000	2.780000	0.000000	-0.000000	0.000000	1
12	0.200000	2.800000	0.000000	-0.000000	0.000000	1
12	0.200000	2.820000	0.000000	-0.000000	0.000000	1
12	0.200000	2.840000	0.000000	-0.000000	0.000000	1
12	0.200000	2.860000	0.000000	-0.000000	0.000000	1
12	0.200000	2.880000	0.000000	-0.000000	0.000000	1
12	0.200000	2.900000	0.000000	-0.000000	0.000000	1
12	0.200000	2.920000	0.000000	-0.000000	0.000000	1
12	0.200000	2.940000	0.000000	-0.000000	0.000000	1
12	0.200000	2.960000	0.000000	-0.000000	0.000000	1
12	0.200000	2.980000	0.000000	-0.000000	0.000000	1
12	0.200000	3.000000	0.000000	-0.000000	0.000000	1
12	0.200000	3.020000	0.000000	-0.000000	0.000000	1
12	0.200000	3.040000	0.000000	-0.000000	0.000000	1
12	0.200000	3.060000	0.000000	-0.000000	0.000000	1
12	0.200000	3.080000	0.000000	-0.000000	0.000000	1
12	0.200000	3.100000	0.000000	-0.000000	0.000000	1
12	0.200000	3.120000	0.000000	-0.000000	0.000000	1
12	0.200000	3.140000	0.000000	-0.000000	0.000000	1
12	0.200000	3.160000	0.000000	-0.000000	0.000000	1
12	0.200000	3.180000	0.000000	-0.000000	0.000000	1
12	0.200000	3.200000	0.000000	-0.000000	0.000000	1
12	0.200000	3.220000	0.000000	-0.000000	0.000000	1
12	0.200000	3.240000	0.000000	-0.000000	0.000000	1
12	0.200000	3.260000	0.000000	-0.000000	0.000000	1
12	0.200000	3.280000	0.000000	-0.000000	0.000000	1
12	0.200000	3.300000	0.000000	-0.000000	0.000000	1
12	0.200000	3.320000	0.000000	-0.000000	0.000000	1
12	0.200000	3.340000	0.000000	-0.000000	0.000000	1
12	0.200000	3.360000	0.000000	-0.000000	0.000000	1
12	0.200000	3.380000	0.000000	-0.000000	0.000000	1
12	0.200000	3.400000	0.000000	-0.000000	0.000000	1
12	0.200000	3.420000	0.000000	-0.000000	0.000000	1
12	0.200000	3.440000	0.000000	-0.000000	0.000000	1
12	0.200000	3.460000	0.000000	-0.000000	0.000000	1
12	0.200000	3.480000	0.000000	-0.000000	0.000000	1
12	0.200000	3.500000	0.000000	-0.000000	0.000000	1
12	0.200000	3.520000	0.000000	-0.000000	0.000000	1
12	0.200000	3.540000	0.000000	-0.000000	0.000000	1
12	0.200000	3.560000	0.000000	-0.000000	0.000000	1
12	0.200000	3.580000	0.000000	-0.000000	0.000000	1
12	0.200000	3.600000	0.000000	-0.000000	0.000000	1
12	0.200000	3.620000	0.000000	-0.000000	0.000000	1
12	0.200000	3.640000	0.000000	-0.000000	0.000000	1
12	0.200000	3.660000	0.000000	-0.000000	0.000000	1
12	0.200000	3.680000	0.000000	-0.000000	0.000000	1
12	0.200000	3.700000	0.000000	-0.000000	0.000000	1
12	0.200000	3.720000	0.000000	-0.000000	0.000000	1
12	0.200000	3.740000	0.000000	-0.000000	0.000000	1
12	0.200000	3.760000	0.000000	-0.000000	0.000000	1
12	0.200000	3.780000	0.000000	-0.000000	0.000000	1
12	0.200000	3.800000	0.000000	-0.000000	0.000000	1
12	0.200000	3.820000	0.000000	-0.000000	0.000000	1
12	0.200000	3.840000	0.000000	-0.000000	0.000000	1
12	0.200000	3.860000	0.000000	-0.000000	0.000000	1
12	0.200000	3.880000	0.000000	-0.000000	0.000000	1
12	0.200000	3.900000	0.000000	-0.000000	0.000000	1
12	0.200000	3.920000	0.000000	-0.000000	0.000000	1
12	0.200000	3.940000	0.000000	-0.000000	0.000000	1
12	0.200000	3.960000	0.000000	-0.000000	0.000000	1
12	0.200000	3.980000	0.000000	-0.000000	0.000000	1
12	0.300000	0.000000	0.000000	-0.000000	0.000000	1
12	0.300000	0.020000	0.000000	-0.000000	0.000000	1
12	0.300000	0.040000	0.000000	-0.000000	0.000000	1
12	0.300000	0.060000	0.000000	-0.000000	0.000000	1
12	0.300000	0.080000	0.000000	-0.000000	0.000000	1
12	0.300000	0.100000	0.000000	-0.000000	0.000000	1
12	0.300000	0.120000	0.000000	-0.000000	0.000000	1
12	0.300000	0.140000	0.000000	-0.000000	0.000000	1
12	0.300000	0.160000	0.000000	-0.000000	0.000000	1
12	0.300000	0.180000	0.000000	-0.000000	0.000000	1
12	0.300000	0.200000	0.000000	-0.000000	0.000000	1
12	0.300000	0.220000	0.000000	-0.000000	0.000000	1
12	0.300000	0.240000	0.000000	-0.000000	0.000000	1
12	0.300000	0.260000	0.000000	-0.000000	0.000000	1
12	0.300000	0.280000	0.018367	-0.000000	0.000000	1
12	0.300000	0.300000	0.018372	-0.000000	0.000000	1
12	0.300000	0.320000	0.018380	-0.000000	0.000000	1
12	0.300000	0.340000	0.018395	-0.000000	0.000000	1
12	0.300000	0.360000	0.018421	-0.000000	0.000000	1
12	0.300000	0.380000	0.018468	-0.000000	0.000000	1
12	0.300000	0.400000	0.018548	-0.000000	0.000000	1
12	0.300000	0.420000	0.018682	-0.000000	0.000000	1
12	0.300000	0.440000	0.018888	-0.000000	0.000000	1
12	0.300000	0.460000	0.019173	-0.000000	0.000000	1
12	0.300000	0.480000	0.019516	-0.000000	0.000000	1
12	0.300000	0.500000	0.019871	-0.000000	0.000000	1
12	0.300000	0.520000	0.020183	-0.000000	0.000000	1
12	0.300000	0.540000	0.020416	-0.000000	0.000000	1
12	0.300000	0.560000	0.020558	-0.000000	0.000000	1
12	0.300000	0.580000	0.020615	-0.000000	0.000000	1
12	0.300000	0.600000	0.020598	-0.000000	0.000000	1
12	0.300000	0.620000	0.020519	-0.000000	0.000000	1
12	0.300000	0.640000	0.020336	-0.000000	0.000000	1
12	0.300000	0.660000	0.017730	-0.000000	0.000000	1
12	0.300000	0.680000	0.017433	-0.000000	0.000000	1
12	0.300000	0.700000	0.017206	-0.000000	0.000000	1
12	0.300000	0.720000	0.017079	-0.000000	0.000000	1
12	0.300000	0.740000	0.017055	-0.000000	0.000000	1
12	0.300000	0.760000	0.017114	-0.000000	0.000000	1
12	0.300000	0.780000	0.017234	-0.000000	0.000000	1
12	0.300000	0.800000	0.017390	-0.000000	0.000000	1
12	0.300000	0.820000	0.017564	-0.000000	0.000000	1
12	0.300000	0.840000	0.017742	-0.000000	0.000000	1
12	0.300000	0.860000	0.020380	-0.000000	0.000000	1
12	0.300000	0.880000	0.026778	-0.000000	0.000000	1
12	0.300000	0.900000	0.026759	-0.000000	0.000000	1
12	0.300000	0.920000	0.026634	-0.000000	0.000000	1
12	0.300000	0.940000	0.025860	-0.000000	0.000000	1
12	0.300000	0.960000	0.024100	-0.000000	0.000000	1
12	0.300000	0.980000	0.023944	-0.000000	0.000000	1
12	0.300000	1.000000	0.024993	-0.000000	0.000000	1
12	0.300000	1.020000	0.026947	-0.000000	0.000000	1
12	0.300000	1.040000	0.030256	-0.000000	0.000000	1
12	0.300000	1.060000	0.035263	-0.000000	0.000000	1
12	0.300000	1.080000	0.041627	-0.000000	0.000000	1
12	0.300000	1.100000	0.031411	-0.000000	0.000000	1
12	0.300000	1.120000	0.016882	-0.000000	0.000000	1
12	0.300000	1.140000	0.016965	-0.000000	0.000000	1
12	0.300000	1.160000	0.017033	-0.000000	0.000000	1
12	0.300000	1.180000	0.017069	-0.000000	0.000000	1
12	0.300000	1.200000	0.017065	-0.000000	0.000000	1
12	0.300000	1.220000	0.017029	-0.000000	0.000000	1
12	0.300000	1.240000	0.016977	-0.000000	0.000000	1
12	0.300000	1.260000	0.018683	-0.000000	0.000000	1
12	0.300000	1.280000	0.018433	-0.000000	0.000000	1
12	0.300000	1.300000	0.017996	-0.000000	0.000000	1
12	0.300000	1.320000	0.017852	-0.000000	0.000000	1
12	0.300000	1.340000	0.017859	-0.000000	0.000000	1
12	0.300000	1.360000	0.018184	-0.000000	0.000000	1
12	0.300000	1.380000	0.018636	-0.000000	0.000000	1
12	0.300000	1.400000	0.019087	-0.000000	0.000000	1
12	0.300000	1.420000	0.019618	-0.000000	0.000000	1
12	0.300000	1.440000	0.020945	-0.000000	0.000000	1
12	0.300000	1.460000	0.022841	-0.000000	0.000000	1
12	0.300000	1.480000	0.023044	-0.000000	0.000000	1
12	0.300000	1.500000	0.021937	-0.000000	0.000000	1
12	0.300000	1.520000	0.019574	-0.000000	0.000000	1
12	0.300000	1.540000	0.018934	-0.000000	0.000000	1
12	0.300000	1.560000	0.020175	-0.000000	0.000000	1
12	0.300000	1.580000	0.020781	-0.000000	0.000000	1
12	0.300000	1.600000	0.000000	-0.000000	0.000000	1
12	0.300000	1.620000	0.000000	-0.000000	0.000000	1
12	0.300000	1.640000	0.000000	-0.000000	0.000000	1
12	0.300000	1.660000	0.000000	-0.000000	0.000000	1
12	0.300000	1.680000	0.000000	-0.000000	0.000000	1
12	0.300000	1.700000	0.000000	-0.000000	0.000000	1
12	0.300000	1.720000	0.000000	-0.000000	0.000000	1
12	0.300000	1.740000	0.000000	-0.000000	0.000000	1
12	0.300000	1.760000	0.000000	-0.000000	0.000000	1
12	0.300000	1.780000	0.000000	-0.000000	0.000000	1
12	0.300000	1.800000	0.000000	-0.000000	0.000000	1
12	0.300000	1.820000	0.000000	-0.000000	0.000000	1
12	0.300000	1.840000	0.000000	-0.000000	0.000000	1
12	0.300000	1.860000	0.000000	-0.000000	0.000000	1
12	0.300000	1.880000	0.000000	-0.000000	0.000000	1
12	0.300000	1.900000	0.000000	-0.000000	0.000000	1
12	0.300000	1.920000	0.000000	-0.000000	0.000000	1
12	0.300000	1.940000	0.000000	-0.000000	0.000000	1
12	0.300000	1.960000	0.000000	-0.000000	0.000000	1
12	0.300000	1.980000	0.000000	-0.000000	0.000000	1
12	0.300000	2.000000	0.000000	-0.000000	0.000000	1
12	0.300000	2.020000	0.000000	-0.000000	0.000000	1
12	0.300000	2.040000	0.000000	-0.000000	0.000000	1
12	0.300000	2.060000	0.000000	-0.000000	0.000000	1
12	0.300000	2.080000	0.000000	-0.000000	0.000000	1
12	0.300000	2.100000	0.000000	-0.000000	0.000000	1
12	0.300000	2.120000	0.000000	-0.000000	0.000000	1
12	0.300000	2.140000	0.000000	-0.000000	0.000000	1
12	0.300000	2.160000	0.000000	-0.000000	0.000000	1
12	0.300000	2.180000	0.000000	-0.000000	0.000000	1
12	0.300000	2.200000	0.000000	-0.000000	0.000000	1
12	0.300000	2.220000	0.000000	-0.000000	0.000000	1
12	0.300000	2.240000	0.000000	-0.000000	0.000000	1
12	0.300000	2.260000	0.000000	-0.000000	0.000000	1
12	0.300000	2.280000	0.000000	-0.000000	0.000000	1
12	0.300000	2.300000	0.000000	-0.000000	0.000000	1
12	0.300000	2.320000	0.000000	-0.000000	0.000000	1
12	0.300000	2.340000	0.000000	-0.000000	0.000000	1
12	0.300000	2.360000	0.000000	-0.000000	0.000000	1
12	0.300000	2.380000	0.000000	-0.000000	0.000000	1
12	0.300000	2.400000	0.000000	-0.000000	0.000000	1
12	0.300000	2.420000	0.000000	-0.000000	0.000000	1
12	0.300000	2.440000	0.000000	-0.000000	0.000000	1
12	0.300000	2.460000	0.000000	-0.000000	0.000000	1
12	0.300000	2.480000	0.000000	-0.000000	0.000000	1
12	0.300000	2.500000	0.000000	-0.000000	0.000000	1
12	0.300000	2.520000	0.000000	-0.000000	0.000000	1
12	0.300000	2.540000	0.000000	-0.000000	0.000000	1
12	0.300000	2.560000	0.000000	-0.000000	0.000000	1
12	0.300000	2.580000	0.000000	-0.000000	0.000000	1
12	0.300000	2.600000	0.000000	-0.000000	0.000000	1
12	0.300000	2.620000	0.000000	-0.000000	0.000000	1
12	0.300000	2.640000	0.000000	-0.000000	0.000000	1
12	0.300000	2.660000	0.000000	-0.000000	0.000000	1
12	0.300000	2.680000	0.000000	-0.000000	0.000000	1
12	0.300000	2.700000	0.000000	-0.000000	0.000000	1
12	0.300000	2.720000	0.000000	-0.000000	0.000000	1
12	0.300000	2.740000	0.000000	-0.000000	0.000000	1
12	0.300000	2.760000	0.000000	-0.000000	0.000000	1
12	0.300000	2.780000	0.000000	-0.000000	0.000000	1
12	0.300000	2.800000	0.000000	-0.000000	0.000000	1
12	0.300000	2.820000	0.000000	-0.000000	0.000000	1
12	0.300000	2.840000	0.000000	-0.000000	0.000000	1
12	0.300000	2.860000	0.000000	-0.000000	0.000000	1
12	0.300000	2.880000	0.000000	-0.000000	0.000000	1
12	0.300000	2.900000	0.000000	-0.000000	0.000000	1
12	0.300000	2.920000	0.000000	-0.000000	0.000000	1
12	0.300000	2.940000	0.000000	-0.000000	0.000000	1
12	0.300000	2.960000	0.000000	-0.000000	0.000000	1
12	0.300000	2.980000	0.000000	-0.000000	0.000000	1
12	0.300000	3.000000	0.000000	-0.000000	0.000000	1
12	0.300000	3.020000	0.000000	-0.000000	0.000000	1
12	0.300000	3.040000	0.000000	-0.000000	0.000000	1
12	0.300000	3.060000	0.000000	-0.000000	0.000000	1
12	0.300000	3.080000	0.000000	-0.000000	0.000000	1
12	0.300000	3.100000	0.000000	-0.000000	0.000000	1
12	0.300000	3.120000	0.000000	-0.000000	0.000000	1
12	0.300000	3.140000	0.000000	-0.000000	0.000000	1
12	0.300000	3.160000	0.000000	-0.000000	0.000000	1
12	0.300000	3.180000	0.000000	-0.000000	0.000000	1
12	0.300000	3.200000	0.000000	-0.000000	0.000000	1
12	0.300000	3.220000	0.000000	-0.000000	0.000000	1
12	0.300000	3.240000	0.000000	-0.000000	0.000000	1
12	0.300000	3.260000	0.000000	-0.000000	0.000000	1
12	0.300000	3.280000	0.000000	-0.000000	0.000000	1
12	0.300000	3.300000	0.000000	-0.000000	0.000000	1
12	0.300000	3.320000	0.000000	-0.000000	0.000000	1
12	0.300000	3.340000	0.000000	-0.000000	0.000000	1
12	0.300000	3.360000	0.000000	-0.000000	0.000000	1
12	0.300000	3.380000	0.000000	-0.000000	0.000000	1
12	0.300000	3.400000	0.000000	-0.000000	0.000000	1
12	0.300000	3.420000	0.000000	-0.000000	0.000000	1
12	0.300000	3.440000	0.000000	-0.000000	0.000000	1
12	0.300000	3.460000	0.000000	-0.000000	0.000000	1
12	0.300000	3.480000	0.000000	-0.000000	0.000000	1
12	0.300000	3.500000	0.000000	-0.000000	0.000000	1
12	0.300000	3.520000	0.000000	-0.000000	0.000000	1
12	0.300000	3.540000	0.000000	-0.000000	0.000000	1
12	0.300000	3.560000	0.000000	-0.000000	0.000000	1
12	0.300000	3.580000	0.000000	-0.000000	0.000000	1
12	0.300000	3.600000	0.000000	-0.000000	0.000000	1
12	0.300000	3.620000	0.000000	-0.000000	0.000000	1
12	0.300000	3.640000	0.000000	-0.000000	0.000000	1
12	0.300000	3.660000	0.000000	-0.000000	0.000000	1
12	0.300000	3.680000	0.000000	-0.000000	0.000000	1
12	0.300000	3.700000	0.000000	-0.000000	0.000000	1
12	0.300000	3.720000	0.000000	-0.000000	0.000000	1
12	0.300000	3.740000	0.000000	-0.000000	0.000000	1
12	0.300000	3.760000	0.000000	-0.000000	0.000000	1
12	0.300000	3.780000	0.000000	-0.000000	0.000000	1
12	0.300000	3.800000	0.000000	-0.000000	0.000000	1
12	0.300000	3.820000	0.000000	-0.000000	0.000000	1
12	0.300000	3.840000	0.000000	-0.000000	0.000000	1
12	0.300000	3.860000	0.000000	-0.000000	0.000000	1
12	0.300000	3.880000	0.000000	-0.000000	0.000000	1
12	0.300000	3.900000	0.000000	-0.000000	0.000000	1
12	0.300000	3.920000	0.000000	-0.000000	0.000000	1
12	0.300000	3.940000	0.000000	-0.000000	0.000000	1
12	0.300000	3.960000	0.000000	-0.000000	0.000000	1
12	0.300000	3.980000	0.000000	-0.000000	0.000000	1
12	0.400000	0.000000	0.000000	-0.000000	0.000000	1
12	0.400000	0.020000	0.000000	-0.000000	0.000000	1
12	0.400000	0.040000	0.000000	-0.000000	0.000000	1
12	0.400000	0.060000	0.000000	-0.000000	0.000000	1
12	0.400000	0.080000	0.000000	-0.000000	0.000000	1
12	0.400000	0.100000	0.000000	-0.000000	0.000000	1
12	0.400000	0.120000	0.000000	-0.000000	0.000000	1
12	0.400000	0.140000	0.000000	-0.000000	0.000000	1
12	0.400000	0.160000	0.000000	-0.000000	0.000000	1
12	0.400000	0.180000	0.000000	-0.000000	0.000000	1
12	0.400000	0.200000	0.000000	-0.000000	0.000000	1
12	0.400000	0.220000	0.000000	-0.000000	0.000000	1
12	0.400000	0.240000	0.000000	-0.000000	0.000000	1
12	0.400000	0.260000	0.000000	-0.000000	0.000000	1
12	0.400000	0.280000	0.018380	-0.000000	0.000000	1
12	0.400000	0.300000	0.018379	-0.000000	0.000000	1
12	0.400000	0.320000	0.018378	-0.000000	0.000000	1
12	0.400000	0.340000	0.018377	-0.000000	0.000000	1
12	0.400000	0.360000	0.018377	-0.000000	0.000000	1
12	0.400000	0.380000	0.018379	-0.000000	0.000000	1
12	0.400000	0.400000	0.018392	-0.000000	0.000000	1
12	0.400000	0.420000	0.018429	-0.000000	0.000000	1
12	0.400000	0.440000	0.018526	-0.000000	0.000000	1
12	0.400000	0.460000	0.018738	-0.000000	0.000000	1
12	0.400000	0.480000	0.019117	-0.000000	0.000000	1
12	0.400000	0.500000	0.019627	-0.000000	0.000000	1
12	0.400000	0.520000	0.020125	-0.000000	0.000000	1
12	0.400000	0.540000	0.020478	-0.000000	0.000000	1
12	0.400000	0.560000	0.020649	-0.000000	0.000000	1
12	0.400000	0.580000	0.020657	-0.000000	0.000000	1
12	0.400000	0.600000	0.020533	-0.000000	0.000000	1
12	0.400000	0.620000	0.020306	-0.000000	0.000000	1
12	0.400000	0.640000	0.019972	-0.000000	0.000000	1
12	0.400000	0.660000	0.019040	-0.000000	0.000000	1
12	0.400000	0.680000	0.018654	-0.000000	0.000000	1
12	0.400000	0.700000	0.018231	-0.000000	0.000000	1
12	0.400000	0.720000	0.017889	-0.000000	0.000000	1
12	0.400000	0.740000	0.017696	-0.000000	0.000000	1
12	0.400000	0.760000	0.017648	-0.000000	0.000000	1
12	0.400000	0.780000	0.017704	-0.000000	0.000000	1
12	0.400000	0.800000	0.017826	-0.000000	0.000000	1
12	0.400000	0.820000	0.017983	-0.000000	0.000000	1
12	0.400000	0.840000	0.018151	-0.000000	0.000000	1
12	0.400000	0.860000	0.026138	-0.000000	0.000000	1
12	0.400000	0.880000	0.026383	-0.000000	0.000000	1
12	0.400000	0.900000	0.026380	-0.000000	0.000000	1
12	0.400000	0.920000	0.026332	-0.000000	0.000000	1
12	0.400000	0.940000	0.025670	-0.000000	0.000000	1
12	0.400000	0.960000	0.023242	-0.000000	0.000000	1
12	0.400000	0.980000	0.023380	-0.000000	0.000000	1
12	0.400000	1.000000	0.024669	-0.000000	0.000000	1
12	0.400000	1.020000	0.027440	-0.000000	0.000000	1
12	0.400000	1.040000	0.033332	-0.000000	0.000000	1
12	0.400000	1.060000	0.043118	-0.000000	0.000000	1
12	0.400000	1.080000	0.054185	-0.000000	0.000000	1
12	0.400000	1.100000	0.040328	-0.000000	0.000000	1
12	0.400000	1.120000	0.016411	-0.000000	0.000000	1
12	0.400000	1.140000	0.016640	-0.000000	0.000000	1
12	0.400000	1.160000	0.016869	-0.000000	0.000000	1
12	0.400000	1.180000	0.017021	-0.000000	0.000000	1
12	0.400000	1.200000	0.017065	-0.000000	0.000000	1
12	0.400000	1.220000	0.017025	-0.000000	0.000000	1
12	0.400000	1.240000	0.016967	-0.000000	0.000000	1
12	0.400000	1.260000	0.019752	-0.000000	0.000000	1
12	0.400000	1.280000	0.018925	-0.000000	0.000000	1
12	0.400000	1.300000	0.018065	-0.000000	0.000000	1
12	0.400000	1.320000	0.017827	-0.000000	0.000000	1
12	0.400000	1.340000	0.017855	-0.000000	0.000000	1
12	0.400000	1.360000	0.018328	-0.000000	0.000000	1
12	0.400000	1.380000	0.019051	-0.000000	0.000000	1
12	0.400000	1.400000	0.019878	-0.000000	0.000000	1
12	0.400000	1.420000	0.020906	-0.000000	0.000000	1
12	0.400000	1.440000	0.021916	-0.000000	0.000000	1
12	0.400000	1.460000	0.022564	-0.000000	0.000000	1
12	0.400000	1.480000	0.022945	-0.000000	0.000000	1
12	0.400000	1.500000	0.021900	-0.000000	0.000000	1
12	0.400000	1.520000	0.019580	-0.000000	0.000000	1
12	0.400000	1.540000	0.018937	-0.000000	0.000000	1
12	0.400000	1.560000	0.020274	-0.000000	0.000000	1
12	0.400000	1.580000	0.021053	-0.000000	0.000000	1
12	0.400000	1.600000	0.022699	-0.000000	0.000000	1
12	0.400000	1.620000	0.000000	-0.000000	0.000000	1
12	0.400000	1.640000	0.000000	-0.000000	0.000000	1
12	0.400000	1.660000	0.000000	-0.000000	0.000000	1
12	0.400000	1.680000	0.000000	-0.000000	0.000000	1
12	0.400000	1.700000	0.000000	-0.000000	0.000000	1
12	0.400000	1.720000	0.000000	-0.000000	0.000000	1
12	0.400000	1.740000	0.000000	-0.000000	0.000000	1
12	0.400000	1.760000	0.000000	-0.000000	0.000000	1
12	0.400000	1.780000	0.000000	-0.000000	0.000000	1
12	0.400000	1.800000	0.000000	-0.000000	0.000000	1
12	0.400000	1.820000	0.000000	-0.000000	0.000000	1
12	0.400000	1.840000	0.000000	-0.000000	0.000000	1
12	0.400000	1.860000	0.000000	-0.000000	0.000000	1
12	0.400000	1.880000	0.000000	-0.000000	0.000000	1
12	0.400000	1.900000	0.000000	-0.000000	0.000000	1
12	0.400000	1.920000	0.000000	-0.000000	0.000000	1
12	0.400000	1.940000	0.000000	-0.000000	0.000000	1
12	0.400000	1.960000	0.000000	-0.000000	0.000000	1
12	0.400000	1.980000	0.000000	-0.000000	0.000000	1
12	0.400000	2.000000	0.000000	-0.000000	0.000000	1
12	0.400000	2.020000	0.000000	-0.000000	0.000000	1
12	0.400000	2.040000	0.000000	-0.000000	0.000000	1
12	0.400000	2.060000	0.000000	-0.000000	0.000000	1
12	0.400000	2.080000	0.000000	-0.000000	0.000000	1
12	0.400000	2.100000	0.000000	-0.000000	0.000000	1
12	0.400000	2.120000	0.000000	-0.000000	0.000000	1
12	0.400000	2.140000	0.000000	-0.000000	0.000000	1
12	0.400000	2.160000	0.000000	-0.000000	0.000000	1
12	0.400000	2.180000	0.000000	-0.000000	0.000000	1
12	0.400000	2.200000	0.000000	-0.000000	0.000000	1
12	0.400000	2.220000	0.000000	-0.000000	0.000000	1
12	0.400000	2.240000	0.000000	-0.000000	0.000000	1
12	0.400000	2.260000	0.000000	-0.000000	0.000000	1
12	0.400000	2.280000	0.000000	-0.000000	0.000000	1
12	0.400000	2.300000	0.000000	-0.000000	0.000000	1
12	0.400000	2.320000	0.000000	-0.000000	0.000000	1
12	0.400000	2.340000	0.000000	-0.000000	0.000000	1
12	0.400000	2.360000	0.000000	-0.000000	0.000000	1
12	0.400000	2.380000	0.000000	-0.000000	0.000000	1
12	0.400000	2.400000	0.000000	-0.000000	0.000000	1
12	0.400000	2.420000	0.000000	-0.000000	0.000000	1
12	0.400000	2.440000	0.000000	-0.000000	0.000000	1
12	0.400000	2.460000	0.000000	-0.000000	0.000000	1
12	0.400000	2.480000	0.000000	-0.000000	0.000000	1
12	0.400000	2.500000	0.000000	-0.000000	0.000000	1
12	0.400000	2.520000	0.000000	-0.000000	0.000000	1
12	0.400000	2.540000	0.000000	-0.000000	0.000000	1
12	0.400000	2.560000	0.000000	-0.000000	0.000000	1
12	0.400000	2.580000	0.000000	-0.000000	0.000000	1
12	0.400000	2.600000	0.000000	-0.000000	0.000000	1
12	0.400000	2.620000	0.000000	-0.000000	0.000000	1
12	0.400000	2.640000	0.000000	-0.000000	0.000000	1
12	0.400000	2.660000	0.000000	-0.000000	0.000000	1
12	0.400000	2.680000	0.000000	-0.000000	0.000000	1
12	0.400000	2.700000	0.000000	-0.000000	0.000000	1
12	0.400000	2.720000	0.000000	-0.000000	0.000000	1
12	0.400000	2.740000	0.000000	-0.000000	0.000000	1
12	0.400000	2.760000	0.000000	-0.000000	0.000000	1
12	0.400000	2.780000	0.000000	-0.000000	0.000000	1
12	0.400000	2.800000	0.000000	-0.000000	0.000000	1
12	0.400000	2.820000	0.000000	-0.000000	0.000000	1
12	0.400000	2.840000	0.000000	-0.000000	0.000000	1
12	0.400000	2.860000	0.000000	-0.000000	0.000000	1
12	0.400000	2.880000	0.000000	-0.000000	0.000000	1
12	0.400000	2.900000	0.000000	-0.000000	0.000000	1
12	0.400000	2.920000	0.000000	-0.000000	0.000000	1
12	0.400000	2.940000	0.000000	-0.000000	0.000000	1
12	0.400000	2.960000	0.000000	-0.000000	0.000000	1
12	0.400000	2.980000	0.000000	-0.000000	0.000000	1
12	0.400000	3.000000	0.000000	-0.000000	0.000000	1
12	0.400000	3.020000	0.000000	-0.000000	0.000000	1
12	0.400000	3.040000	0.000000	-0.000000	0.000000	1
12	0.400000	3.060000	0.000000	-0.000000	0.000000	1
12	0.400000	3.080000	0.000000	-0.000000	0.000000	1
12	0.400000	3.100000	0.000000	-0.000000	0.000000	1
12	0.400000	3.120000	0.000000	-0.000000	0.000000	1
12	0.400000	3.140000	0.000000	-0.000000	0.000000	1
12	0.400000	3.160000	0.000000	-0.000000	0.000000	1
12	0.400000	3.180000	0.000000	-0.000000	0.000000	1
12	0.400000	3.200000	0.000000	-0.000000	0.000000	1
12	0.400000	3.220000	0.000000	-0.000000	0.000000	1
12	0.400000	3.240000	0.000000	-0.000000	0.000000	1
12	0.400000	3.260000	0.000000	-0.000000	0.000000	1
12	0.400000	3.280000	0.000000	-0.000000	0.000000	1
12	0.400000	3.300000	0.000000	-0.000000	0.000000	1
12	0.400000	3.320000	0.000000	-0.000000	0.000000	1
12	0.400000	3.340000	0.000000	-0.000000	0.000000	1
12	0.400000	3.360000	0.000000	-0.000000	0.000000	1
12	0.400000	3.380000	0.000000	-0.000000	0.000000	1
12	0.400000	3.400000	0.000000	-0.000000	0.000000	1
12	0.400000	3.420000	0.000000	-0.000000	0.000000	1
12	0.400000	3.440000	0.000000	-0.000000	0.000000	1
12	0.400000	3.460000	0.000000	-0.000000	0.000000	1
12	0.400000	3.480000	0.000000	-0.000000	0.000000	1
12	0.400000	3.500000	0.000000	-0.000000	0.000000	1
12	0.400000	3.520000	0.000000	-0.000000	0.000000	1
12	0.400000	3.540000	0.000000	-0.000000	0.000000	1
12	0.400000	3.560000	0.000000	-0.000000	0.000000	1
12	0.400000	3.580000	0.000000	-0.000000	0.000000	1
12	0.400000	3.600000	0.000000	-0.000000	0.000000	1
12	0.400000	3.620000	0.000000	-0.000000	0.000000	1
12	0.400000	3.640000	0.000000	-0.000000	0.000000	1
12	0.400000	3.660000	0.000000	-0.000000	0.000000	1
12	0.400000	3.680000	0.000000	-0.000000	0.000000	1
12	0.400000	3.700000	0.000000	-0.000000	0.000000	1
12	0.400000	3.720000	0.000000	-0.000000	0.000000	1
12	0.400000	3.740000	0.000000	-0.000000	0.000000	1
12	0.400000	3.760000	0.000000	-0.000000	0.000000	1
12	0.400000	3.780000	0.000000	-0.000000	0.000000	1
12	0.400000	3.800000	0.000000	-0.000000	0.000000	1
12	0.400000	3.820000	0.000000	-0.000000	0.000000	1
12	0.400000	3.840000	0.000000	-0.000000	0.000000	1
12	0.400000	3.860000	0.000000	-0.000000	0.000000	1
12	0.400000	3.880000	0.000000	-0.000000	0.000000	1
12	0.400000	3.900000	0.000000	-0.000000	0.000000	1
12	0.400000	3.920000	0.000000	-0.000000	0.000000	1
12	0.400000	3.940000	0.000000	-0.000000	0.000000	1
12	0.400000	3.960000	0.000000	-0.000000	0.000000	1
12	0.400000	3.980000	0.000000	-0.000000	0.000000	1
12	0.500000	0.000000	0.000000	-0.000000	0.000000	1
12	0.500000	0.020000	0.000000	-0.000000	0.000000	1
12	0.500000	0.040000	0.000000	-0.000000	0.000000	1
12	0.500000	0.060000	0.000000	-0.000000	0.000000	1
12	0.500000	0.080000	0.000000	-0.000000	0.000000	1
12	0.500000	0.100000	0.000000	-0.000000	0.000000	1
12	0.500000	0.120000	0.000000	-0.000000	0.000000	1
12	0.500000	0.140000	0.000000	-0.000000	0.000000	1
12	0.500000	0.160000	0.000000	-0.000000	0.000000	1
12	0.500000	0.180000	0.000000	-0.000000	0.000000	1
12	0.500000	0.200000	0.000000	-0.000000	0.000000	1
12	0.500000	0.220000	0.000000	-0.000000	0.000000	1
12	0.500000	0.240000	0.000000	-0.000000	0.000000	1
12	0.500000	0.260000	0.000000	-0.000000	0.000000	1
12	0.500000	0.280000	0.018457	-0.000000	0.000000	1
12	0.500000	0.300000	0.018456	-0.000000	0.000000	1
12	0.500000	0.320000	0.018456	-0.000000	0.000000	1
12	0.500000	0.340000	0.018454	-0.000000	0.000000	1
12	0.500000	0.360000	0.018452	-0.000000	0.000000	1
12	0.500000	0.380000	0.018449	-0.000000	0.000000	1
12	0.500000	0.400000	0.018444	-0.000000	0.000000	1
12	0.500000	0.420000	0.018440	-0.000000	0.000000	1
12	0.500000	0.440000	0.018452	-0.000000	0.000000	1
12	0.500000	0.460000	0.018533	-0.000000	0.000000	1
12	0.500000	0.480000	0.018809	-0.000000	0.000000	1
12	0.500000	0.500000	0.019389	-0.000000	0.000000	1
12	0.500000	0.520000	0.020085	-0.000000	0.000000	1
12	0.500000	0.540000	0.020569	-0.000000	0.000000	1
12	0.500000	0.560000	0.020743	-0.000000	0.000000	1
12	0.500000	0.580000	0.020653	-0.000000	0.000000	1
12	0.500000	0.600000	0.020355	-0.000000	0.000000	1
12	0.500000	0.620000	0.019910	-0.000000	0.000000	1
12	0.500000	0.640000	0.019486	-0.000000	0.000000	1
12	0.500000	0.660000	0.019922	-0.000000	0.000000	1
12	0.500000	0.680000	0.019485	-0.000000	0.000000	1
12	0.500000	0.700000	0.018803	-0.000000	0.000000	1
12	0.500000	0.720000	0.018123	-0.000000	0.000000	1
12	0.500000	0.740000	0.017731	-0.000000	0.000000	1
12	0.500000	0.760000	0.017639	-0.000000	0.000000	1
12	0.500000	0.780000	0.017731	-0.000000	0.000000	1
12	0.500000	0.800000	0.017916	-0.000000	0.000000	1
12	0.500000	0.820000	0.018136	-0.000000	0.000000	1
12	0.500000	0.840000	0.018520	-0.000000	0.000000	1
12	0.500000	0.860000	0.025421	-0.000000	0.000000	1
12	0.500000	0.880000	0.025426	-0.000000	0.000000	1
12	0.500000	0.900000	0.025425	-0.000000	0.000000	1
12	0.500000	0.920000	0.025392	-0.000000	0.000000	1
12	0.500000	0.940000	0.024478	-0.000000	0.000000	1
12	0.500000	0.960000	0.022197	-0.000000	0.000000	1
12	0.500000	0.980000	0.022970	-0.000000	0.000000	1
12	0.500000	1.000000	0.024232	-0.000000	0.000000	1
12	0.500000	1.020000	0.027506	-0.000000	0.000000	1
12	0.500000	1.040000	0.036780	-0.000000	0.000000	1
12	0.500000	1.060000	0.053091	-0.000000	0.000000	1
12	0.500000	1.080000	0.067263	-0.000000	0.000000	1
12	0.500000	1.100000	0.053924	-0.000000	0.000000	1
12	0.500000	1.120000	0.015838	-0.000000	0.000000	1
12	0.500000	1.140000	0.016213	-0.000000	0.000000	1
12	0.500000	1.160000	0.016660	-0.000000	0.000000	1
12	0.500000	1.180000	0.016978	-0.000000	0.000000	1
12	0.500000	1.200000	0.017077	-0.000000	0.000000	1
12	0.500000	1.220000	0.017026	-0.000000	0.000000	1
12	0.500000	1.240000	0.016990	-0.000000	0.000000	1
12	0.500000	1.260000	0.020843	-0.000000	0.000000	1
12	0.500000	1.280000	0.019413	-0.000000	0.000000	1
12	0.500000	1.300000	0.018103	-0.000000	0.000000	1
12	0.500000	1.320000	0.017815	-0.000000	0.000000	1
12	0.500000	1.340000	0.017888	-0.000000	0.000000	1
12	0.500000	1.360000	0.018501	-0.000000	0.000000	1
12	0.500000	1.380000	0.019485	-0.000000	0.000000	1
12	0.500000	1.400000	0.020772	-0.000000	0.000000	1
12	0.500000	1.420000	0.022427	-0.000000	0.000000	1
12	0.500000	1.440000	0.022964	-0.000000	0.000000	1
12	0.500000	1.460000	0.022372	-0.000000	0.000000	1
12	0.500000	1.480000	0.022944	-0.000000	0.000000	1
12	0.500000	1.500000	0.021914	-0.000000	0.000000	1
12	0.500000	1.520000	0.019590	-0.000000	0.000000	1
12	0.500000	1.540000	0.018922	-0.000000	0.000000	1
12	0.500000	1.560000	0.020286	-0.000000	0.000000	1
12	0.500000	1.580000	0.020991	-0.000000	0.000000	1
12	0.500000	1.600000	0.023004	-0.000000	0.000000	1
12	0.500000	1.620000	0.000000	-0.000000	0.000000	1
12	0.500000	1.640000	0.000000	-0.000000	0.000000	1
12	0.500000	1.660000	0.000000	-0.000000	0.000000	1
12	0.500000	1.680000	0.000000	-0.000000	0.000000	1
12	0.500000	1.700000	0.000000	-0.000000	0.000000	1
12	0.500000	1.720000	0.000000	-0.000000	0.000000	1
12	0.500000	1.740000	0.000000	-0.000000	0.000000	1
12	0.500000	1.760000	0.000000	-0.000000	0.000000	1
12	0.500000	1.780000	0.000000	-0.000000	0.000000	1
12	0.500000	1.800000	0.000000	-0.000000	0.000000	1
12	0.500000	1.820000	0.000000	-0.000000	0.000000	1
12	0.500000	1.840000	0.000000	-0.000000	0.000000	1
12	0.500000	1.860000	0.000000	-0.000000	0.000000	1
12	0.500000	1.880000	0.000000	-0.000000	0.000000	1
12	0.500000	1.900000	0.000000	-0.000000	0.000000	1
12	0.500000	1.920000	0.000000	-0.000000	0.000000	1
12	0.500000	1.940000	0.000000	-0.000000	0.000000	1
12	0.500000	1.960000	0.000000	-0.000000	0.000000	1
12	0.500000	1.980000	0.000000	-0.000000	0.000000	1
12	0.500000	2.000000	0.000000	-0.000000	0.000000	1
12	0.500000	2.020000	0.000000	-0.000000	0.000000	1
12	0.500000	2.040000	0.000000	-0.000000	0.000000	1
12	0.500000	2.060000	0.000000	-0.000000	0.000000	1
12	0.500000	2.080000	0.000000	-0.000000	0.000000	1
12	0.500000	2.100000	0.000000	-0.000000	0.000000	1
12	0.500000	2.120000	0.000000	-0.000000	0.000000	1
12	0.500000	2.140000	0.000000	-0.000000	0.000000	1
12	0.500000	2.160000	0.000000	-0.000000	0.000000	1
12	0.500000	2.180000	0.000000	-0.000000	0.000000	1
12	0.500000	2.200000	0.000000	-0.000000	0.000000	1
12	0.500000	2.220000	0.000000	-0.000000	0.000000	1
12	0.500000	2.240000	0.000000	-0.000000	0.000000	1
12	0.500000	2.260000	0.000000	-0.000000	0.000000	1
12	0.500000	2.280000	0.000000	-0.000000	0.000000	1
12	0.500000	2.300000	0.000000	-0.000000	0.000000	1
12	0.500000	2.320000	0.000000	-0.000000	0.000000	1
12	0.500000	2.340000	0.000000	-0.000000	0.000000	1
12	0.500000	2.360000	0.000000	-0.000000	0.000000	1
12	0.500000	2.380000	0.000000	-0.000000	0.000000	1
12	0.500000	2.400000	0.000000	-0.000000	0.000000	1
12	0.500000	2.420000	0.000000	-0.000000	0.000000	1
12	0.500000	2.440000	0.000000	-0.000000	0.000000	1
12	0.500000	2.460000	0.000000	-0.000000	0.000000	1
12	0.500000	2.480000	0.000000	-0.000000	0.000000	1
12	0.500000	2.500000	0.000000	-0.000000	0.000000	1
12	0.500000	2.520000	0.000000	-0.000000	0.000000	1
12	0.500000	2.540000	0.000000	-0.000000	0.000000	1
12	0.500000	2.560000	0.000000	-0.000000	0.000000	1
12	0.500000	2.580000	0.000000	-0.000000	0.000000	1
12	0.500000	2.600000	0.000000	-0.000000	0.000000	1
12	0.500000	2.620000	0.000000	-0.000000	0.000000	1
12	0.500000	2.640000	0.000000	-0.000000	0.000000	1
12	0.500000	2.660000	0.000000	-0.000000	0.000000	1
12	0.500000	2.680000	0.000000	-0.000000	0.000000	1
12	0.500000	2.700000	0.000000	-0.000000	0.000000	1
12	0.500000	2.720000	0.000000	-0.000000	0.000000	1
12	0.500000	2.740000	0.000000	-0.000000	0.000000	1
12	0.500000	2.760000	0.000000	-0.000000	0.000000	1
12	0.500000	2.780000	0.000000	-0.000000	0.000000	1
12	0.500000	2.800000	0.000000	-0.000000	0.000000	1
12	0.500000	2.820000	0.000000	-0.000000	0.000000	1
12	0.500000	2.840000	0.000000	-0.000000	0.000000	1
12	0.500000	2.860000	0.000000	-0.000000	0.000000	1
12	0.500000	2.880000	0.000000	-0.000000	0.000000	1
12	0.500000	2.900000	0.000000	-0.000000	0.000000	1
12	0.500000	2.920000	0.000000	-0.000000	0.000000	1
12	0.500000	2.940000	0.000000	-0.000000	0.000000	1
12	0.500000	2.960000	0.000000	-0.000000	0.000000	1
12	0.500000	2.980000	0.000000	-0.000000	0.000000	1
12	0.500000	3.000000	0.000000	-0.000000	0.000000	1
12	0.500000	3.020000	0.000000	-0.000000	0.000000	1
12	0.500000	3.040000	0.000000	-0.000000	0.000000	1
12	0.500000	3.060000	0.000000	-0.000000	0.000000	1
12	0.500000	3.080000	0.000000	-0.000000	0.000000	1
12	0.500000	3.100000	0.000000	-0.000000	0.000000	1
12	0.500000	3.120000	0.000000	-0.000000	0.000000	1
12	0.500000	3.140000	0.000000	-0.000000	0.000000	1
12	0.500000	3.160000	0.000000	-0.000000	0.000000	1
12	0.500000	3.180000	0.000000	-0.000000	0.000000	1
12	0.500000	3.200000	0.000000	-0.000000	0.000000	1
12	0.500000	3.220000	0.000000	-0.000000	0.000000	1
12	0.500000	3.240000	0.000000	-0.000000	0.000000	1
12	0.500000	3.260000	0.000000	-0.000000	0.000000	1
12	0.500000	3.280000	0.000000	-0.000000	0.000000	1
12	0.500000	3.300000	0.000000	-0.000000	0.000000	1
12	0.500000	3.320000	0.000000	-0.000000	0.000000	1
12	0.500000	3.340000	0.000000	-0.000000	0.000000	1
12	0.500000	3.360000	0.000000	-0.000000	0.000000	1
12	0.500000	3.380000	0.000000	-0.000000	0.000000	1
12	0.500000	3.400000	0.000000	-0.000000	0.000000	1
12	0.500000	3.420000	0.000000	-0.000000	0.000000	1
12	0.500000	3.440000	0.000000	-0.000000	0.000000	1
12	0.500000	3.460000	0.000000	-0.000000	0.000000	1
12	0.500000	3.480000	0.000000	-0.000000	0.000000	1
12	0.500000	3.500000	0.000000	-0.000000	0.000000	1
12	0.500000	3.520000	0.000000	-0.000000	0.000000	1
12	0.500000	3.540000	0.000000	-0.000000	0.000000	1
12	0.500000	3.560000	0.000000	-0.000000	0.000000	1
12	0.500000	3.580000	0.000000	-0.000000	0.000000	1
12	0.500000	3.600000	0.000000	-0.000000	0.000000	1
12	0.500000	3.620000	0.000000	-0.000000	0.000000	1
12	0.500000	3.640000	0.000000	-0.000000	0.000000	1
12	0.500000	3.660000	0.000000	-0.000000	0.000000	1
12	0.500000	3.680000	0.000000	-0.000000	0.000000	1
12	0.500000	3.700000	0.000000	-0.000000	0.000000	1
12	0.500000	3.720000	0.000000	-0.000000	0.000000	1
12	0.500000	3.740000	0.000000	-0.000000	0.000000	1
12	0.500000	3.760000	0.000000	-0.000000	0.000000	1
12	0.500000	3.780000	0.000000	-0.000000	0.000000	1
12	0.500000	3.800000	0.000000	-0.000000	0.000000	1
12	0.500000	3.820000	0.000000	-0.000000	0.000000	1
12	0.500000	3.840000	0.000000	-0.000000	0.000000	1
12	0.500000	3.860000	0.000000	-0.000000	0.000000	1
12	0.500000	3.880000	0.000000	-0.000000	0.000000	1
12	0.500000	3.900000	0.000000	-0.000000	0.000000	1
12	0.500000	3.920000	0.000000	-0.000000	0.000000	1
12	0.500000	3.940000	0.000000	-0.000000	0.000000	1
12	0.500000	3.960000	0.000000	-0.000000	0.000000	1
12	0.500000	3.980000	0.000000	-0.000000	0.000000	1
12	0.600000	0.000000	0.000000	-0.000000	0.000000	1
12	0.600000	0.020000	0.000000	-0.000000	0.000000	1
12	0.600000	0.040000	0.000000	-0.000000	0.000000	1
12	0.600000	0.060000	0.000000	-0.000000	0.000000	1
12	0.600000	0.080000	0.000000	-0.000000	0.000000	1
12	0.600000	0.100000	0.000000	-0.000000	0.000000	1
12	0.600000	0.120000	0.000000	-0.000000	0.000000	1
12	0.600000	0.140000	0.000000	-0.000000	0.000000	1
12	0.600000	0.160000	0.000000	-0.000000	0.000000	1
12	0.600000	0.180000	0.000000	-0.000000	0.000000	1
12	0.600000	0.200000	0.000000	-0.000000	0.000000	1
12	0.600000	0.220000	0.000000	-0.000000	0.000000	1
12	0.600000	0.240000	0.000000	-0.000000	0.000000	1
12	0.600000	0.260000	0.018608	-0.000000	0.000000	1
12	0.600000	0.280000	0.018608	-0.000000	0.000000	1
12	0.600000	0.300000	0.018608	-0.000000	0.000000	1
12	0.600000	0.320000	0.018607	-0.000000	0.000000	1
12	0.600000	0.340000	0.018607	-0.000000	0.000000	1
12	0.600000	0.360000	0.018606	-0.000000	0.000000	1
12	0.600000	0.380000	0.018605	-0.000000	0.000000	1
12	0.600000	0.400000	0.018601	-0.000000	0.000000	1
12	0.600000	0.420000	0.018593	-0.000000	0.000000	1
12	0.600000	0.440000	0.018580	-0.000000	0.000000	1
12	0.600000	0.460000	0.018577	-0.000000	0.000000	1
12	0.600000	0.480000	0.018692	-0.000000	0.000000	1
12	0.600000	0.500000	0.019215	-0.000000	0.000000	1
12	0.600000	0.520000	0.020081	-0.000000	0.000000	1
12	0.600000	0.540000	0.020686	-0.000000	0.000000	1
12	0.600000	0.560000	0.020837	-0.000000	0.000000	1
12	0.600000	0.580000	0.020598	-0.000000	0.000000	1
12	0.600000	0.600000	0.020050	-0.000000	0.000000	1
12	0.600000	0.620000	0.019325	-0.000000	0.000000	1
12	0.600000	0.640000	0.019348	-0.000000	0.000000	1
12	0.600000	0.660000	0.020772	-0.000000	0.000000	1
12	0.600000	0.680000	0.020413	-0.000000	0.000000	1
12	0.600000	0.700000	0.019552	-0.000000	0.000000	1
12	0.600000	0.720000	0.018403	-0.000000	0.000000	1
12	0.600000	0.740000	0.017728	-0.000000	0.000000	1
12	0.600000	0.760000	0.017599	-0.000000	0.000000	1
12	0.600000	0.780000	0.017740	-0.000000	0.000000	1
12	0.600000	0.800000	0.017993	-0.000000	0.000000	1
12	0.600000	0.820000	0.018272	-0.000000	0.000000	1
12	0.600000	0.840000	0.021723	-0.000000	0.000000	1
12	0.600000	0.860000	0.024035	-0.000000	0.000000	1
12	0.600000	0.880000	0.024036	-0.000000	0.000000	1
12	0.600000	0.900000	0.024035	-0.000000	0.000000	1
12	0.600000	0.920000	0.023993	-0.000000	0.000000	1
12	0.600000	0.940000	0.022301	-0.000000	0.000000	1
12	0.600000	0.960000	0.021668	-0.000000	0.000000	1
12	0.600000	0.980000	0.022673	-0.000000	0.000000	1
12	0.600000	1.000000	0.023744	-0.000000	0.000000	1
12	0.600000	1.020000	0.026848	-0.000000	0.000000	1
12	0.600000	1.040000	0.039357	-0.000000	0.000000	1
12	0.600000	1.060000	0.062428	-0.000000	0.000000	1
12	0.600000	1.080000	0.076032	-0.000000	0.000000	1
12	0.600000	1.100000	0.068336	-0.000000	0.000000	1
12	0.600000	1.120000	0.015297	-0.000000	0.000000	1
12	0.600000	1.140000	0.015763	-0.000000	0.000000	1
12	0.600000	1.160000	0.016447	-0.000000	0.000000	1
12	0.600000	1.180000	0.016950	-0.000000	0.000000	1
12	0.600000	1.200000	0.017092	-0.000000	0.000000	1
12	0.600000	1.220000	0.017020	-0.000000	0.000000	1
12	0.600000	1.240000	0.017054	-0.000000	0.000000	1
12	0.600000	1.260000	0.021740	-0.000000	0.000000	1
12	0.600000	1.280000	0.019798	-0.000000	0.000000	1
12	0.600000	1.300000	0.018113	-0.000000	0.000000	1
12	0.600000	1.320000	0.017839	-0.000000	0.000000	1
12	0.600000	1.340000	0.017980	-0.000000	0.000000	1
12	0.600000	1.360000	0.018697	-0.000000	0.000000	1
12	0.600000	1.380000	0.019905	-0.000000	0.000000	1
12	0.600000	1.400000	0.021722	-0.000000	0.000000	1
12	0.600000	1.420000	0.024075	-0.000000	0.000000	1
12	0.600000	1.440000	0.024008	-0.000000	0.000000	1
12	0.600000	1.460000	0.022221	-0.000000	0.000000	1
12	0.600000	1.480000	0.022999	-0.000000	0.000000	1
12	0.600000	1.500000	0.021966	-0.000000	0.000000	1
12	0.600000	1.520000	0.019606	-0.000000	0.000000	1
12	0.600000	1.540000	0.018898	-0.000000	0.000000	1
12	0.600000	1.560000	0.020253	-0.000000	0.000000	1
12	0.600000	1.580000	0.020826	-0.000000	0.000000	1
12	0.600000	1.600000	0.022280	-0.000000	0.000000	1
12	0.600000	1.620000	0.033326	-0.000000	0.000000	1
12	0.600000	1.640000	0.000000	-0.000000	0.000000	1
12	0.600000	1.660000	0.000000	-0.000000	0.000000	1
12	0.600000	1.680000	0.000000	-0.000000	0.000000	1
12	0.600000	1.700000	0.000000	-0.000000	0.000000	1
12	0.600000	1.720000	0.000000	-0.000000	0.000000	1
12	0.600000	1.740000	0.000000	-0.000000	0.000000	1
12	0.600000	1.760000	0.000000	-0.000000	0.000000	1
12	0.600000	1.780000	0.000000	-0.000000	0.000000	1
12	0.600000	1.800000	0.000000	-0.000000	0.000000	1
12	0.600000	1.820000	0.000000	-0.000000	0.000000	1
12	0.600000	1.840000	0.000000	-0.000000	0.000000	1
12	0.600000	1.860000	0.000000	-0.000000	0.000000	1
12	0.600000	1.880000	0.000000	-0.000000	0.000000	1
12	0.600000	1.900000	0.000000	-0.000000	0.000000	1
12	0.600000	1.920000	0.000000	-0.000000	0.000000	1
12	0.600000	1.940000	0.000000	-0.000000	0.000000	1
12	0.600000	1.960000	0.000000	-0.000000	0.000000	1
12	0.600000	1.980000	0.000000	-0.000000	0.000000	1
12	0.600000	2.000000	0.000000	-0.000000	0.000000	1
12	0.600000	2.020000	0.000000	-0.000000	0.000000	1
12	0.600000	2.040000	0.000000	-0.000000	0.000000	1
12	0.600000	2.060000	0.000000	-0.000000	0.000000	1
12	0.600000	2.080000	0.000000	-0.000000	0.000000	1
12	0.600000	2.100000	0.000000	-0.000000	0.000000	1
12	0.600000	2.120000	0.000000	-0.000000	0.000000	1
12	0.600000	2.140000	0.000000	-0.000000	0.000000	1
12	0.600000	2.160000	0.000000	-0.000000	0.000000	1
12	0.600000	2.180000	0.000000	-0.000000	0.000000	1
12	0.600000	2.200000	0.000000	-0.000000	0.000000	1
12	0.600000	2.220000	0.000000	-0.000000	0.000000	1
12	0.600000	2.240000	0.000000	-0.000000	0.000000	1
12	0.600000	2.260000	0.000000	-0.000000	0.000000	1
12	0.600000	2.280000	0.000000	-0.000000	0.000000	1
12	0.600000	2.300000	0.000000	-0.000000	0.000000	1
12	0.600000	2.320000	0.000000	-0.000000	0.000000	1
12	0.600000	2.340000	0.000000	-0.000000	0.000000	1
12	0.600000	2.360000	0.000000	-0.000000	0.000000	1
12	0.600000	2.380000	0.000000	-0.000000	0.000000	1
12	0.600000	2.400000	0.000000	-0.000000	0.000000	1
12	0.600000	2.420000	0.000000	-0.000000	0.000000	1
12	0.600000	2.440000	0.000000	-0.000000	0.000000	1
12	0.600000	2.460000	0.000000	-0.000000	0.000000	1
12	0.600000	2.480000	0.000000	-0.000000	0.000000	1
12	0.600000	2.500000	0.000000	-0.000000	0.000000	1
12	0.600000	2.520000	0.000000	-0.000000	0.000000	1
12	0.600000	2.540000	0.000000	-0.000000	0.000000	1
12	0.600000	2.560000	0.000000	-0.000000	0.000000	1
12	0.600000	2.580000	0.000000	-0.000000	0.000000	1
12	0.600000	2.600000	0.000000	-0.000000	0.000000	1
12	0.600000	2.620000	0.000000	-0.000000	0.000000	1
12	0.600000	2.640000	0.000000	-0.000000	0.000000	1
12	0.600000	2.660000	0.000000	-0.000000	0.000000	1
12	0.600000	2.680000	0.000000	-0.000000	0.000000	1
12	0.600000	2.700000	0.000000	-0.000000	0.000000	1
12	0.600000	2.720000	0.000000	-0.000000	0.000000	1
12	0.600000	2.740000	0.000000	-0.000000	0.000000	1
12	0.600000	2.760000	0.000000	-0.000000	0.000000	1
12	0.600000	2.780000	0.000000	-0.000000	0.000000	1
12	0.600000	2.800000	0.000000	-0.000000	0.000000	1
12	0.600000	2.820000	0.000000	-0.000000	0.000000	1
12	0.600000	2.840000	0.000000	-0.000000	0.000000	1
12	0.600000	2.860000	0.000000	-0.000000	0.000000	1
12	0.600000	2.880000	0.000000	-0.000000	0.000000	1
12	0.600000	2.900000	0.000000	-0.000000	0.000000	1
12	0.600000	2.920000	0.000000	-0.000000	0.000000	1
12	0.600000	2.940000	0.000000	-0.000000	0.000000	1
12	0.600000	2.960000	0.000000	-0.000000	0.000000	1
12	0.600000	2.980000	0.000000	-0.000000	0.000000	1
12	0.600000	3.000000	0.000000	-0.000000	0.000000	1
12	0.600000	3.020000	0.000000	-0.000000	0.000000	1
12	0.600000	3.040000	0.000000	-0.000000	0.000000	1
12	0.600000	3.060000	0.000000	-0.000000	0.000000	1
12	0.600000	3.080000	0.000000	-0.000000	0.000000	1
12	0.600000	3.100000	0.000000	-0.000000	0.000000	1
12	0.600000	3.120000	0.000000	-0.000000	0.000000	1
12	0.600000	3.140000	0.000000	-0.000000	0.000000	1
12	0.600000	3.160000	0.000000	-0.000000	0.000000	1
12	0.600000	3.180000	0.000000	-0.000000	0.000000	1
12	0.600000	3.200000	0.000000	-0.000000	0.000000	1
12	0.600000	3.220000	0.000000	-0.000000	0.000000	1
12	0.600000	3.240000	0.000000	-0.000000	0.000000	1
12	0.600000	3.260000	0.000000	-0.000000	0.000000	1
12	0.600000	3.280000	0.000000	-0.000000	0.000000	1
12	0.600000	3.300000	0.000000	-0.000000	0.000000	1
12	0.600000	3.320000	0.000000	-0.000000	0.000000	1
12	0.600000	3.340000	0.000000	-0.000000	0.000000	1
12	0.600000	3.360000	0.000000	-0.000000	0.000000	1
12	0.600000	3.380000	0.000000	-0.000000	0.000000	1
12	0.600000	3.400000	0.000000	-0.000000	0.000000	1
12	0.600000	3.420000	0.000000	-0.000000	0.000000	1
12	0.600000	3.440000	0.000000	-0.000000	0.000000	1
12	0.600000	3.460000	0.000000	-0.000000	0.000000	1
12	0.600000	3.480000	0.000000	-0.000000	0.000000	1
12	0.600000	3.500000	0.000000	-0.000000	0.000000	1
12	0.600000	3.520000	0.000000	-0.000000	0.000000	1
12	0.600000	3.540000	0.000000	-0.000000	0.000000	1
12	0.600000	3.560000	0.000000	-0.000000	0.000000	1
12	0.600000	3.580000	0.000000	-0.000000	0.000000	1
12	0.600000	3.600000	0.000000	-0.000000	0.000000	1
12	0.600000	3.620000	0.000000	-0.000000	0.000000	1
12	0.600000	3.640000	0.000000	-0.000000	0.000000	1
12	0.600000	3.660000	0.000000	-0.000000	0.000000	1
12	0.600000	3.680000	0.000000	-0.000000	0.000000	1
12	0.600000	3.700000	0.000000	-0.000000	0.000000	1
12	0.600000	3.720000	0.000000	-0.000000	0.000000	1
12	0.600000	3.740000	0.000000	-0.000000	0.000000	1
12	0.600000	3.760000	0.000000	-0.000000	0.000000	1
12	0.600000	3.780000	0.000000	-0.000000	0.000000	1
12	0.600000	3.800000	0.000000	-0.000000	0.000000	1
12	0.600000	3.820000	0.000000	-0.000000	0.000000	1
12	0.600000	3.840000	0.000000	-0.000000	0.000000	1
12	0.600000	3.860000	0.000000	-0.000000	0.000000	1
12	0.600000	3.880000	0.000000	-0.000000	0.000000	1
12	0.600000	3.900000	0.000000	-0.000000	0.000000	1
12	0.600000	3.920000	0.000000	-0.000000	0.000000	1
12	0.600000	3.940000	0.000000	-0.000000	0.000000	1
12	0.600000	3.960000	0.000000	-0.000000	0.000000	1
12	0.600000	3.980000	0.000000	-0.000000	0.000000	1
12	0.700000	0.000000	0.000000	-0.000000	0.000000	1
12	0.700000	0.020000	0.000000	-0.000000	0.000000	1
12	0.700000	0.040000	0.000000	-0.000000	0.000000	1
12	0.700000	0.060000	0.000000	-0.000000	0.000000	1
12	0.700000	0.080000	0.000000	-0.000000	0.000000	1
12	0.700000	0.100000	0.000000	-0.000000	0.000000	1
12	0.700000	0.120000	0.000000	-0.000000	0.000000	1
12	0.700000	0.140000	0.000000	-0.000000	0.000000	1
12	0.700000	0.160000	0.000000	-0.000000	0.000000	1
12	0.700000	0.180000	0.000000	-0.000000	0.000000	1
12	0.700000	0.200000	0.000000	-0.000000	0.000000	1
12	0.700000	0.220000	0.000000	-0.000000	0.000000	1
12	0.700000	0.240000	0.000000	-0.000000	0.000000	1
12	0.700000	0.260000	0.018858	-0.000000	0.000000	1
12	0.700000	0.280000	0.018858	-0.000000	0.000000	1
12	0.700000	0.300000	0.018858	-0.000000	0.000000	1
12	0.700000	0.320000	0.018858	-0.000000	0.000000	1
12	0.700000	0.340000	0.018858	-0.000000	0.000000	1
12	0.700000	0.360000	0.018858	-0.000000	0.000000	1
12	0.700000	0.380000	0.018858	-0.000000	0.000000	1
12	0.700000	0.400000	0.018857	-0.000000	0.000000	1
12	0.700000	0.420000	0.018852	-0.000000	0.000000	1
12	0.700000	0.440000	0.018840	-0.000000	0.000000	1
12	0.700000	0.460000	0.018810	-0.000000	0.000000	1
12	0.700000	0.480000	0.018797	-0.000000	0.000000	1
12	0.700000	0.500000	0.019151	-0.000000	0.000000	1
12	0.700000	0.520000	0.020118	-0.000000	0.000000	1
12	0.700000	0.540000	0.020821	-0.000000	0.000000	1
12	0.700000	0.560000	0.020934	-0.000000	0.000000	1
12	0.700000	0.580000	0.020496	-0.000000	0.000000	1
12	0.700000	0.600000	0.019629	-0.000000	0.000000	1
12	0.700000	0.620000	0.018598	-0.000000	0.000000	1
12	0.700000	0.640000	0.020193	-0.000000	0.000000	1
12	0.700000	0.660000	0.021522	-0.000000	0.000000	1
12	0.700000	0.680000	0.021279	-0.000000	0.000000	1
12	0.700000	0.700000	0.020362	-0.000000	0.000000	1
12	0.700000	0.720000	0.018657	-0.000000	0.000000	1
12	0.700000	0.740000	0.017667	-0.000000	0.000000	1
12	0.700000	0.760000	0.017535	-0.000000	0.000000	1
12	0.700000	0.780000	0.017729	-0.000000	0.000000	1
12	0.700000	0.800000	0.018043	-0.000000	0.000000	1
12	0.700000	0.820000	0.018392	-0.000000	0.000000	1
12	0.700000	0.840000	0.022313	-0.000000	0.000000	1
12	0.700000	0.860000	0.022444	-0.000000	0.000000	1
12	0.700000	0.880000	0.022444	-0.000000	0.000000	1
12	0.700000	0.900000	0.022444	-0.000000	0.000000	1
12	0.700000	0.920000	0.022366	-0.000000	0.000000	1
12	0.700000	0.940000	0.020919	-0.000000	0.000000	1
12	0.700000	0.960000	0.021449	-0.000000	0.000000	1
12	0.700000	0.980000	0.022441	-0.000000	0.000000	1
12	0.700000	1.000000	0.023351	-0.000000	0.000000	1
12	0.700000	1.020000	0.025630	-0.000000	0.000000	1
12	0.700000	1.040000	0.039096	-0.000000	0.000000	1
12	0.700000	1.060000	0.067611	-0.000000	0.000000	1
12	0.700000	1.080000	0.078724	-0.000000	0.000000	1
12	0.700000	1.100000	0.076032	-0.000000	0.000000	1
12	0.700000	1.120000	0.015038	-0.000000	0.000000	1
12	0.700000	1.140000	0.015359	-0.000000	0.000000	1
12	0.700000	1.160000	0.016265	-0.000000	0.000000	1
12	0.700000	1.180000	0.016933	-0.000000	0.000000	1
12	0.700000	1.200000	0.017086	-0.000000	0.000000	1
12	0.700000	1.220000	0.016981	-0.000000	0.000000	1
12	0.700000	1.240000	0.017128	-0.000000	0.000000	1
12	0.700000	1.260000	0.022336	-0.000000	0.000000	1
12	0.700000	1.280000	0.020067	-0.000000	0.000000	1
12	0.700000	1.300000	0.018145	-0.000000	0.000000	1
12	0.700000	1.320000	0.017944	-0.000000	0.000000	1
12	0.700000	1.340000	0.018150	-0.000000	0.000000	1
12	0.700000	1.360000	0.018899	-0.000000	0.000000	1
12	0.700000	1.380000	0.020290	-0.000000	0.000000	1
12	0.700000	1.400000	0.022695	-0.000000	0.000000	1
12	0.700000	1.420000	0.025758	-0.000000	0.000000	1
12	0.700000	1.440000	0.025046	-0.000000	0.000000	1
12	0.700000	1.460000	0.022098	-0.000000	0.000000	1
12	0.700000	1.480000	0.023055	-0.000000	0.000000	1
12	0.700000	1.500000	0.022037	-0.000000	0.000000	1
12	0.700000	1.520000	0.019635	-0.000000	0.000000	1
12	0.700000	1.540000	0.018873	-0.000000	0.000000	1
12	0.700000	1.560000	0.020189	-0.000000	0.000000	1
12	0.700000	1.580000	0.020676	-0.000000	0.000000	1
12	0.700000	1.600000	0.021355	-0.000000	0.000000	1
12	0.700000	1.620000	0.031648	-0.000000	0.000000	1
12	0.700000	1.640000	0.047653	-0.000000	0.000000	1
12	0.700000	1.660000	0.000000	-0.000000	0.000000	1
12	0.700000	1.680000	0.000000	-0.000000	0.000000	1
12	0.700000	1.700000	0.000000	-0.000000	0.000000	1
12	0.700000	1.720000	0.000000	-0.000000	0.000000	1
12	0.700000	1.740000	0.000000	-0.000000	0.000000	1
12	0.700000	1.760000	0.000000	-0.000000	0.000000	1
12	0.700000	1.780000	0.000000	-0.000000	0.000000	1
12	0.700000	1.800000	0.000000	-0.000000	0.000000	1
12	0.700000	1.820000	0.000000	-0.000000	0.000000	1
12	0.700000	1.840000	0.000000	-0.000000	0.000000	1
12	0.700000	1.860000	0.000000	-0.000000	0.000000	1
12	0.700000	1.880000	0.000000	-0.000000	0.000000	1
12	0.700000	1.900000	0.000000	-0.000000	0.000000	1
12	0.700000	1.920000	0.000000	-0.000000	0.000000	1
12	0.700000	1.940000	0.000000	-0.000000	0.000000	1
12	0.700000	1.960000	0.000000	-0.000000	0.000000	1
12	0.700000	1.980000	0.000000	-0.000000	0.000000	1
12	0.700000	2.000000	0.000000	-0.000000	0.000000	1
12	0.700000	2.020000	0.000000	-0.000000	0.000000	1
12	0.700000	2.040000	0.000000	-0.000000	0.000000	1
12	0.700000	2.060000	0.000000	-0.000000	0.000000	1
12	0.700000	2.080000	0.000000	-0.000000	0.000000	1
12	0.700000	2.100000	0.000000	-0.000000	0.000000	1
12	0.700000	2.120000	0.000000	-0.000000	0.000000	1
12	0.700000	2.140000	0.000000	-0.000000	0.000000	1
12	0.700000	2.160000	0.000000	-0.000000	0.000000	1
12	0.700000	2.180000	0.000000	-0.000000	0.000000	1
12	0.700000	2.200000	0.000000	-0.000000	0.000000	1
12	0.700000	2.220000	0.000000	-0.000000	0.000000	1
12	0.700000	2.240000	0.000000	-0.000000	0.000000	1
12	0.700000	2.260000	0.000000	-0.000000	0.000000	1
12	0.700000	2.280000	0.000000	-0.000000	0.000000	1
12	0.700000	2.300000	0.000000	-0.000000	0.000000	1
12	0.700000	2.320000	0.000000	-0.000000	0.000000	1
12	0.700000	2.340000	0.000000	-0.000000	0.000000	1
12	0.700000	2.360000	0.000000	-0.000000	0.000000	1
12	0.700000	2.380000	0.000000	-0.000000	0.000000	1
12	0.700000	2.400000	0.000000	-0.000000	0.000000	1
12	0.700000	2.420000	0.000000	-0.000000	0.000000	1
12	0.700000	2.440000	0.000000	-0.000000	0.000000	1
12	0.700000	2.460000	0.000000	-0.000000	0.000000	1
12	0.700000	2.480000	0.000000	-0.000000	0.000000	1
12	0.700000	2.500000	0.000000	-0.000000	0.000000	1
12	0.700000	2.520000	0.000000	-0.000000	0.000000	1
12	0.700000	2.540000	0.000000	-0.000000	0.000000	1
12	0.700000	2.560000	0.000000	-0.000000	0.000000	1
12	0.700000	2.580000	0.000000	-0.000000	0.000000	1
12	0.700000	2.600000	0.000000	-0.000000	0.000000	1
12	0.700000	2.620000	0.000000	-0.000000	0.000000	1
12	0.700000	2.640000	0.000000	-0.000000	0.000000	1
12	0.700000	2.660000	0.000000	-0.000000	0.000000	1
12	0.700000	2.680000	0.000000	-0.000000	0.000000	1
12	0.700000	2.700000	0.000000	-0.000000	0.000000	1
12	0.700000	2.720000	0.000000	-0.000000	0.000000	1
12	0.700000	2.740000	0.000000	-0.000000	0.000000	1
12	0.700000	2.760000	0.000000	-0.000000	0.000000	1
12	0.700000	2.780000	0.000000	-0.000000	0.000000	1
12	0.700000	2.800000	0.000000	-0.000000	0.000000	1
12	0.700000	2.820000	0.000000	-0.000000	0.000000	1
12	0.700000	2.840000	0.000000	-0.000000	0.000000	1
12	0.700000	2.860000	0.000000	-0.000000	0.000000	1
12	0.700000	2.880000	0.000000	-0.000000	0.000000	1
12	0.700000	2.900000	0.000000	-0.000000	0.000000	1
12	0.700000	2.920000	0.000000	-0.000000	0.000000	1
12	0.700000	2.940000	0.000000	-0.000000	0.000000	1
12	0.700000	2.960000	0.000000	-0.000000	0.000000	1
12	0.700000	2.980000	0.000000	-0.000000	0.000000	1
12	0.700000	3.000000	0.000000	-0.000000	0.000000	1
12	0.700000	3.020000	0.000000	-0.000000	0.000000	1
12	0.700000	3.040000	0.000000	-0.000000	0.000000	1
12	0.700000	3.060000	0.000000	-0.000000	0.000000	1
12	0.700000	3.080000	0.000000	-0.000000	0.000000	1
12	0.700000	3.100000	0.000000	-0.000000	0.000000	1
12	0.700000	3.120000	0.000000	-0.000000	0.000000	1
12	0.700000	3.140000	0.000000	-0.000000	0.000000	1
12	0.700000	3.160000	0.000000	-0.000000	0.000000	1
12	0.700000	3.180000	0.000000	-0.000000	0.000000	1
12	0.700000	3.200000	0.000000	-0.000000	0.000000	1
12	0.700000	3.220000	0.000000	-0.000000	0.000000	1
12	0.700000	3.240000	0.000000	-0.000000	0.000000	1
12	0.700000	3.260000	0.000000	-0.000000	0.000000	1
12	0.700000	3.280000	0.000000	-0.000000	0.000000	1
12	0.700000	3.300000	0.000000	-0.000000	0.000000	1
12	0.700000	3.320000	0.000000	-0.000000	0.000000	1
12	0.700000	3.340000	0.000000	-0.000000	0.000000	1
12	0.700000	3.360000	0.000000	-0.000000	0.000000	1
12	0.700000	3.380000	0.000000	-0.000000	0.000000	1
12	0.700000	3.400000	0.000000	-0.000000	0.000000	1
12	0.700000	3.420000	0.000000	-0.000000	0.000000	1
12	0.700000	3.440000	0.000000	-0.000000	0.000000	1
12	0.700000	3.460000	0.000000	-0.000000	0.000000	1
12	0.700000	3.480000	0.000000	-0.000000	0.000000	1
12	0.700000	3.500000	0.000000	-0.000000	0.000000	1
12	0.700000	3.520000	0.000000	-0.000000	0.000000	1
12	0.700000	3.540000	0.000000	-0.000000	0.000000	1
12	0.700000	3.560000	0.000000	-0.000000	0.000000	1
12	0.700000	3.580000	0.000000	-0.000000	0.000000	1
12	0.700000	3.600000	0.000000	-0.000000	0.000000	1
12	0.700000	3.620000	0.000000	-0.000000	0.000000	1
12	0.700000	3.640000	0.000000	-0.000000	0.000000	1
12	0.700000	3.660000	0.000000	-0.000000	0.000000	1
12	0.700000	3.680000	0.000000	-0.000000	0.000000	1
12	0.700000	3.700000	0.000000	-0.000000	0.000000	1
12	0.700000	3.720000	0.000000	-0.000000	0.000000	1
12	0.700000	3.740000	0.000000	-0.000000	0.000000	1
12	0.700000	3.760000	0.000000	-0.000000	0.000000	1
12	0.700000	3.780000	0.000000	-0.000000	0.000000	1
12	0.700000	3.800000	0.000000	-0.000000	0.000000	1
12	0.700000	3.820000	0.000000	-0.000000	0.000000	1
12	0.700000	3.840000	0.000000	-0.000000	0.000000	1
12	0.700000	3.860000	0.000000	-0.000000	0.000000	1
12	0.700000	3.880000	0.000000	-0.000000	0.000000	1
12	0.700000	3.900000	0.000000	-0.000000	0.000000	1
12	0.700000	3.920000	0.000000	-0.000000	0.000000	1
12	0.700000	3.940000	0.000000	-0.000000	0.000000	1
12	0.700000	3.960000	0.000000	-0.000000	0.000000	1
12	0.700000	3.980000	0.000000	-0.000000	0.000000	1
12	0.800000	0.000000	0.000000	-0.000000	0.000000	1
12	0.800000	0.020000	0.000000	-0.000000	0.000000	1
12	0.800000	0.040000	0.000000	-0.000000	0.000000	1
12	0.800000	0.060000	0.000000	-0.000000	0.000000	1
12	0.800000	0.080000	0.000000	-0.000000	0.000000	1
12	0.800000	0.100000	0.000000	-0.000000	0.000000	1
12	0.800000	0.120000	0.000000	-0.000000	0.000000	1
12	0.800000	0.140000	0.000000	-0.000000	0.000000	1
12	0.800000	0.160000	0.000000	-0.000000	0.000000	1
12	0.800000	0.180000	0.000000	-0.000000	0.000000	1
12	0.800000	0.200000	0.000000	-0.000000	0.000000	1
12	0.800000	0.220000	0.000000	-0.000000	0.000000	1
12	0.800000	0.240000	0.000000	-0.000000	0.000000	1
12	0.800000	0.260000	0.019233	-0.000000	0.000000	1
12	0.800000	0.280000	0.019233	-0.000000	0.000000	1
12	0.800000	0.300000	0.019233	-0.000000	0.000000	1
12	0.800000	0.320000	0.019233	-0.000000	0.000000	1
12	0.800000	0.340000	0.019233	-0.000000	0.000000	1
12	0.800000	0.360000	0.019233	-0.000000	0.000000	1
12	0.800000	0.380000	0.019233	-0.000000	0.000000	1
12	0.800000	0.400000	0.019233	-0.000000	0.000000	1
12	0.800000	0.420000	0.019231	-0.000000	0.000000	1
12	0.800000	0.440000	0.019225	-0.000000	0.000000	1
12	0.800000	0.460000	0.019194	-0.000000	0.000000	1
12	0.800000	0.480000	0.019101	-0.000000	0.000000	1
12	0.800000	0.500000	0.019205	-0.000000	0.000000	1
12	0.800000	0.520000	0.020178	-0.000000	0.000000	1
12	0.800000	0.540000	0.020962	-0.000000	0.000000	1
12	0.800000	0.560000	0.021041	-0.000000	0.000000	1
12	0.800000	0.580000	0.020365	-0.000000	0.000000	1
12	0.800000	0.600000	0.019131	-0.000000	0.000000	1
12	0.800000	0.620000	0.017831	-0.000000	0.000000	1
12	0.800000	0.640000	0.021454	-0.000000	0.000000	1
12	0.800000	0.660000	0.022120	-0.000000	0.000000	1
12	0.800000	0.680000	0.021965	-0.000000	0.000000	1
12	0.800000	0.700000	0.021052	-0.000000	0.000000	1
12	0.800000	0.720000	0.018757	-0.000000	0.000000	1
12	0.800000	0.740000	0.017551	-0.000000	0.000000	1
12	0.800000	0.760000	0.017458	-0.000000	0.000000	1
12	0.800000	0.780000	0.017695	-0.000000	0.000000	1
12	0.800000	0.800000	0.018061	-0.000000	0.000000	1
12	0.800000	0.820000	0.018679	-0.000000	0.000000	1
12	0.800000	0.840000	0.020901	-0.000000	0.000000	1
12	0.800000	0.860000	0.020912	-0.000000	0.000000	1
12	0.800000	0.880000	0.020912	-0.000000	0.000000	1
12	0.800000	0.900000	0.020913	-0.000000	0.000000	1
12	0.800000	0.920000	0.021119	-0.000000	0.000000	1
12	0.800000	0.940000	0.021135	-0.000000	0.000000	1
12	0.800000	0.960000	0.021381	-0.000000	0.000000	1
12	0.800000	0.980000	0.022394	-0.000000	0.000000	1
12	0.800000	1.000000	0.023286	-0.000000	0.000000	1
12	0.800000	1.020000	0.024754	-0.000000	0.000000	1
12	0.800000	1.040000	0.035159	-0.000000	0.000000	1
12	0.800000	1.060000	0.066972	-0.000000	0.000000	1
12	0.800000	1.080000	0.076404	-0.000000	0.000000	1
12	0.800000	1.100000	0.075739	-0.000000	0.000000	1
12	0.800000	1.120000	0.016275	-0.000000	0.000000	1
12	0.800000	1.140000	0.015051	-0.000000	0.000000	1
12	0.800000	1.160000	0.016136	-0.000000	0.000000	1
12	0.800000	1.180000	0.016919	-0.000000	0.000000	1
12	0.800000	1.200000	0.017030	-0.000000	0.000000	1
12	0.800000	1.220000	0.016857	-0.000000	0.000000	1
12	0.800000	1.240000	0.017124	-0.000000	0.000000	1
12	0.800000	1.260000	0.022618	-0.000000	0.000000	1
12	0.800000	1.280000	0.020377	-0.000000	0.000000	1
12	0.800000	1.300000	0.018471	-0.000000	0.000000	1
12	0.800000	1.320000	0.018330	-0.000000	0.000000	1
12	0.800000	1.340000	0.018476	-0.000000	0.000000	1
12	0.800000	1.360000	0.019080	-0.000000	0.000000	1
12	0.800000	1.380000	0.020633	-0.000000	0.000000	1
12	0.800000	1.400000	0.023694	-0.000000	0.000000	1
12	0.800000	1.420000	0.027383	-0.000000	0.000000	1
12	0.800000	1.440000	0.026061	-0.000000	0.000000	1
12	0.800000	1.460000	0.022027	-0.000000	0.000000	1
12	0.800000	1.480000	0.023058	-0.000000	0.000000	1
12	0.800000	1.500000	0.022100	-0.000000	0.000000	1
12	0.800000	1.520000	0.019691	-0.000000	0.000000	1
12	0.800000	1.540000	0.018865	-0.000000	0.000000	1
12	0.800000	1.560000	0.020127	-0.000000	0.000000	1
12	0.800000	1.580000	0.020566	-0.000000	0.000000	1
12	0.800000	1.600000	0.020702	-0.000000	0.000000	1
12	0.800000	1.620000	0.028679	-0.000000	0.000000	1
12	0.800000	1.640000	0.045845	-0.000000	0.000000	1
12	0.800000	1.660000	0.000000	-0.000000	0.000000	1
12	0.800000	1.680000	0.000000	-0.000000	0.000000	1
12	0.800000	1.700000	0.000000	-0.000000	0.000000	1
12	0.800000	1.720000	0.000000	-0.000000	0.000000	1
12	0.800000	1.740000	0.000000	-0.000000	0.000000	1
12	0.800000	1.760000	0.000000	-0.000000	0.000000	1
12	0.800000	1.780000	0.000000	-0.000000	0.000000	1
12	0.800000	1.800000	0.000000	-0.000000	0.000000	1
12	0.800000	1.820000	0.000000	-0.000000	0.000000	1
12	0.800000	1.840000	0.000000	-0.000000	0.000000	1
12	0.800000	1.860000	0.000000	-0.000000	0.000000	1
12	0.800000	1.880000	0.000000	-0.000000	0.000000	1
12	0.800000	1.900000	0.000000	-0.000000	0.000000	1
12	0.800000	1.920000	0.000000	-0.000000	0.000000	1
12	0.800000	1.940000	0.000000	-0.000000	0.000000	1
12	0.800000	1.960000	0.000000	-0.000000	0.000000	1
12	0.800000	1.980000	0.000000	-0.000000	0.000000	1
12	0.800000	2.000000	0.000000	-0.000000	0.000000	1
12	0.800000	2.020000	0.000000	-0.000000	0.000000	1
12	0.800000	2.040000	0.000000	-0.000000	0.000000	1
12	0.800000	2.060000	0.000000	-0.000000	0.000000	1
12	0.800000	2.080000	0.000000	-0.000000	0.000000	1
12	0.800000	2.100000	0.000000	-0.000000	0.000000	1
12	0.800000	2.120000	0.000000	-0.000000	0.000000	1
12	0.800000	2.140000	0.000000	-0.000000	0.000000	1
12	0.800000	2.160000	0.000000	-0.000000	0.000000	1
12	0.800000	2.180000	0.000000	-0.000000	0.000000	1
12	0.800000	2.200000	0.000000	-0.000000	0.000000	1
12	0.800000	2.220000	0.000000	-0.000000	0.000000	1
12	0.800000	2.240000	0.000000	-0.000000	0.000000	1
12	0.800000	2.260000	0.000000	-0.000000	0.000000	1
12	0.800000	2.280000	0.000000	-0.000000	0.000000	1
12	0.800000	2.300000	0.000000	-0.000000	0.000000	1
12	0.800000	2.320000	0.000000	-0.000000	0.000000	1
12	0.800000	2.340000	0.000000	-0.000000	0.000000	1
12	0.800000	2.360000	0.000000	-0.000000	0.000000	1
12	0.800000	2.380000	0.000000	-0.000000	0.000000	1
12	0.800000	2.400000	0.000000	-0.000000	0.000000	1
12	0.800000	2.420000	0.000000	-0.000000	0.000000	1
12	0.800000	2.440000	0.000000	-0.000000	0.000000	1
12	0.800000	2.460000	0.000000	-0.000000	0.000000	1
12	0.800000	2.480000	0.000000	-0.000000	0.000000	1
12	0.800000	2.500000	0.000000	-0.000000	0.000000	1
12	0.800000	2.520000	0.000000	-0.000000	0.000000	1
12	0.800000	2.540000	0.000000	-0.000000	0.000000	1
12	0.800000	2.560000	0.000000	-0.000000	0.000000	1
12	0.800000	2.580000	0.000000	-0.000000	0.000000	1
12	0.800000	2.600000	0.000000	-0.000000	0.000000	1
12	0.800000	2.620000	0.000000	-0.000000	0.000000	1
12	0.800000	2.640000	0.000000	-0.000000	0.000000	1
12	0.800000	2.660000	0.000000	-0.000000	0.000000	1
12	0.800000	2.680000	0.000000	-0.000000	0.000000	1
12	0.800000	2.700000	0.000000	-0.000000	0.000000	1
12	0.800000	2.720000	0.000000	-0.000000	0.000000	1
12	0.800000	2.740000	0.000000	-0.000000	0.000000	1
12	0.800000	2.760000	0.000000	-0.000000	0.000000	1
12	0.800000	2.780000	0.000000	-0.000000	0.000000	1
12	0.800000	2.800000	0.000000	-0.000000	0.000000	1
12	0.800000	2.820000	0.000000	-0.000000	0.000000	1
12	0.800000	2.840000	0.000000	-0.000000	0.000000	1
12	0.800000	2.860000	0.000000	-0.000000	0.000000	1
12	0.800000	2.880000	0.000000	-0.000000	0.000000	1
12	0.800000	2.900000	0.000000	-0.000000	0.000000	1
12	0.800000	2.920000	0.000000	-0.000000	0.000000	1
12	0.800000	2.940000	0.000000	-0.000000	0.000000	1
12	0.800000	2.960000	0.000000	-0.000000	0.000000	1
12	0.800000	2.980000	0.000000	-0.000000	0.000000	1
12	0.800000	3.000000	0.000000	-0.000000	0.000000	1
12	0.800000	3.020000	0.000000	-0.000000	0.000000	1
12	0.800000	3.040000	0.000000	-0.000000	0.000000	1
12	0.800000	3.060000	0.000000	-0.000000	0.000000	1
12	0.800000	3.080000	0.000000	-0.000000	0.000000	1
12	0.800000	3.100000	0.000000	-0.000000	0.000000	1
12	0.800000	3.120000	0.000000	-0.000000	0.000000	1
12	0.800000	3.140000	0.000000	-0.000000	0.000000	1
12	0.800000	3.160000	0.000000	-0.000000	0.000000	1
12	0.800000	3.180000	0.000000	-0.000000	0.000000	1
12	0.800000	3.200000	0.000000	-0.000000	0.000000	1
12	0.800000	3.220000	0.000000	-0.000000	0.000000	1
12	0.800000	3.240000	0.000000	-0.000000	0.000000	1
12	0.800000	3.260000	0.000000	-0.000000	0.000000	1
12	0.800000	3.280000	0.000000	-0.000000	0.000000	1
12	0.800000	3.300000	0.000000	-0.000000	0.000000	1
12	0.800000	3.320000	0.000000	-0.000000	0.000000	1
12	0.800000	3.340000	0.000000	-0.000000	0.000000	1
12	0.800000	3.360000	0.000000	-0.000000	0.000000	1
12	0.800000	3.380000	0.000000	-0.000000	0.000000	1
12	0.800000	3.400000	0.000000	-0.000000	0.000000	1
12	0.800000	3.420000	0.000000	-0.000000	0.000000	1
12	0.800000	3.440000	0.000000	-0.000000	0.000000	1
12	0.800000	3.460000	0.000000	-0.000000	0.000000	1
12	0.800000	3.480000	0.000000	-0.000000	0.000000	1
12	0.800000	3.500000	0.000000	-0.000000	0.000000	1
12	0.800000	3.520000	0.000000	-0.000000	0.000000	1
12	0.800000	3.540000	0.000000	-0.000000	0.000000	1
12	0.800000	3.560000	0.000000	-0.000000	0.000000	1
12	0.800000	3.580000	0.000000	-0.000000	0.000000	1
12	0.800000	3.600000	0.000000	-0.000000	0.000000	1
12	0.800000	3.620000	0.000000	-0.000000	0.000000	1
12	0.800000	3.640000	0.000000	-0.000000	0.000000	1
12	0.800000	3.660000	0.000000	-0.000000	0.000000	1
12	0.800000	3.680000	0.000000	-0.000000	0.000000	1
12	0.800000	3.700000	0.000000	-0.000000	0.000000	1
12	0.800000	3.720000	0.000000	-0.000000	0.000000	1
12	0.800000	3.740000	0.000000	-0.000000	0.000000	1
12	0.800000	3.760000	0.000000	-0.000000	0.000000	1
12	0.800000	3.780000	0.000000	-0.000000	0.000000	1
12	0.800000	3.800000	0.000000	-0.000000	0.000000	1
12	0.800000	3.820000	0.000000	-0.000000	0.000000	1
12	0.800000	3.840000	0.000000	-0.000000	0.000000	1
12	0.800000	3.860000	0.000000	-0.000000	0.000000	1
12	0.800000	3.880000	0.000000	-0.000000	0.000000	1
12	0.800000	3.900000	0.000000	-0.000000	0.000000	1
12	0.800000	3.920000	0.000000	-0.000000	0.000000	1
12	0.800000	3.940000	0.000000	-0.000000	0.000000	1
12	0.800000	3.960000	0.000000	-0.000000	0.000000	1
12	0.800000	3.980000	0.000000	-0.000000	0.000000	1
12	0.900000	0.000000	0.000000	-0.000000	0.000000	1
12	0.900000	0.020000	0.000000	-0.000000	0.000000	1
12	0.900000	0.040000	0.000000	-0.000000	0.000000	1
12	0.900000	0.060000	0.000000	-0.000000	0.000000	1
12	0.900000	0.080000	0.000000	-0.000000	0.000000	1
12	0.900000	0.100000	0.000000	-0.000000	0.000000	1
12	0.900000	0.120000	0.000000	-0.000000	0.000000	1
12	0.900000	0.140000	0.000000	-0.000000	0.000000	1
12	0.900000	0.160000	0.000000	-0.000000	0.000000	1
12	0.900000	0.180000	0.000000	-0.000000	0.000000	1
12	0.900000	0.200000	0.000000	-0.000000	0.000000	1
12	0.900000	0.220000	0.000000	-0.000000	0.000000	1
12	0.900000	0.240000	0.000000	-0.000000	0.000000	1
12	0.900000	0.260000	0.019748	-0.000000	0.000000	1
12	0.900000	0.280000	0.019748	-0.000000	0.000000	1
12	0.900000	0.300000	0.019748	-0.000000	0.000000	1
12	0.900000	0.320000	0.019748	-0.000000	0.000000	1
12	0.900000	0.340000	0.019748	-0.000000	0.000000	1
12	0.900000	0.360000	0.019748	-0.000000	0.000000	1
12	0.900000	0.380000	0.019748	-0.000000	0.000000	1
12	0.900000	0.400000	0.019748	-0.000000	0.000000	1
12	0.900000	0.420000	0.019747	-0.000000	0.000000	1
12	0.900000	0.440000	0.019744	-0.000000	0.000000	1
12	0.900000	0.460000	0.019719	-0.000000	0.000000	1
12	0.900000	0.480000	0.019565	-0.000000	0.000000	1
12	0.900000	0.500000	0.019310	-0.000000	0.000000	1
12	0.900000	0.520000	0.020224	-0.000000	0.000000	1
12	0.900000	0.540000	0.021102	-0.000000	0.000000	1
12	0.900000	0.560000	0.021166	-0.000000	0.000000	1
12	0.900000	0.580000	0.020230	-0.000000	0.000000	1
12	0.900000	0.600000	0.018622	-0.000000	0.000000	1
12	0.900000	0.620000	0.017146	-0.000000	0.000000	1
12	0.900000	0.640000	0.022240	-0.000000	0.000000	1
12	0.900000	0.660000	0.022489	-0.000000	0.000000	1
12	0.900000	0.680000	0.022384	-0.000000	0.000000	1
12	0.900000	0.700000	0.021451	-0.000000	0.000000	1
12	0.900000	0.720000	0.018599	-0.000000	0.000000	1
12	0.900000	0.740000	0.017424	-0.000000	0.000000	1
12	0.900000	0.760000	0.017385	-0.000000	0.000000	1
12	0.900000	0.780000	0.017652	-0.000000	0.000000	1
12	0.900000	0.800000	0.018065	-0.000000	0.000000	1
12	0.900000	0.820000	0.019018	-0.000000	0.000000	1
12	0.900000	0.840000	0.019633	-0.000000	0.000000	1
12	0.900000	0.860000	0.019634	-0.000000	0.000000	1
12	0.900000	0.880000	0.019634	-0.000000	0.000000	1
12	0.900000	0.900000	0.019673	-0.000000	0.000000	1
12	0.900000	0.920000	0.021888	-0.000000	0.000000	1
12	0.900000	0.940000	0.021429	-0.000000	0.000000	1
12	0.900000	0.960000	0.021343	-0.000000	0.000000	1
12	0.900000	0.980000	0.022501	-0.000000	0.000000	1
12	0.900000	1.000000	0.023454	-0.000000	0.000000	1
12	0.900000	1.020000	0.024583	-0.000000	0.000000	1
12	0.900000	1.040000	0.030156	-0.000000	0.000000	1
12	0.900000	1.060000	0.060783	-0.000000	0.000000	1
12	0.900000	1.080000	0.070524	-0.000000	0.000000	1
12	0.900000	1.100000	0.070427	-0.000000	0.000000	1
12	0.900000	1.120000	0.023266	-0.000000	0.000000	1
12	0.900000	1.140000	0.014881	-0.000000	0.000000	1
12	0.900000	1.160000	0.016076	-0.000000	0.000000	1
12	0.900000	1.180000	0.016914	-0.000000	0.000000	1
12	0.900000	1.200000	0.016931	-0.000000	0.000000	1
12	0.900000	1.220000	0.016629	-0.000000	0.000000	1
12	0.900000	1.240000	0.016958	-0.000000	0.000000	1
12	0.900000	1.260000	0.022472	-0.000000	0.000000	1
12	0.900000	1.280000	0.020114	-0.000000	0.000000	1
12	0.900000	1.300000	0.017974	-0.000000	0.000000	1
12	0.900000	1.320000	0.017944	-0.000000	0.000000	1
12	0.900000	1.340000	0.018276	-0.000000	0.000000	1
12	0.900000	1.360000	0.019067	-0.000000	0.000000	1
12	0.900000	1.380000	0.020956	-0.000000	0.000000	1
12	0.900000	1.400000	0.024876	-0.000000	0.000000	1
12	0.900000	1.420000	0.029092	-0.000000	0.000000	1
12	0.900000	1.440000	0.027090	-0.000000	0.000000	1
12	0.900000	1.460000	0.022080	-0.000000	0.000000	1
12	0.900000	1.480000	0.022973	-0.000000	0.000000	1
12	0.900000	1.500000	0.022127	-0.000000	0.000000	1
12	0.900000	1.520000	0.019789	-0.000000	0.000000	1
12	0.900000	1.540000	0.018903	-0.000000	0.000000	1
12	0.900000	1.560000	0.020100	-0.000000	0.000000	1
12	0.900000	1.580000	0.020495	-0.000000	0.000000	1
12	0.900000	1.600000	0.020299	-0.000000	0.000000	1
12	0.900000	1.620000	0.026288	-0.000000	0.000000	1
12	0.900000	1.640000	0.041462	-0.000000	0.000000	1
12	0.900000	1.660000	0.055635	-0.000000	0.000000	1
12	0.900000	1.680000	0.000000	-0.000000	0.000000	1
12	0.900000	1.700000	0.000000	-0.000000	0.000000	1
12	0.900000	1.720000	0.000000	-0.000000	0.000000	1
12	0.900000	1.740000	0.000000	-0.000000	0.000000	1
12	0.900000	1.760000	0.000000	-0.000000	0.000000	1
12	0.900000	1.780000	0.000000	-0.000000	0.000000	1
12	0.900000	1.800000	0.000000	-0.000000	0.000000	1
12	0.900000	1.820000	0.000000	-0.000000	0.000000	1
12	0.900000	1.840000	0.000000	-0.000000	0.000000	1
12	0.900000	1.860000	0.000000	-0.000000	0.000000	1
12	0.900000	1.880000	0.000000	-0.000000	0.000000	1
12	0.900000	1.900000	0.000000	-0.000000	0.000000	1
12	0.900000	1.920000	0.000000	-0.000000	0.000000	1
12	0.900000	1.940000	0.000000	-0.000000	0.000000	1
12	0.900000	1.960000	0.000000	-0.000000	0.000000	1
12	0.900000	1.980000	0.000000	-0.000000	0.000000	1
12	0.900000	2.000000	0.000000	-0.000000	0.000000	1
12	0.900000	2.020000	0.000000	-0.000000	0.000000	1
12	0.900000	2.040000	0.000000	-0.000000	0.000000	1
12	0.900000	2.060000	0.000000	-0.000000	0.000000	1
12	0.900000	2.080000	0.000000	-0.000000	0.000000	1
12	0.900000	2.100000	0.000000	-0.000000	0.000000	1
12	0.900000	2.120000	0.000000	-0.000000	0.000000	1
12	0.900000	2.140000	0.000000	-0.000000	0.000000	1
12	0.900000	2.160000	0.000000	-0.000000	0.000000	1
12	0.900000	2.180000	0.000000	-0.000000	0.000000	1
12	0.900000	2.200000	0.000000	-0.000000	0.000000	1
12	0.900000	2.220000	0.000000	-0.000000	0.000000	1
12	0.900000	2.240000	0.000000	-0.000000	0.000000	1
12	0.900000	2.260000	0.000000	-0.000000	0.000000	1
12	0.900000	2.280000	0.000000	-0.000000	0.000000	1
12	0.900000	2.300000	0.000000	-0.000000	0.000000	1
12	0.900000	2.320000	0.000000	-0.000000	0.000000	1
12	0.900000	2.340000	0.000000	-0.000000	0.000000	1
12	0.900000	2.360000	0.000000	-0.000000	0.000000	1
12	0.900000	2.380000	0.000000	-0.000000	0.000000	1
12	0.900000	2.400000	0.000000	-0.000000	0.000000	1
12	0.900000	2.420000	0.000000	-0.000000	0.000000	1
12	0.900000	2.440000	0.000000	-0.000000	0.000000	1
12	0.900000	2.460000	0.000000	-0.000000	0.000000	1
12	0.900000	2.480000	0.000000	-0.000000	0.000000	1
12	0.900000	2.500000	0.000000	-0.000000	0.000000	1
12	0.900000	2.520000	0.000000	-0.000000	0.000000	1
12	0.900000	2.540000	0.000000	-0.000000	0.000000	1
12	0.900000	2.560000	0.000000	-0.000000	0.000000	1
12	0.900000	2.580000	0.000000	-0.000000	0.000000	1
12	0.900000	2.600000	0.000000	-0.000000	0.000000	1
12	0.900000	2.620000	0.000000	-0.000000	0.000000	1
12	0.900000	2.640000	0.000000	-0.000000	0.000000	1
12	0.900000	2.660000	0.000000	-0.000000	0.000000	1
12	0.900000	2.680000	0.000000	-0.000000	0.000000	1
12	0.900000	2.700000	0.000000	-0.000000	0.000000	1
12	0.900000	2.720000	0.000000	-0.000000	0.000000	1
12	0.900000	2.740000	0.000000	-0.000000	0.000000	1
12	0.900000	2.760000	0.000000	-0.000000	0.000000	1
12	0.900000	2.780000	0.000000	-0.000000	0.000000	1
12	0.900000	2.800000	0.000000	-0.000000	0.000000	1
12	0.900000	2.820000	0.000000	-0.000000	0.000000	1
12	0.900000	2.840000	0.000000	-0.000000	0.000000	1
12	0.900000	2.860000	0.000000	-0.000000	0.000000	1
12	0.900000	2.880000	0.000000	-0.000000	0.000000	1
12	0.900000	2.900000	0.000000	-0.000000	0.000000	1
12	0.900000	2.920000	0.000000	-0.000000	0.000000	1
12	0.900000	2.940000	0.000000	-0.000000	0.000000	1
12	0.900000	2.960000	0.000000	-0.000000	0.000000	1
12	0.900000	2.980000	0.000000	-0.000000	0.000000	1
12	0.900000	3.000000	0.000000	-0.000000	0.000000	1
12	0.900000	3.020000	0.000000	-0.000000	0.000000	1
12	0.900000	3.040000	0.000000	-0.000000	0.000000	1
12	0.900000	3.060000	0.000000	-0.000000	0.000000	1
12	0.900000	3.080000	0.000000	-0.000000	0.000000	1
12	0.900000	3.100000	0.000000	-0.000000	0.000000	1
12	0.900000	3.120000	0.000000	-0.000000	0.000000	1
12	0.900000	3.140000	0.000000	-0.000000	0.000000	1
12	0.900000	3.160000	0.000000	-0.000000	0.000000	1
12	0.900000	3.180000	0.000000	-0.000000	0.000000	1
12	0.900000	3.200000	0.000000	-0.000000	0.000000	1
12	0.900000	3.220000	0.000000	-0.000000	0.000000	1
12	0.900000	3.240000	0.000000	-0.000000	0.000000	1
12	0.900000	3.260000	0.000000	-0.000000	0.000000	1
12	0.900000	3.280000	0.000000	-0.000000	0.000000	1
12	0.900000	3.300000	0.000000	-0.000000	0.000000	1
12	0.900000	3.320000	0.000000	-0.000000	0.000000	1
12	0.900000	3.340000	0.000000	-0.000000	0.000000	1
12	0.900000	3.360000	0.000000	-0.000000	0.000000	1
12	0.900000	3.380000	0.000000	-0.000000	0.000000	1
12	0.900000	3.400000	0.000000	-0.000000	0.000000	1
12	0.900000	3.420000	0.000000	-0.000000	0.000000	1
12	0.900000	3.440000	0.000000	-0.000000	0.000000	1
12	0.900000	3.460000	0.000000	-0.000000	0.000000	1
12	0.900000	3.480000	0.000000	-0.000000	0.000000	1
12	0.900000	3.500000	0.000000	-0.000000	0.000000	1
12	0.900000	3.520000	0.000000	-0.000000	0.000000	1
12	0.900000	3.540000	0.000000	-0.000000	0.000000	1
12	0.900000	3.560000	0.000000	-0.000000	0.000000	1
12	0.900000	3.580000	0.000000	-0.000000	0.000000	1
12	0.900000	3.600000	0.000000	-0.000000	0.000000	1
12	0.900000	3.620000	0.000000	-0.000000	0.000000	1
12	0.900000	3.640000	0.000000	-0.000000	0.000000	1
12	0.900000	3.660000	0.000000	-0.000000	0.000000	1
12	0.900000	3.680000	0.000000	-0.000000	0.000000	1
12	0.900000	3.700000	0.000000	-0.000000	0.000000	1
12	0.900000	3.720000	0.000000	-0.000000	0.000000	1
12	0.900000	3.740000	0.000000	-0.000000	0.000000	1
12	0.900000	3.760000	0.000000	-0.000000	0.000000	1
12	0.900000	3.780000	0.000000	-0.000000	0.000000	1
12	0.900000	3.800000	0.000000	-0.000000	0.000000	1
12	0.900000	3.820000	0.000000	-0.000000	0.000000	1
12	0.900000	3.840000	0.000000	-0.000000	0.000000	1
12	0.900000	3.860000	0.000000	-0.000000	0.000000	1
12	0.900000	3.880000	0.000000	-0.000000	0.000000	1
12	0.900000	3.900000	0.000000	-0.000000	0.000000	1
12	0.900000	3.920000	0.000000	-0.000000	0.000000	1
12	0.900000	3.940000	0.000000	-0.000000	0.000000	1
12	0.900000	3.960000	0.000000	-0.000000	0.000000	1
12	0.900000	3.980000	0.000000	-0.000000	0.000000	1
18	0.000000	0.000000	0.000000	-0.000000	0.000000	1
18	0.000000	0.020000	0.000000	-0.000000	0.000000	1
18	0.000000	0.040000	0.000000	-0.000000	0.000000	1
18	0.000000	0.060000	0.000000	-0.000000	0.000000	1
18	0.000000	0.080000	0.000000	-0.000000	0.000000	1
18	0.000000	0.100000	0.000000	-0.000000	0.000000	1
18	0.000000	0.120000	0.000000	-0.000000	0.000000	1
18	0.000000	0.140000	0.000000	-0.000000	0.000000	1
18	0.000000	0.160000	0.000000	-0.000000	0.000000	1
18	0.000000	0.180000	0.000000	-0.000000	0.000000	1
18	0.000000	0.200000	0.006727	-0.000000	0.000000	1
18	0.000000	0.220000	0.006727	-0.000000	0.000000	1
18	0.000000	0.240000	0.006727	-0.000000	0.000000	1
18	0.000000	0.260000	0.006727	-0.000000	0.000000	1
18	0.000000	0.280000	0.006727	-0.000000	0.000000	1
18	0.000000	0.300000	0.006727	-0.000000	0.000000	1
18	0.000000	0.320000	0.006727	-0.000000	0.000000	1
18	0.000000	0.340000	0.006727	-0.000000	0.000000	1
18	0.000000	0.360000	0.006727	-0.000000	0.000000	1
18	0.000000	0.380000	0.006727	-0.000000	0.000000	1
18	0.000000	0.400000	0.006727	-0.000000	0.000000	1
18	0.000000	0.420000	0.006727	-0.000000	0.000000	1
18	0.000000	0.440000	0.006438	-0.000000	0.000000	1
18	0.000000	0.460000	0.005888	-0.000000	0.000000	1
18	0.000000	0.480000	0.005888	-0.000000	0.000000	1
18	0.000000	0.500000	0.005887	-0.000000	0.000000	1
18	0.000000	0.520000	0.005877	-0.000000	0.000000	1
18	0.000000	0.540000	0.005829	-0.000000	0.000000	1
18	0.000000	0.560000	0.005804	-0.000000	0.000000	1
18	0.000000	0.580000	0.005801	-0.000000	0.000000	1
18	0.000000	0.600000	0.005801	-0.000000	0.000000	1
18	0.000000	0.620000	0.005973	-0.000000	0.000000	1
18	0.000000	0.640000	0.006001	-0.000000	0.000000	1
18	0.000000	0.660000	0.005987	-0.000000	0.000000	1
18	0.000000	0.680000	0.005924	-0.000000	0.000000	1
18	0.000000	0.700000	0.005840	-0.000000	0.000000	1
18	0.000000	0.720000	0.005812	-0.000000	0.000000	1
18	0.000000	0.740000	0.005879	-0.000000	0.000000	1
18	0.000000	0.760000	0.006252	-0.000000	0.000000	1
18	0.000000	0.780000	0.006266	-0.000000	0.000000	1
18	0.000000	0.800000	0.006264	-0.000000	0.000000	1
18	0.000000	0.820000	0.006122	-0.000000	0.000000	1
18	0.000000	0.840000	0.005694	-0.000000	0.000000	1
18	0.000000	0.860000	0.005686	-0.000000	0.000000	1
18	0.000000	0.880000	0.005721	-0.000000	0.000000	1
18	0.000000	0.900000	0.005744	-0.000000	0.000000	1
18	0.000000	0.920000	0.005781	-0.000000	0.000000	1
18	0.000000	0.940000	0.006326	-0.000000	0.000000	1
18	0.000000	0.960000	0.006289	-0.000000	0.000000	1
18	0.000000	0.980000	0.006176	-0.000000	0.000000	1
18	0.000000	1.000000	0.006137	-0.000000	0.000000	1
18	0.000000	1.020000	0.006130	-0.000000	0.000000	1
18	0.000000	1.040000	0.006131	-0.000000	0.000000	1
18	0.000000	1.060000	0.006322	-0.000000	0.000000	1
18	0.000000	1.080000	0.006369	-0.000000	0.000000	1
18	0.000000	1.100000	0.006369	-0.000000	0.000000	1
18	0.000000	1.120000	0.006355	-0.000000	0.000000	1
18	0.000000	1.140000	0.005988	-0.000000	0.000000	1
18	0.000000	1.160000	0.005913	-0.000000	0.000000	1
18	0.000000	1.180000	0.005932	-0.000000	0.000000	1
18	0.000000	1.200000	0.006018	-0.000000	0.000000	1
18	0.000000	1.220000	0.006082	-0.000000	0.000000	1
18	0.000000	1.240000	0.006066	-0.000000	0.000000	1
18	0.000000	1.260000	0.005911	-0.000000	0.000000	1
18	0.000000	1.280000	0.005785	-0.000000	0.000000	1
18	0.000000	1.300000	0.005787	-0.000000	0.000000	1
18	0.000000	1.320000	0.006039	-0.000000	0.000000	1
18	0.000000	1.340000	0.006261	-0.000000	0.000000	1
18	0.000000	1.360000	0.006258	-0.000000	0.000000	1
18	0.000000	1.380000	0.006185	-0.000000	0.000000	1
18	0.000000	1.400000	0.006167	-0.000000	0.000000	1
18	0.000000	1.420000	0.006023	-0.000000	0.000000	1
18	0.000000	1.440000	0.005955	-0.000000	0.000000	1
18	0.000000	1.460000	0.005980	-0.000000	0.000000	1
18	0.000000	1.480000	0.005984	-0.000000	0.000000	1
18	0.000000	1.500000	0.006051	-0.000000	0.000000	1
18	0.000000	1.520000	0.006050	-0.000000	0.000000	1
18	0.000000	1.540000	0.005927	-0.000000	0.000000	1
18	0.000000	1.560000	0.005985	-0.000000	0.000000	1
18	0.000000	1.580000	0.006083	-0.000000	0.000000	1
18	0.000000	1.600000	0.000000	-0.000000	0.000000	1
18	0.000000	1.620000	0.000000	-0.000000	0.000000	1
18	0.000000	1.640000	0.000000	-0.000000	0.000000	1
18	0.000000	1.660000	0.000000	-0.000000	0.000000	1
18	0.000000	1.680000	0.000000	-0.000000	0.000000	1
18	0.000000	1.700000	0.000000	-0.000000	0.000000	1
18	0.000000	1.720000	0.000000	-0.000000	0.000000	1
18	0.000000	1.740000	0.000000	-0.000000	0.000000	1
18	0.000000	1.760000	0.000000	-0.000000	0.000000	1
18	0.000000	1.780000	0.000000	-0.000000	0.000000	1
18	0.000000	1.800000	0.000000	-0.000000	0.000000	1
18	0.000000	1.820000	0.000000	-0.000000	0.000000	1
18	0.000000	1.840000	0.000000	-0.000000	0.000000	1
18	0.000000	1.860000	0.000000	-0.000000	0.000000	1
18	0.000000	1.880000	0.000000	-0.000000	0.000000	1
18	0.000000	1.900000	0.000000	-0.000000	0.000000	1
18	0.000000	1.920000	0.000000	-0.000000	0.000000	1
18	0.000000	1.940000	0.000000	-0.000000	0.000000	1
18	0.000000	1.960000	0.000000	-0.000000	0.000000	1
18	0.000000	1.980000	0.000000	-0.000000	0.000000	1
18	0.000000	2.000000	0.000000	-0.000000	0.000000	1
18	0.000000	2.020000	0.000000	-0.000000	0.000000	1
18	0.000000	2.040000	0.000000	-0.000000	0.000000	1
18	0.000000	2.060000	0.000000	-0.000000	0.000000	1
18	0.000000	2.080000	0.000000	-0.000000	0.000000	1
18	0.000000	2.100000	0.000000	-0.000000	0.000000	1
18	0.000000	2.120000	0.000000	-0.000000	0.000000	1
18	0.000000	2.140000	0.000000	-0.000000	0.000000	1
18	0.000000	2.160000	0.000000	-0.000000	0.000000	1
18	0.000000	2.180000	0.000000	-0.000000	0.000000	1
18	0.000000	2.200000	0.000000	-0.000000	0.000000	1
18	0.000000	2.220000	0.000000	-0.000000	0.000000	1
18	0.000000	2.240000	0.000000	-0.000000	0.000000	1
18	0.000000	2.260000	0.000000	-0.000000	0.000000	1
18	0.000000	2.280000	0.000000	-0.000000	0.000000	1
18	0.000000	2.300000	0.000000	-0.000000	0.000000	1
18	0.000000	2.320000	0.000000	-0.000000	0.000000	1
18	0.000000	2.340000	0.000000	-0.000000	0.000000	1
18	0.000000	2.360000	0.000000	-0.000000	0.000000	1
18	0.000000	2.380000	0.000000	-0.000000	0.000000	1
18	0.000000	2.400000	0.000000	-0.000000	0.000000	1
18	0.000000	2.420000	0.000000	-0.000000	0.000000	1
18	0.000000	2.440000	0.000000	-0.000000	0.000000	1
18	0.000000	2.460000	0.000000	-0.000000	0.000000	1
18	0.000000	2.480000	0.000000	-0.000000	0.000000	1
18	0.000000	2.500000	0.000000	-0.000000	0.000000	1
18	0.000000	2.520000	0.000000	-0.000000	0.000000	1
18	0.000000	2.540000	0.000000	-0.000000	0.000000	1
18	0.000000	2.560000	0.000000	-0.000000	0.000000	1
18	0.000000	2.580000	0.000000	-0.000000	0.000000	1
18	0.000000	2.600000	0.000000	-0.000000	0.000000	1
18	0.000000	2.620000	0.000000	-0.000000	0.000000	1
18	0.000000	2.640000	0.000000	-0.000000	0.000000	1
18	0.000000	2.660000	0.000000	-0.000000	0.000000	1
18	0.000000	2.680000	0.000000	-0.000000	0.000000	1
18	0.000000	2.700000	0.000000	-0.000000	0.000000	1
18	0.000000	2.720000	0.000000	-0.000000	0.000000	1
18	0.000000	2.740000	0.000000	-0.000000	0.000000	1
18	0.000000	2.760000	0.000000	-0.000000	0.000000	1
18	0.000000	2.780000	0.000000	-0.000000	0.000000	1
18	0.000000	2.800000	0.000000	-0.000000	0.000000	1
18	0.000000	2.820000	0.000000	-0.000000	0.000000	1
18	0.000000	2.840000	0.000000	-0.000000	0.000000	1
18	0.000000	2.860000	0.000000	-0.000000	0.000000	1
18	0.000000	2.880000	0.000000	-0.000000	0.000000	1
18	0.000000	2.900000	0.000000	-0.000000	0.000000	1
18	0.000000	2.920000	0.000000	-0.000000	0.000000	1
18	0.000000	2.940000	0.000000	-0.000000	0.000000	1
18	0.000000	2.960000	0.000000	-0.000000	0.000000	1
18	0.000000	2.980000	0.000000	-0.000000	0.000000	1
18	0.000000	3.000000	0.000000	-0.000000	0.000000	1
18	0.000000	3.020000	0.000000	-0.000000	0.000000	1
18	0.000000	3.040000	0.000000	-0.000000	0.000000	1
18	0.000000	3.060000	0.000000	-0.000000	0.000000	1
18	0.000000	3.080000	0.000000	-0.000000	0.000000	1
18	0.000000	3.100000	0.000000	-0.000000	0.000000	1
18	0.000000	3.120000	0.000000	-0.000000	0.000000	1
18	0.000000	3.140000	0.000000	-0.000000	0.000000	1
18	0.000000	3.160000	0.000000	-0.000000	0.000000	1
18	0.000000	3.180000	0.000000	-0.000000	0.000000	1
18	0.000000	3.200000	0.000000	-0.000000	0.000000	1
18	0.000000	3.220000	0.000000	-0.000000	0.000000	1
18	0.000000	3.240000	0.000000	-0.000000	0.000000	1
18	0.000000	3.260000	0.000000	-0.000000	0.000000	1
18	0.000000	3.280000	0.000000	-0.000000	0.000000	1
18	0.000000	3.300000	0.000000	-0.000000	0.000000	1
18	0.000000	3.320000	0.000000	-0.000000	0.000000	1
18	0.000000	3.340000	0.000000	-0.000000	0.000000	1
18	0.000000	3.360000	0.000000	-0.000000	0.000000	1
18	0.000000	3.380000	0.000000	-0.000000	0.000000	1
18	0.000000	3.400000	0.000000	-0.000000	0.000000	1
18	0.000000	3.420000	0.000000	-0.000000	0.000000	1
18	0.000000	3.440000	0.000000	-0.000000	0.000000	1
18	0.000000	3.460000	0.000000	-0.000000	0.000000	1
18	0.000000	3.480000	0.000000	-0.000000	0.000000	1
18	0.000000	3.500000	0.000000	-0.000000	0.000000	1
18	0.000000	3.520000	0.000000	-0.000000	0.000000	1
18	0.000000	3.540000	0.000000	-0.000000	0.000000	1
18	0.000000	3.560000	0.000000	-0.000000	0.000000	1
18	0.000000	3.580000	0.000000	-0.000000	0.000000	1
18	0.000000	3.600000	0.000000	-0.000000	0.000000	1
18	0.000000	3.620000	0.000000	-0.000000	0.000000	1
18	0.000000	3.640000	0.000000	-0.000000	0.000000	1
18	0.000000	3.660000	0.000000	-0.000000	0.000000	1
18	0.000000	3.680000	0.000000	-0.000000	0.000000	1
18	0.000000	3.700000	0.000000	-0.000000	0.000000	1
18	0.000000	3.720000	0.000000	-0.000000	0.000000	1
18	0.000000	3.740000	0.000000	-0.000000	0.000000	1
18	0.000000	3.760000	0.000000	-0.000000	0.000000	1
18	0.000000	3.780000	0.000000	-0.000000	0.000000	1
18	0.000000	3.800000	0.000000	-0.000000	0.000000	1
18	0.000000	3.820000	0.000000	-0.000000	0.000000	1
18	0.000000	3.840000	0.000000	-0.000000	0.000000	1
18	0.000000	3.860000	0.000000	-0.000000	0.000000	1
18	0.000000	3.880000	0.000000	-0.000000	0.000000	1
18	0.000000	3.900000	0.000000	-0.000000	0.000000	1
18	0.000000	3.920000	0.000000	-0.000000	0.000000	1
18	0.000000	3.940000	0.000000	-0.000000	0.000000	1
18	0.000000	3.960000	0.000000	-0.000000	0.000000	1
18	0.000000	3.980000	0.000000	-0.000000	0.000000	1
18	0.100000	0.000000	0.000000	-0.000000	0.000000	1
18	0.100000	0.020000	0.000000	-0.000000	0.000000	1
18	0.100000	0.040000	0.000000	-0.000000	0.000000	1
18	0.100000	0.060000	0.000000	-0.000000	0.000000	1
18	0.100000	0.080000	0.000000	-0.000000	0.000000	1
18	0.100000	0.100000	0.000000	-0.000000	0.000000	1
18	0.100000	0.120000	0.000000	-0.000000	0.000000	1
18	0.100000	0.140000	0.000000	-0.000000	0.000000	1
18	0.100000	0.160000	0.000000	-0.000000	0.000000	1
18	0.100000	0.180000	0.000000	-0.000000	0.000000	1
18	0.100000	0.200000	0.008989	-0.000000	0.000000	1
18	0.100000	0.220000	0.009004	-0.000000	0.000000	1
18	0.100000	0.240000	0.009018	-0.000000	0.000000	1
18	0.100000	0.260000	0.009032	-0.000000	0.000000	1
18	0.100000	0.280000	0.009044	-0.000000	0.000000	1
18	0.100000	0.300000	0.009056	-0.000000	0.000000	1
18	0.100000	0.320000	0.009067	-0.000000	0.000000	1
18	0.100000	0.340000	0.009076	-0.000000	0.000000	1
18	0.100000	0.360000	0.009085	-0.000000	0.000000	1
18	0.100000	0.380000	0.009093	-0.000000	0.000000	1
18	0.100000	0.400000	0.009100	-0.000000	0.000000	1
18	0.100000	0.420000	0.009106	-0.000000	0.000000	1
18	0.100000	0.440000	0.008410	-0.000000	0.000000	1
18	0.100000	0.460000	0.007101	-0.000000	0.000000	1
18	0.100000	0.480000	0.007102	-0.000000	0.000000	1
18	0.100000	0.500000	0.007097	-0.000000	0.000000	1
18	0.100000	0.520000	0.007026	-0.000000	0.000000	1
18	0.100000	0.540000	0.006698	-0.000000	0.000000	1
18	0.100000	0.560000	0.006538	-0.000000	0.000000	1
18	0.100000	0.580000	0.006540	-0.000000	0.000000	1
18	0.100000	0.600000	0.006558	-0.000000	0.000000	1
18	0.100000	0.620000	0.006685	-0.000000	0.000000	1
18	0.100000	0.640000	0.006715	-0.000000	0.000000	1
18	0.100000	0.660000	0.006869	-0.000000	0.000000	1
18	0.100000	0.680000	0.007589	-0.000000	0.000000	1
18	0.100000	0.700000	0.008574	-0.000000	0.000000	1
18	0.100000	0.720000	0.008915	-0.000000	0.000000	1
18	0.100000	0.740000	0.008826	-0.000000	0.000000	1
18	0.100000	0.760000	0.008051	-0.000000	0.000000	1
18	0.100000	0.780000	0.008031	-0.000000	0.000000	1
18	0.100000	0.800000	0.008036	-0.000000	0.000000	1
18	0.100000	0.820000	0.007840	-0.000000	0.000000	1
18	0.100000	0.840000	0.007223	-0.000000	0.000000	1
18	0.100000	0.860000	0.007096	-0.000000	0.000000	1
18	0.100000	0.880000	0.006784	-0.000000	0.000000	1
18	0.100000	0.900000	0.006612	-0.000000	0.000000	1
18	0.100000	0.920000	0.006631	-0.000000	0.000000	1
18	0.100000	0.940000	0.007519	-0.000000	0.000000	1
18	0.100000	0.960000	0.009208	-0.000000	0.000000	1
18	0.100000	0.980000	0.011078	-0.000000	0.000000	1
18	0.100000	1.000000	0.011777	-0.000000	0.000000	1
18	0.100000	1.020000	0.011991	-0.000000	0.000000	1
18	0.100000	1.040000	0.012093	-0.000000	0.000000	1
18	0.100000	1.060000	0.008038	-0.000000	0.000000	1
18	0.100000	1.080000	0.007030	-0.000000	0.000000	1
18	0.100000	1.100000	0.007042	-0.000000	0.000000	1
18	0.100000	1.120000	0.007090	-0.000000	0.000000	1
18	0.100000	1.140000	0.007968	-0.000000	0.000000	1
18	0.100000	1.160000	0.008150	-0.000000	0.000000	1
18	0.100000	1.180000	0.008149	-0.000000	0.000000	1
18	0.100000	1.200000	0.008191	-0.000000	0.000000	1
18	0.100000	1.220000	0.008404	-0.000000	0.000000	1
18	0.100000	1.240000	0.008473	-0.000000	0.000000	1
18	0.100000	1.260000	0.008007	-0.000000	0.000000	1
18	0.100000	1.280000	0.007637	-0.000000	0.000000	1
18	0.100000	1.300000	0.007293	-0.000000	0.000000	1
18	0.100000	1.320000	0.007182	-0.000000	0.000000	1
18	0.100000	1.340000	0.007200	-0.000000	0.000000	1
18	0.100000	1.360000	0.008229	-0.000000	0.000000	1
18	0.100000	1.380000	0.008806	-0.000000	0.000000	1
18	0.100000	1.400000	0.008794	-0.000000	0.000000	1
18	0.100000	1.420000	0.008496	-0.000000	0.000000	1
18	0.100000	1.440000	0.008447	-0.000000	0.000000	1
18	0.100000	1.460000	0.008518	-0.000000	0.000000	1
18	0.100000	1.480000	0.008462	-0.000000	0.000000	1
18	0.100000	1.500000	0.008191	-0.000000	0.000000	1
18	0.100000	1.520000	0.007734	-0.000000	0.000000	1
18	0.100000	1.540000	0.008031	-0.000000	0.000000	1
18	0.100000	1.560000	0.008239	-0.000000	0.000000	1
18	0.100000	1.580000	0.008178	-0.000000	0.000000	1
18	0.100000	1.600000	0.000000	-0.000000	0.000000	1
18	0.100000	1.620000	0.000000	-0.000000	0.000000	1
18	0.100000	1.640000	0.000000	-0.000000	0.000000	1
18	0.100000	1.660000	0.000000	-0.000000	0.000000	1
18	0.100000	1.680000	0.000000	-0.000000	0.000000	1
18	0.100000	1.700000	0.000000	-0.000000	0.000000	1
18	0.100000	1.720000	0.000000	-0.000000	0.000000	1
18	0.100000	1.740000	0.000000	-0.000000	0.000000	1
18	0.100000	1.760000	0.000000	-0.000000	0.000000	1
18	0.100000	1.780000	0.000000	-0.000000	0.000000	1
18	0.100000	1.800000	0.000000	-0.000000	0.000000	1
18	0.100000	1.820000	0.000000	-0.000000	0.000000	1
18	0.100000	1.840000	0.000000	-0.000000	0.000000	1
18	0.100000	1.860000	0.000000	-0.000000	0.000000	1
18	0.100000	1.880000	0.000000	-0.000000	0.000000	1
18	0.100000	1.900000	0.000000	-0.000000	0.000000	1
18	0.100000	1.920000	0.000000	-0.000000	0.000000	1
18	0.100000	1.940000	0.000000	-0.000000	0.000000	1
18	0.100000	1.960000	0.000000	-0.000000	0.000000	1
18	0.100000	1.980000	0.000000	-0.000000	0.000000	1
18	0.100000	2.000000	0.000000	-0.000000	0.000000	1
18	0.100000	2.020000	0.000000	-0.000000	0.000000	1
18	0.100000	2.040000	0.000000	-0.000000	0.000000	1
18	0.100000	2.060000	0.000000	-0.000000	0.000000	1
18	0.100000	2.080000	0.000000	-0.000000	0.000000	1
18	0.100000	2.100000	0.000000	-0.000000	0.000000	1
18	0.100000	2.120000	0.000000	-0.000000	0.000000	1
18	0.100000	2.140000	0.000000	-0.000000	0.000000	1
18	0.100000	2.160000	0.000000	-0.000000	0.000000	1
18	0.100000	2.180000	0.000000	-0.000000	0.000000	1
18	0.100000	2.200000	0.000000	-0.000000	0.000000	1
18	0.100000	2.220000	0.000000	-0.000000	0.000000	1
18	0.100000	2.240000	0.000000	-0.000000	0.000000	1
18	0.100000	2.260000	0.000000	-0.000000	0.000000	1
18	0.100000	2.280000	0.000000	-0.000000	0.000000	1
18	0.100000	2.300000	0.000000	-0.000000	0.000000	1
18	0.100000	2.320000	0.000000	-0.000000	0.000000	1
18	0.100000	2.340000	0.000000	-0.000000	0.000000	1
18	0.100000	2.360000	0.000000	-0.000000	0.000000	1
18	0.100000	2.380000	0.000000	-0.000000	0.000000	1
18	0.100000	2.400000	0.000000	-0.000000	0.000000	1
18	0.100000	2.420000	0.000000	-0.000000	0.000000	1
18	0.100000	2.440000	0.000000	-0.000000	0.000000	1
18	0.100000	2.460000	0.000000	-0.000000	0.000000	1
18	0.100000	2.480000	0.000000	-0.000000	0.000000	1
18	0.100000	2.500000	0.000000	-0.000000	0.000000	1
18	0.100000	2.520000	0.000000	-0.000000	0.000000	1
18	0.100000	2.540000	0.000000	-0.000000	0.000000	1
18	0.100000	2.560000	0.000000	-0.000000	0.000000	1
18	0.100000	2.580000	0.000000	-0.000000	0.000000	1
18	0.100000	2.600000	0.000000	-0.000000	0.000000	1
18	0.100000	2.620000	0.000000	-0.000000	0.000000	1
18	0.100000	2.640000	0.000000	-0.000000	0.000000	1
18	0.100000	2.660000	0.000000	-0.000000	0.000000	1
18	0.100000	2.680000	0.000000	-0.000000	0.000000	1
18	0.100000	2.700000	0.000000	-0.000000	0.000000	1
18	0.100000	2.720000	0.000000	-0.000000	0.000000	1
18	0.100000	2.740000	0.000000	-0.000000	0.000000	1
18	0.100000	2.760000	0.000000	-0.000000	0.000000	1
18	0.100000	2.780000	0.000000	-0.000000	0.000000	1
18	0.100000	2.800000	0.000000	-0.000000	0.000000	1
18	0.100000	2.820000	0.000000	-0.000000	0.000000	1
18	0.100000	2.840000	0.000000	-0.000000	0.000000	1
18	0.100000	2.860000	0.000000	-0.000000	0.000000	1
18	0.100000	2.880000	0.000000	-0.000000	0.000000	1
18	0.100000	2.900000	0.000000	-0.000000	0.000000	1
18	0.100000	2.920000	0.000000	-0.000000	0.000000	1
18	0.100000	2.940000	0.000000	-0.000000	0.000000	1
18	0.100000	2.960000	0.000000	-0.000000	0.000000	1
18	0.100000	2.980000	0.000000	-0.000000	0.000000	1
18	0.100000	3.000000	0.000000	-0.000000	0.000000	1
18	0.100000	3.020000	0.000000	-0.000000	0.000000	1
18	0.100000	3.040000	0.000000	-0.000000	0.000000	1
18	0.100000	3.060000	0.000000	-0.000000	0.000000	1
18	0.100000	3.080000	0.000000	-0.000000	0.000000	1
18	0.100000	3.100000	0.000000	-0.000000	0.000000	1
18	0.100000	3.120000	0.000000	-0.000000	0.000000	1
18	0.100000	3.140000	0.000000	-0.000000	0.000000	1
18	0.100000	3.160000	0.000000	-0.000000	0.000000	1
18	0.100000	3.180000	0.000000	-0.000000	0.000000	1
18	0.100000	3.200000	0.000000	-0.000000	0.000000	1
18	0.100000	3.220000	0.000000	-0.000000	0.000000	1
18	0.100000	3.240000	0.000000	-0.000000	0.000000	1
18	0.100000	3.260000	0.000000	-0.000000	0.000000	1
18	0.100000	3.280000	0.000000	-0.000000	0.000000	1
18	0.100000	3.300000	0.000000	-0.000000	0.000000	1
18	0.100000	3.320000	0.000000	-0.000000	0.000000	1
18	0.100000	3.340000	0.000000	-0.000000	0.000000	1
18	0.100000	3.360000	0.000000	-0.000000	0.000000	1
18	0.100000	3.380000	0.000000	-0.000000	0.000000	1
18	0.100000	3.400000	0.000000	-0.000000	0.000000	1
18	0.100000	3.420000	0.000000	-0.000000	0.000000	1
18	0.100000	3.440000	0.000000	-0.000000	0.000000	1
18	0.100000	3.460000	0.000000	-0.000000	0.000000	1
18	0.100000	3.480000	0.000000	-0.000000	0.000000	1
18	0.100000	3.500000	0.000000	-0.000000	0.000000	1
18	0.100000	3.520000	0.000000	-0.000000	0.000000	1
18	0.100000	3.540000	0.000000	-0.000000	0.000000	1
18	0.100000	3.560000	0.000000	-0.000000	0.000000	1
18	0.100000	3.580000	0.000000	-0.000000	0.000000	1
18	0.100000	3.600000	0.000000	-0.000000	0.000000	1
18	0.100000	3.620000	0.000000	-0.000000	0.000000	1
18	0.100000	3.640000	0.000000	-0.000000	0.000000	1
18	0.100000	3.660000	0.000000	-0.000000	0.000000	1
18	0.100000	3.680000	0.000000	-0.000000	0.000000	1
18	0.100000	3.700000	0.000000	-0.000000	0.000000	1
18	0.100000	3.720000	0.000000	-0.000000	0.000000	1
18	0.100000	3.740000	0.000000	-0.000000	0.000000	1
18	0.100000	3.760000	0.000000	-0.000000	0.000000	1
18	0.100000	3.780000	0.000000	-0.000000	0.000000	1
18	0.100000	3.800000	0.000000	-0.000000	0.000000	1
18	0.100000	3.820000	0.000000	-0.000000	0.000000	1
18	0.100000	3.840000	0.000000	-0.000000	0.000000	1
18	0.100000	3.860000	0.000000	-0.000000	0.000000	1
18	0.100000	3.880000	0.000000	-0.000000	0.000000	1
18	0.100000	3.900000	0.000000	-0.000000	0.000000	1
18	0.100000	3.920000	0.000000	-0.000000	0.000000	1
18	0.100000	3.940000	0.000000	-0.000000	0.000000	1
18	0.100000	3.960000	0.000000	-0.000000	0.000000	1
18	0.100000	3.980000	0.000000	-0.000000	0.000000	1
18	0.200000	0.000000	0.000000	-0.000000	0.000000	1
18	0.200000	0.020000	0.000000	-0.000000	0.000000	1
18	0.200000	0.040000	0.000000	-0.000000	0.000000	1
18	0.200000	0.060000	0.000000	-0.000000	0.000000	1
18	0.200000	0.080000	0.000000	-0.000000	0.000000	1
18	0.200000	0.100000	0.000000	-0.000000	0.000000	1
18	0.200000	0.120000	0.000000	-0.000000	0.000000	1
18	0.200000	0.140000	0.000000	-0.000000	0.000000	1
18	0.200000	0.160000	0.000000	-0.000000	0.000000	1
18	0.200000	0.180000	0.000000	-0.000000	0.000000	1
18	0.200000	0.200000	0.008835	-0.000000	0.000000	1
18	0.200000	0.220000	0.008881	-0.000000	0.000000	1
18	0.200000	0.240000	0.008925	-0.000000	0.000000	1
18	0.200000	0.260000	0.008966	-0.000000	0.000000	1
18	0.200000	0.280000	0.009003	-0.000000	0.000000	1
18	0.200000	0.300000	0.009036	-0.000000	0.000000	1
18	0.200000	0.320000	0.009065	-0.000000	0.000000	1
18	0.200000	0.340000	0.009090	-0.000000	0.000000	1
18	0.200000	0.360000	0.009111	-0.000000	0.000000	1
18	0.200000	0.380000	0.009128	-0.000000	0.000000	1
18	0.200000	0.400000	0.009140	-0.000000	0.000000	1
18	0.200000	0.420000	0.009148	-0.000000	0.000000	1
18	0.200000	0.440000	0.008416	-0.000000	0.000000	1
18	0.200000	0.460000	0.007063	-0.000000	0.000000	1
18	0.200000	0.480000	0.007064	-0.000000	0.000000	1
18	0.200000	0.500000	0.007059	-0.000000	0.000000	1
18	0.200000	0.520000	0.006987	-0.000000	0.000000	1
18	0.200000	0.540000	0.006670	-0.000000	0.000000	1
18	0.200000	0.560000	0.006538	-0.000000	0.000000	1
18	0.200000	0.580000	0.006562	-0.000000	0.000000	1
18	0.200000	0.600000	0.006602	-0.000000	0.000000	1
18	0.200000	0.620000	0.006743	-0.000000	0.000000	1
18	0.200000	0.640000	0.006753	-0.000000	0.000000	1
18	0.200000	0.660000	0.006888	-0.000000	0.000000	1
18	0.200000	0.680000	0.007587	-0.000000	0.000000	1
18	0.200000	0.700000	0.008562	-0.000000	0.000000	1
18	0.200000	0.720000	0.008910	-0.000000	0.000000	1
18	0.200000	0.740000	0.008815	-0.000000	0.000000	1
18	0.200000	0.760000	0.008002	-0.000000	0.000000	1
18	0.200000	0.780000	0.007992	-0.000000	0.000000	1
18	0.200000	0.800000	0.008007	-0.000000	0.000000	1
18	0.200000	0.820000	0.007822	-0.000000	0.000000	1
18	0.200000	0.840000	0.007228	-0.000000	0.000000	1
18	0.200000	0.860000	0.007092	-0.000000	0.000000	1
18	0.200000	0.880000	0.006774	-0.000000	0.000000	1
18	0.200000	0.900000	0.006622	-0.000000	0.000000	1
18	0.200000	0.920000	0.006668	-0.000000	0.000000	1
18	0.200000	0.940000	0.007624	-0.000000	0.000000	1
18	0.200000	0.960000	0.009314	-0.000000	0.000000	1
18	0.200000	0.980000	0.011138	-0.000000	0.000000	1
18	0.200000	1.000000	0.011882	-0.000000	0.000000	1
18	0.200000	1.020000	0.012238	-0.000000	0.000000	1
18	0.200000	1.040000	0.012564	-0.000000	0.000000	1
18	0.200000	1.060000	0.008188	-0.000000	0.000000	1
18	0.200000	1.080000	0.007018	-0.000000	0.000000	1
18	0.200000	1.100000	0.007043	-0.000000	0.000000	1
18	0.200000	1.120000	0.007104	-0.000000	0.000000	1
18	0.200000	1.140000	0.007978	-0.000000	0.000000	1
18	0.200000	1.160000	0.008162	-0.000000	0.000000	1
18	0.200000	1.180000	0.008169	-0.000000	0.000000	1
18	0.200000	1.200000	0.008221	-0.000000	0.000000	1
18	0.200000	1.220000	0.008465	-0.000000	0.000000	1
18	0.200000	1.240000	0.008549	-0.000000	0.000000	1
18	0.200000	1.260000	0.008046	-0.000000	0.000000	1
18	0.200000	1.280000	0.007683	-0.000000	0.000000	1
18	0.200000	1.300000	0.007363	-0.000000	0.000000	1
18	0.200000	1.320000	0.007239	-0.000000	0.000000	1
18	0.200000	1.340000	0.007240	-0.000000	0.000000	1
18	0.200000	1.360000	0.008285	-0.000000	0.000000	1
18	0.200000	1.380000	0.008888	-0.000000	0.000000	1
18	0.200000	1.400000	0.008917	-0.000000	0.000000	1
18	0.200000	1.420000	0.008637	-0.000000	0.000000	1
18	0.200000	1.440000	0.008569	-0.000000	0.000000	1
18	0.200000	1.460000	0.008582	-0.000000	0.000000	1
18	0.200000	1.480000	0.008470	-0.000000	0.000000	1
18	0.200000	1.500000	0.008185	-0.000000	0.000000	1
18	0.200000	1.520000	0.007776	-0.000000	0.000000	1
18	0.200000	1.540000	0.008168	-0.000000	0.000000	1
18	0.200000	1.560000	0.008477	-0.000000	0.000000	1
18	0.200000	1.580000	0.008598	-0.000000	0.000000	1
18	0.200000	1.600000	0.000000	-0.000000	0.000000	1
18	0.200000	1.620000	0.000000	-0.000000	0.000000	1
18	0.200000	1.640000	0.000000	-0.000000	0.000000	1
18	0.200000	1.660000	0.000000	-0.000000	0.000000	1
18	0.200000	1.680000	0.000000	-0.000000	0.000000	1
18	0.200000	1.700000	0.000000	-0.000000	0.000000	1
18	0.200000	1.720000	0.000000	-0.000000	0.000000	1
18	0.200000	1.740000	0.000000	-0.000000	0.000000	1
18	0.200000	1.760000	0.000000	-0.000000	0.000000	1
18	0.200000	1.780000	0.000000	-0.000000	0.000000	1
18	0.200000	1.800000	0.000000	-0.000000	0.000000	1
18	0.200000	1.820000	0.000000	-0.000000	0.000000	1
18	0.200000	1.840000	0.000000	-0.000000	0.000000	1
18	0.200000	1.860000	0.000000	-0.000000	0.000000	1
18	0.200000	1.880000	0.000000	-0.000000	0.000000	1
18	0.200000	1.900000	0.000000	-0.000000	0.000000	1
18	0.200000	1.920000	0.000000	-0.000000	0.000000	1
18	0.200000	1.940000	0.000000	-0.000000	0.000000	1
18	0.200000	1.960000	0.000000	-0.000000	0.000000	1
18	0.200000	1.980000	0.000000	-0.000000	0.000000	1
18	0.200000	2.000000	0.000000	-0.000000	0.000000	1
18	0.200000	2.020000	0.000000	-0.000000	0.000000	1
18	0.200000	2.040000	0.000000	-0.000000	0.000000	1
18	0.200000	2.060000	0.000000	-0.000000	0.000000	1
18	0.200000	2.080000	0.000000	-0.000000	0.000000	1
18	0.200000	2.100000	0.000000	-0.000000	0.000000	1
18	0.200000	2.120000	0.000000	-0.000000	0.000000	1
18	0.200000	2.140000	0.000000	-0.000000	0.000000	1
18	0.200000	2.160000	0.000000	-0.000000	0.000000	1
18	0.200000	2.180000	0.000000	-0.000000	0.000000	1
18	0.200000	2.200000	0.000000	-0.000000	0.000000	1
18	0.200000	2.220000	0.000000	-0.000000	0.000000	1
18	0.200000	2.240000	0.000000	-0.000000	0.000000	1
18	0.200000	2.260000	0.000000	-0.000000	0.000000	1
18	0.200000	2.280000	0.000000	-0.000000	0.000000	1
18	0.200000	2.300000	0.000000	-0.000000	0.000000	1
18	0.200000	2.320000	0.000000	-0.000000	0.000000	1
18	0.200000	2.340000	0.000000	-0.000000	0.000000	1
18	0.200000	2.360000	0.000000	-0.000000	0.000000	1
18	0.200000	2.380000	0.000000	-0.000000	0.000000	1
18	0.200000	2.400000	0.000000	-0.000000	0.000000	1
18	0.200000	2.420000	0.000000	-0.000000	0.000000	1
18	0.200000	2.440000	0.000000	-0.000000	0.000000	1
18	0.200000	2.460000	0.000000	-0.000000	0.000000	1
18	0.200000	2.480000	0.000000	-0.000000	0.000000	1
18	0.200000	2.500000	0.000000	-0.000000	0.000000	1
18	0.200000	2.520000	0.000000	-0.000000	0.000000	1
18	0.200000	2.540000	0.000000	-0.000000	0.000000	1
18	0.200000	2.560000	0.000000	-0.000000	0.000000	1
18	0.200000	2.580000	0.000000	-0.000000	0.000000	1
18	0.200000	2.600000	0.000000	-0.000000	0.000000	1
18	0.200000	2.620000	0.000000	-0.000000	0.000000	1
18	0.200000	2.640000	0.000000	-0.000000	0.000000	1
18	0.200000	2.660000	0.000000	-0.000000	0.000000	1
18	0.200000	2.680000	0.000000	-0.000000	0.000000	1
18	0.200000	2.700000	0.000000	-0.000000	0.000000	1
18	0.200000	2.720000	0.000000	-0.000000	0.000000	1
18	0.200000	2.740000	0.000000	-0.000000	0.000000	1
18	0.200000	2.760000	0.000000	-0.000000	0.000000	1
18	0.200000	2.780000	0.000000	-0.000000	0.000000	1
18	0.200000	2.800000	0.000000	-0.000000	0.000000	1
18	0.200000	2.820000	0.000000	-0.000000	0.000000	1
18	0.200000	2.840000	0.000000	-0.000000	0.000000	1
18	0.200000	2.860000	0.000000	-0.000000	0.000000	1
18	0.200000	2.880000	0.000000	-0.000000	0.000000	1
18	0.200000	2.900000	0.000000	-0.000000	0.000000	1
18	0.200000	2.920000	0.000000	-0.000000	0.000000	1
18	0.200000	2.940000	0.000000	-0.000000	0.000000	1
18	0.200000	2.960000	0.000000	-0.000000	0.000000	1
18	0.200000	2.980000	0.000000	-0.000000	0.000000	1
18	0.200000	3.000000	0.000000	-0.000000	0.000000	1
18	0.200000	3.020000	0.000000	-0.000000	0.000000	1
18	0.200000	3.040000	0.000000	-0.000000	0.000000	1
18	0.200000	3.060000	0.000000	-0.000000	0.000000	1
18	0.200000	3.080000	0.000000	-0.000000	0.000000	1
18	0.200000	3.100000	0.000000	-0.000000	0.000000	1
18	0.200000	3.120000	0.000000	-0.000000	0.000000	1
18	0.200000	3.140000	0.000000	-0.000000	0.000000	1
18	0.200000	3.160000	0.000000	-0.000000	0.000000	1
18	0.200000	3.180000	0.000000	-0.000000	0.000000	1
18	0.200000	3.200000	0.000000	-0.000000	0.000000	1
18	0.200000	3.220000	0.000000	-0.000000	0.000000	1
18	0.200000	3.240000	0.000000	-0.000000	0.000000	1
18	0.200000	3.260000	0.000000	-0.000000	0.000000	1
18	0.200000	3.280000	0.000000	-0.000000	0.000000	1
18	0.200000	3.300000	0.000000	-0.000000	0.000000	1
18	0.200000	3.320000	0.000000	-0.000000	0.000000	1
18	0.200000	3.340000	0.000000	-0.000000	0.000000	1
18	0.200000	3.360000	0.000000	-0.000000	0.000000	1
18	0.200000	3.380000	0.000000	-0.000000	0.000000	1
18	0.200000	3.400000	0.000000	-0.000000	0.000000	1
18	0.200000	3.420000	0.000000	-0.000000	0.000000	1
18	0.200000	3.440000	0.000000	-0.000000	0.000000	1
18	0.200000	3.460000	0.000000	-0.000000	0.000000	1
18	0.200000	3.480000	0.000000	-0.000000	0.000000	1
18	0.200000	3.500000	0.000000	-0.000000	0.000000	1
18	0.200000	3.520000	0.000000	-0.000000	0.000000	1
18	0.200000	3.540000	0.000000	-0.000000	0.000000	1
18	0.200000	3.560000	0.000000	-0.000000	0.000000	1
18	0.200000	3.580000	0.000000	-0.000000	0.000000	1
18	0.200000	3.600000	0.000000	-0.000000	0.000000	1
18	0.200000	3.620000	0.000000	-0.000000	0.000000	1
18	0.200000	3.640000	0.000000	-0.000000	0.000000	1
18	0.200000	3.660000	0.000000	-0.000000	0.000000	1
18	0.200000	3.680000	0.000000	-0.000000	0.000000	1
18	0.200000	3.700000	0.000000	-0.000000	0.000000	1
18	0.200000	3.720000	0.000000	-0.000000	0.000000	1
18	0.200000	3.740000	0.000000	-0.000000	0.000000	1
18	0.200000	3.760000	0.000000	-0.000000	0.000000	1
18	0.200000	3.780000	0.000000	-0.000000	0.000000	1
18	0.200000	3.800000	0.000000	-0.000000	0.000000	1
18	0.200000	3.820000	0.000000	-0.000000	0.000000	1
18	0.200000	3.840000	0.000000	-0.000000	0.000000	1
18	0.200000	3.860000	0.000000	-0.000000	0.000000	1
18	0.200000	3.880000	0.000000	-0.000000	0.000000	1
18	0.200000	3.900000	0.000000	-0.000000	0.000000	1
18	0.200000	3.920000	0.000000	-0.000000	0.000000	1
18	0.200000	3.940000	0.000000	-0.000000	0.000000	1
18	0.200000	3.960000	0.000000	-0.000000	0.000000	1
18	0.200000	3.980000	0.000000	-0.000000	0.000000	1
18	0.300000	0.000000	0.000000	-0.000000	0.000000	1
18	0.300000	0.020000	0.000000	-0.000000	0.000000	1
18	0.300000	0.040000	0.000000	-0.000000	0.000000	1
18	0.300000	0.060000	0.000000	-0.000000	0.000000	1
18	0.300000	0.080000	0.000000	-0.000000	0.000000	1
18	0.300000	0.100000	0.000000	-0.000000	0.000000	1
18	0.300000	0.120000	0.000000	-0.000000	0.000000	1
18	0.300000	0.140000	0.000000	-0.000000	0.000000	1
18	0.300000	0.160000	0.000000	-0.000000	0.000000	1
18	0.300000	0.180000	0.000000	-0.000000	0.000000	1
18	0.300000	0.200000	0.008606	-0.000000	0.000000	1
18	0.300000	0.220000	0.008692	-0.000000	0.000000	1
18	0.300000	0.240000	0.008777	-0.000000	0.000000	1
18	0.300000	0.260000	0.008858	-0.000000	0.000000	1
18	0.300000	0.280000	0.008932	-0.000000	0.000000	1
18	0.300000	0.300000	0.008999	-0.000000	0.000000	1
18	0.300000	0.320000	0.009057	-0.000000	0.000000	1
18	0.300000	0.340000	0.009105	-0.000000	0.000000	1
18	0.300000	0.360000	0.009141	-0.000000	0.000000	1
18	0.300000	0.380000	0.009167	-0.000000	0.000000	1
18	0.300000	0.400000	0.009181	-0.000000	0.000000	1
18	0.300000	0.420000	0.009186	-0.000000	0.000000	1
18	0.300000	0.440000	0.008415	-0.000000	0.000000	1
18	0.300000	0.460000	0.007022	-0.000000	0.000000	1
18	0.300000	0.480000	0.007021	-0.000000	0.000000	1
18	0.300000	0.500000	0.007015	-0.000000	0.000000	1
18	0.300000	0.520000	0.006942	-0.000000	0.000000	1
18	0.300000	0.540000	0.006643	-0.000000	0.000000	1
18	0.300000	0.560000	0.006544	-0.000000	0.000000	1
18	0.300000	0.580000	0.006593	-0.000000	0.000000	1
18	0.300000	0.600000	0.006654	-0.000000	0.000000	1
18	0.300000	0.620000	0.006824	-0.000000	0.000000	1
18	0.300000	0.640000	0.006810	-0.000000	0.000000	1
18	0.300000	0.660000	0.006920	-0.000000	0.000000	1
18	0.300000	0.680000	0.007593	-0.000000	0.000000	1
18	0.300000	0.700000	0.008554	-0.000000	0.000000	1
18	0.300000	0.720000	0.008908	-0.000000	0.000000	1
18	0.300000	0.740000	0.008803	-0.000000	0.000000	1
18	0.300000	0.760000	0.007958	-0.000000	0.000000	1
18	0.300000	0.780000	0.007961	-0.000000	0.000000	1
18	0.300000	0.800000	0.007986	-0.000000	0.000000	1
18	0.300000	0.820000	0.007810	-0.000000	0.000000	1
18	0.300000	0.840000	0.007235	-0.000000	0.000000	1
18	0.300000	0.860000	0.007093	-0.000000	0.000000	1
18	0.300000	0.880000	0.006781	-0.000000	0.000000	1
18	0.300000	0.900000	0.006656	-0.000000	0.000000	1
18	0.300000	0.920000	0.006770	-0.000000	0.000000	1
18	0.300000	0.940000	0.007960	-0.000000	0.000000	1
18	0.300000	0.960000	0.009261	-0.000000	0.000000	1
18	0.300000	0.980000	0.010898	-0.000000	0.000000	1
18	0.300000	1.000000	0.011714	-0.000000	0.000000	1
18	0.300000	1.020000	0.012266	-0.000000	0.000000	1
18	0.300000	1.040000	0.012948	-0.000000	0.000000	1
18	0.300000	1.060000	0.008429	-0.000000	0.000000	1
18	0.300000	1.080000	0.007022	-0.000000	0.000000	1
18	0.300000	1.100000	0.007055	-0.000000	0.000000	1
18	0.300000	1.120000	0.007126	-0.000000	0.000000	1
18	0.300000	1.140000	0.007987	-0.000000	0.000000	1
18	0.300000	1.160000	0.008178	-0.000000	0.000000	1
18	0.300000	1.180000	0.008196	-0.000000	0.000000	1
18	0.300000	1.200000	0.008255	-0.000000	0.000000	1
18	0.300000	1.220000	0.008524	-0.000000	0.000000	1
18	0.300000	1.240000	0.008616	-0.000000	0.000000	1
18	0.300000	1.260000	0.008096	-0.000000	0.000000	1
18	0.300000	1.280000	0.007761	-0.000000	0.000000	1
18	0.300000	1.300000	0.007476	-0.000000	0.000000	1
18	0.300000	1.320000	0.007321	-0.000000	0.000000	1
18	0.300000	1.340000	0.007288	-0.000000	0.000000	1
18	0.300000	1.360000	0.008268	-0.000000	0.000000	1
18	0.300000	1.380000	0.008884	-0.000000	0.000000	1
18	0.300000	1.400000	0.008976	-0.000000	0.000000	1
18	0.300000	1.420000	0.008639	-0.000000	0.000000	1
18	0.300000	1.440000	0.008467	-0.000000	0.000000	1
18	0.300000	1.460000	0.008514	-0.000000	0.000000	1
18	0.300000	1.480000	0.008450	-0.000000	0.000000	1
18	0.300000	1.500000	0.008185	-0.000000	0.000000	1
18	0.300000	1.520000	0.007812	-0.000000	0.000000	1
18	0.300000	1.540000	0.008233	-0.000000	0.000000	1
18	0.300000	1.560000	0.008562	-0.000000	0.000000	1
18	0.300000	1.580000	0.008808	-0.000000	0.000000	1
18	0.300000	1.600000	0.000000	-0.000000	0.000000	1
18	0.300000	1.620000	0.000000	-0.000000	0.000000	1
18	0.300000	1.640000	0.000000	-0.000000	0.000000	1
18	0.300000	1.660000	0.000000	-0.000000	0.000000	1
18	0.300000	1.680000	0.000000	-0.000000	0.000000	1
18	0.300000	1.700000	0.000000	-0.000000	0.000000	1
18	0.300000	1.720000	0.000000	-0.000000	0.000000	1
18	0.300000	1.740000	0.000000	-0.000000	0.000000	1
18	0.300000	1.760000	0.000000	-0.000000	0.000000	1
18	0.300000	1.780000	0.000000	-0.000000	0.000000	1
18	0.300000	1.800000	0.000000	-0.000000	0.000000	1
18	0.300000	1.820000	0.000000	-0.000000	0.000000	1
18	0.300000	1.840000	0.000000	-0.000000	0.000000	1
18	0.300000	1.860000	0.000000	-0.000000	0.000000	1
18	0.300000	1.880000	0.000000	-0.000000	0.000000	1
18	0.300000	1.900000	0.000000	-0.000000	0.000000	1
18	0.300000	1.920000	0.000000	-0.000000	0.000000	1
18	0.300000	1.940000	0.000000	-0.000000	0.000000	1
18	0.300000	1.960000	0.000000	-0.000000	0.000000	1
18	0.300000	1.980000	0.000000	-0.000000	0.000000	1
18	0.300000	2.000000	0.000000	-0.000000	0.000000	1
18	0.300000	2.020000	0.000000	-0.000000	0.000000	1
18	0.300000	2.040000	0.000000	-0.000000	0.000000	1
18	0.300000	2.060000	0.000000	-0.000000	0.000000	1
18	0.300000	2.080000	0.000000	-0.000000	0.000000	1
18	0.300000	2.100000	0.000000	-0.000000	0.000000	1
18	0.300000	2.120000	0.000000	-0.000000	0.000000	1
18	0.300000	2.140000	0.000000	-0.000000	0.000000	1
18	0.300000	2.160000	0.000000	-0.000000	0.000000	1
18	0.300000	2.180000	0.000000	-0.000000	0.000000	1
18	0.300000	2.200000	0.000000	-0.000000	0.000000	1
18	0.300000	2.220000	0.000000	-0.000000	0.000000	1
18	0.300000	2.240000	0.000000	-0.000000	0.000000	1
18	0.300000	2.260000	0.000000	-0.000000	0.000000	1
18	0.300000	2.280000	0.000000	-0.000000	0.000000	1
18	0.300000	2.300000	0.000000	-0.000000	0.000000	1
18	0.300000	2.320000	0.000000	-0.000000	0.000000	1
18	0.300000	2.340000	0.000000	-0.000000	0.000000	1
18	0.300000	2.360000	0.000000	-0.000000	0.000000	1
18	0.300000	2.380000	0.000000	-0.000000	0.000000	1
18	0.300000	2.400000	0.000000	-0.000000	0.000000	1
18	0.300000	2.420000	0.000000	-0.000000	0.000000	1
18	0.300000	2.440000	0.000000	-0.000000	0.000000	1
18	0.300000	2.460000	0.000000	-0.000000	0.000000	1
18	0.300000	2.480000	0.000000	-0.000000	0.000000	1
18	0.300000	2.500000	0.000000	-0.000000	0.000000	1
18	0.300000	2.520000	0.000000	-0.000000	0.000000	1
18	0.300000	2.540000	0.000000	-0.000000	0.000000	1
18	0.300000	2.560000	0.000000	-0.000000	0.000000	1
18	0.300000	2.580000	0.000000	-0.000000	0.000000	1
18	0.300000	2.600000	0.000000	-0.000000	0.000000	1
18	0.300000	2.620000	0.000000	-0.000000	0.000000	1
18	0.300000	2.640000	0.000000	-0.000000	0.000000	1
18	0.300000	2.660000	0.000000	-0.000000	0.000000	1
18	0.300000	2.680000	0.000000	-0.000000	0.000000	1
18	0.300000	2.700000	0.000000	-0.000000	0.000000	1
18	0.300000	2.720000	0.000000	-0.000000	0.000000	1
18	0.300000	2.740000	0.000000	-0.000000	0.000000	1
18	0.300000	2.760000	0.000000	-0.000000	0.000000	1
18	0.300000	2.780000	0.000000	-0.000000	0.000000	1
18	0.300000	2.800000	0.000000	-0.000000	0.000000	1
18	0.300000	2.820000	0.000000	-0.000000	0.000000	1
18	0.300000	2.840000	0.000000	-0.000000	0.000000	1
18	0.300000	2.860000	0.000000	-0.000000	0.000000	1
18	0.300000	2.880000	0.000000	-0.000000	0.000000	1
18	0.300000	2.900000	0.000000	-0.000000	0.000000	1
18	0.300000	2.920000	0.000000	-0.000000	0.000000	1
18	0.300000	2.940000	0.000000	-0.000000	0.000000	1
18	0.300000	2.960000	0.000000	-0.000000	0.000000	1
18	0.300000	2.980000	0.000000	-0.000000	0.000000	1
18	0.300000	3.000000	0.000000	-0.000000	0.000000	1
18	0.300000	3.020000	0.000000	-0.000000	0.000000	1
18	0.300000	3.040000	0.000000	-0.000000	0.000000	1
18	0.300000	3.060000	0.000000	-0.000000	0.000000	1
18	0.300000	3.080000	0.000000	-0.000000	0.000000	1
18	0.300000	3.100000	0.000000	-0.000000	0.000000	1
18	0.300000	3.120000	0.000000	-0.000000	0.000000	1
18	0.300000	3.140000	0.000000	-0.000000	0.000000	1
18	0.300000	3.160000	0.000000	-0.000000	0.000000	1
18	0.300000	3.180000	0.000000	-0.000000	0.000000	1
18	0.300000	3.200000	0.000000	-0.000000	0.000000	1
18	0.300000	3.220000	0.000000	-0.000000	0.000000	1
18	0.300000	3.240000	0.000000	-0.000000	0.000000	1
18	0.300000	3.260000	0.000000	-0.000000	0.000000	1
18	0.300000	3.280000	0.000000	-0.000000	0.000000	1
18	0.300000	3.300000	0.000000	-0.000000	0.000000	1
18	0.300000	3.320000	0.000000	-0.000000	0.000000	1
18	0.300000	3.340000	0.000000	-0.000000	0.000000	1
18	0.300000	3.360000	0.000000	-0.000000	0.000000	1
18	0.300000	3.380000	0.000000	-0.000000	0.000000	1
18	0.300000	3.400000	0.000000	-0.000000	0.000000	1
18	0.300000	3.420000	0.000000	-0.000000	0.000000	1
18	0.300000	3.440000	0.000000	-0.000000	0.000000	1
18	0.300000	3.460000	0.000000	-0.000000	0.000000	1
18	0.300000	3.480000	0.000000	-0.000000	0.000000	1
18	0.300000	3.500000	0.000000	-0.000000	0.000000	1
18	0.300000	3.520000	0.000000	-0.000000	0.000000	1
18	0.300000	3.540000	0.000000	-0.000000	0.000000	1
18	0.300000	3.560000	0.000000	-0.000000	0.000000	1
18	0.300000	3.580000	0.000000	-0.000000	0.000000	1
18	0.300000	3.600000	0.000000	-0.000000	0.000000	1
18	0.300000	3.620000	0.000000	-0.000000	0.000000	1
18	0.300000	3.640000	0.000000	-0.000000	0.000000	1
18	0.300000	3.660000	0.000000	-0.000000	0.000000	1
18	0.300000	3.680000	0.000000	-0.000000	0.000000	1
18	0.300000	3.700000	0.000000	-0.000000	0.000000	1
18	0.300000	3.720000	0.000000	-0.000000	0.000000	1
18	0.300000	3.740000	0.000000	-0.000000	0.000000	1
18	0.300000	3.760000	0.000000	-0.000000	0.000000	1
18	0.300000	3.780000	0.000000	-0.000000	0.000000	1
18	0.300000	3.800000	0.000000	-0.000000	0.000000	1
18	0.300000	3.820000	0.000000	-0.000000	0.000000	1
18	0.300000	3.840000	0.000000	-0.000000	0.000000	1
18	0.300000	3.860000	0.000000	-0.000000	0.000000	1
18	0.300000	3.880000	0.000000	-0.000000	0.000000	1
18	0.300000	3.900000	0.000000	-0.000000	0.000000	1
18	0.300000	3.920000	0.000000	-0.000000	0.000000	1
18	0.300000	3.940000	0.000000	-0.000000	0.000000	1
18	0.300000	3.960000	0.000000	-0.000000	0.000000	1
18	0.300000	3.980000	0.000000	-0.000000	0.000000	1
18	0.400000	0.000000	0.000000	-0.000000	0.000000	1
18	0.400000	0.020000	0.000000	-0.000000	0.000000	1
18	0.400000	0.040000	0.000000	-0.000000	0.000000	1
18	0.400000	0.060000	0.000000	-0.000000	0.000000	1
18	0.400000	0.080000	0.000000	-0.000000	0.000000	1
18	0.400000	0.100000	0.000000	-0.000000	0.000000	1
18	0.400000	0.120000	0.000000	-0.000000	0.000000	1
18	0.400000	0.140000	0.000000	-0.000000	0.000000	1
18	0.400000	0.160000	0.000000	-0.000000	0.000000	1
18	0.400000	0.180000	0.000000	-0.000000	0.000000	1
18	0.400000	0.200000	0.008351	-0.000000	0.000000	1
18	0.400000	0.220000	0.008461	-0.000000	0.000000	1
18	0.400000	0.240000	0.008582	-0.000000	0.000000	1
18	0.400000	0.260000	0.008706	-0.000000	0.000000	1
18	0.400000	0.280000	0.008828	-0.000000	0.000000	1
18	0.400000	0.300000	0.008941	-0.000000	0.000000	1
18	0.400000	0.320000	0.009039	-0.000000	0.000000	1
18	0.400000	0.340000	0.009117	-0.000000	0.000000	1
18	0.400000	0.360000	0.009174	-0.000000	0.000000	1
18	0.400000	0.380000	0.009209	-0.000000	0.000000	1
18	0.400000	0.400000	0.009222	-0.000000	0.000000	1
18	0.400000	0.420000	0.009215	-0.000000	0.000000	1
18	0.400000	0.440000	0.008406	-0.000000	0.000000	1
18	0.400000	0.460000	0.006980	-0.000000	0.000000	1
18	0.400000	0.480000	0.006977	-0.000000	0.000000	1
18	0.400000	0.500000	0.006968	-0.000000	0.000000	1
18	0.400000	0.520000	0.006893	-0.000000	0.000000	1
18	0.400000	0.540000	0.006618	-0.000000	0.000000	1
18	0.400000	0.560000	0.006558	-0.000000	0.000000	1
18	0.400000	0.580000	0.006632	-0.000000	0.000000	1
18	0.400000	0.600000	0.006714	-0.000000	0.000000	1
18	0.400000	0.620000	0.006946	-0.000000	0.000000	1
18	0.400000	0.640000	0.006901	-0.000000	0.000000	1
18	0.400000	0.660000	0.006974	-0.000000	0.000000	1
18	0.400000	0.680000	0.007611	-0.000000	0.000000	1
18	0.400000	0.700000	0.008551	-0.000000	0.000000	1
18	0.400000	0.720000	0.008909	-0.000000	0.000000	1
18	0.400000	0.740000	0.008786	-0.000000	0.000000	1
18	0.400000	0.760000	0.007924	-0.000000	0.000000	1
18	0.400000	0.780000	0.007941	-0.000000	0.000000	1
18	0.400000	0.800000	0.007973	-0.000000	0.000000	1
18	0.400000	0.820000	0.007803	-0.000000	0.000000	1
18	0.400000	0.840000	0.007247	-0.000000	0.000000	1
18	0.400000	0.860000	0.007106	-0.000000	0.000000	1
18	0.400000	0.880000	0.006819	-0.000000	0.000000	1
18	0.400000	0.900000	0.006725	-0.000000	0.000000	1
18	0.400000	0.920000	0.007076	-0.000000	0.000000	1
18	0.400000	0.940000	0.008603	-0.000000	0.000000	1
18	0.400000	0.960000	0.009046	-0.000000	0.000000	1
18	0.400000	0.980000	0.010458	-0.000000	0.000000	1
18	0.400000	1.000000	0.011321	-0.000000	0.000000	1
18	0.400000	1.020000	0.012075	-0.000000	0.000000	1
18	0.400000	1.040000	0.013296	-0.000000	0.000000	1
18	0.400000	1.060000	0.008868	-0.000000	0.000000	1
18	0.400000	1.080000	0.007043	-0.000000	0.000000	1
18	0.400000	1.100000	0.007079	-0.000000	0.000000	1
18	0.400000	1.120000	0.007153	-0.000000	0.000000	1
18	0.400000	1.140000	0.007993	-0.000000	0.000000	1
18	0.400000	1.160000	0.008205	-0.000000	0.000000	1
18	0.400000	1.180000	0.008235	-0.000000	0.000000	1
18	0.400000	1.200000	0.008288	-0.000000	0.000000	1
18	0.400000	1.220000	0.008560	-0.000000	0.000000	1
18	0.400000	1.240000	0.008654	-0.000000	0.000000	1
18	0.400000	1.260000	0.008149	-0.000000	0.000000	1
18	0.400000	1.280000	0.007863	-0.000000	0.000000	1
18	0.400000	1.300000	0.007606	-0.000000	0.000000	1
18	0.400000	1.320000	0.007403	-0.000000	0.000000	1
18	0.400000	1.340000	0.007330	-0.000000	0.000000	1
18	0.400000	1.360000	0.008189	-0.000000	0.000000	1
18	0.400000	1.380000	0.008824	-0.000000	0.000000	1
18	0.400000	1.400000	0.009004	-0.000000	0.000000	1
18	0.400000	1.420000	0.008631	-0.000000	0.000000	1
18	0.400000	1.440000	0.008351	-0.000000	0.000000	1
18	0.400000	1.460000	0.008411	-0.000000	0.000000	1
18	0.400000	1.480000	0.008378	-0.000000	0.000000	1
18	0.400000	1.500000	0.008151	-0.000000	0.000000	1
18	0.400000	1.520000	0.007821	-0.000000	0.000000	1
18	0.400000	1.540000	0.008225	-0.000000	0.000000	1
18	0.400000	1.560000	0.008529	-0.000000	0.000000	1
18	0.400000	1.580000	0.008765	-0.000000	0.000000	1
18	0.400000	1.600000	0.009838	-0.000000	0.000000	1
18	0.400000	1.620000	0.000000	-0.000000	0.000000	1
18	0.400000	1.640000	0.000000	-0.000000	0.000000	1
18	0.400000	1.660000	0.000000	-0.000000	0.000000	1
18	0.400000	1.680000	0.000000	-0.000000	0.000000	1
18	0.400000	1.700000	0.000000	-0.000000	0.000000	1
18	0.400000	1.720000	0.000000	-0.000000	0.000000	1
18	0.400000	1.740000	0.000000	-0.000000	0.000000	1
18	0.400000	1.760000	0.000000	-0.000000	0.000000	1
18	0.400000	1.780000	0.000000	-0.000000	0.000000	1
18	0.400000	1.800000	0.000000	-0.000000	0.000000	1
18	0.400000	1.820000	0.000000	-0.000000	0.000000	1
18	0.400000	1.840000	0.000000	-0.000000	0.000000	1
18	0.400000	1.860000	0.000000	-0.000000	0.000000	1
18	0.400000	1.880000	0.000000	-0.000000	0.000000	1
18	0.400000	1.900000	0.000000	-0.000000	0.000000	1
18	0.400000	1.920000	0.000000	-0.000000	0.000000	1
18	0.400000	1.940000	0.000000	-0.000000	0.000000	1
18	0.400000	1.960000	0.000000	-0.000000	0.000000	1
18	0.400000	1.980000	0.000000	-0.000000	0.000000	1
18	0.400000	2.000000	0.000000	-0.000000	0.000000	1
18	0.400000	2.020000	0.000000	-0.000000	0.000000	1
18	0.400000	2.040000	0.000000	-0.000000	0.000000	1
18	0.400000	2.060000	0.000000	-0.000000	0.000000	1
18	0.400000	2.080000	0.000000	-0.000000	0.000000	1
18	0.400000	2.100000	0.000000	-0.000000	0.000000	1
18	0.400000	2.120000	0.000000	-0.000000	0.000000	1
18	0.400000	2.140000	0.000000	-0.000000	0.000000	1
18	0.400000	2.160000	0.000000	-0.000000	0.000000	1
18	0.400000	2.180000	0.000000	-0.000000	0.000000	1
18	0.400000	2.200000	0.000000	-0.000000	0.000000	1
18	0.400000	2.220000	0.000000	-0.000000	0.000000	1
18	0.400000	2.240000	0.000000	-0.000000	0.000000	1
18	0.400000	2.260000	0.000000	-0.000000	0.000000	1
18	0.400000	2.280000	0.000000	-0.000000	0.000000	1
18	0.400000	2.300000	0.000000	-0.000000	0.000000	1
18	0.400000	2.320000	0.000000	-0.000000	0.000000	1
18	0.400000	2.340000	0.000000	-0.000000	0.000000	1
18	0.400000	2.360000	0.000000	-0.000000	0.000000	1
18	0.400000	2.380000	0.000000	-0.000000	0.000000	1
18	0.400000	2.400000	0.000000	-0.000000	0.000000	1
18	0.400000	2.420000	0.000000	-0.000000	0.000000	1
18	0.400000	2.440000	0.000000	-0.000000	0.000000	1
18	0.400000	2.460000	0.000000	-0.000000	0.000000	1
18	0.400000	2.480000	0.000000	-0.000000	0.000000	1
18	0.400000	2.500000	0.000000	-0.000000	0.000000	1
18	0.400000	2.520000	0.000000	-0.000000	0.000000	1
18	0.400000	2.540000	0.000000	-0.000000	0.000000	1
18	0.400000	2.560000	0.000000	-0.000000	0.000000	1
18	0.400000	2.580000	0.000000	-0.000000	0.000000	1
18	0.400000	2.600000	0.000000	-0.000000	0.000000	1
18	0.400000	2.620000	0.000000	-0.000000	0.000000	1
18	0.400000	2.640000	0.000000	-0.000000	0.000000	1
18	0.400000	2.660000	0.000000	-0.000000	0.000000	1
18	0.400000	2.680000	0.000000	-0.000000	0.000000	1
18	0.400000	2.700000	0.000000	-0.000000	0.000000	1
18	0.400000	2.720000	0.000000	-0.000000	0.000000	1
18	0.400000	2.740000	0.000000	-0.000000	0.000000	1
18	0.400000	2.760000	0.000000	-0.000000	0.000000	1
18	0.400000	2.780000	0.000000	-0.000000	0.000000	1
18	0.400000	2.800000	0.000000	-0.000000	0.000000	1
18	0.400000	2.820000	0.000000	-0.000000	0.000000	1
18	0.400000	2.840000	0.000000	-0.000000	0.000000	1
18	0.400000	2.860000	0.000000	-0.000000	0.000000	1
18	0.400000	2.880000	0.000000	-0.000000	0.000000	1
18	0.400000	2.900000	0.000000	-0.000000	0.000000	1
18	0.400000	2.920000	0.000000	-0.000000	0.000000	1
18	0.400000	2.940000	0.000000	-0.000000	0.000000	1
18	0.400000	2.960000	0.000000	-0.000000	0.000000	1
18	0.400000	2.980000	0.000000	-0.000000	0.000000	1
18	0.400000	3.000000	0.000000	-0.000000	0.000000	1
18	0.400000	3.020000	0.000000	-0.000000	0.000000	1
18	0.400000	3.040000	0.000000	-0.000000	0.000000	1
18	0.400000	3.060000	0.000000	-0.000000	0.000000	1
18	0.400000	3.080000	0.000000	-0.000000	0.000000	1
18	0.400000	3.100000	0.000000	-0.000000	0.000000	1
18	0.400000	3.120000	0.000000	-0.000000	0.000000	1
18	0.400000	3.140000	0.000000	-0.000000	0.000000	1
18	0.400000	3.160000	0.000000	-0.000000	0.000000	1
18	0.400000	3.180000	0.000000	-0.000000	0.000000	1
18	0.400000	3.200000	0.000000	-0.000000	0.000000	1
18	0.400000	3.220000	0.000000	-0.000000	0.000000	1
18	0.400000	3.240000	0.000000	-0.000000	0.000000	1
18	0.400000	3.260000	0.000000	-0.000000	0.000000	1
18	0.400000	3.280000	0.000000	-0.000000	0.000000	1
18	0.400000	3.300000	0.000000	-0.000000	0.000000	1
18	0.400000	3.320000	0.000000	-0.000000	0.000000	1
18	0.400000	3.340000	0.000000	-0.000000	0.000000	1
18	0.400000	3.360000	0.000000	-0.000000	0.000000	1
18	0.400000	3.380000	0.000000	-0.000000	0.000000	1
18	0.400000	3.400000	0.000000	-0.000000	0.000000	1
18	0.400000	3.420000	0.000000	-0.000000	0.000000	1
18	0.400000	3.440000	0.000000	-0.000000	0.000000	1
18	0.400000	3.460000	0.000000	-0.000000	0.000000	1
18	0.400000	3.480000	0.000000	-0.000000	0.000000	1
18	0.400000	3.500000	0.000000	-0.000000	0.000000	1
18	0.400000	3.520000	0.000000	-0.000000	0.000000	1
18	0.400000	3.540000	0.000000	-0.000000	0.000000	1
18	0.400000	3.560000	0.000000	-0.000000	0.000000	1
18	0.400000	3.580000	0.000000	-0.000000	0.000000	1
18	0.400000	3.600000	0.000000	-0.000000	0.000000	1
18	0.400000	3.620000	0.000000	-0.000000	0.000000	1
18	0.400000	3.640000	0.000000	-0.000000	0.000000	1
18	0.400000	3.660000	0.000000	-0.000000	0.000000	1
18	0.400000	3.680000	0.000000	-0.000000	0.000000	1
18	0.400000	3.700000	0.000000	-0.000000	0.000000	1
18	0.400000	3.720000	0.000000	-0.000000	0.000000	1
18	0.400000	3.740000	0.000000	-0.000000	0.000000	1
18	0.400000	3.760000	0.000000	-0.000000	0.000000	1
18	0.400000	3.780000	0.000000	-0.000000	0.000000	1
18	0.400000	3.800000	0.000000	-0.000000	0.000000	1
18	0.400000	3.820000	0.000000	-0.000000	0.000000	1
18	0.400000	3.840000	0.000000	-0.000000	0.000000	1
18	0.400000	3.860000	0.000000	-0.000000	0.000000	1
18	0.400000	3.880000	0.000000	-0.000000	0.000000	1
18	0.400000	3.900000	0.000000	-0.000000	0.000000	1
18	0.400000	3.920000	0.000000	-0.000000	0.000000	1
18	0.400000	3.940000	0.000000	-0.000000	0.000000	1
18	0.400000	3.960000	0.000000	-0.000000	0.000000	1
18	0.400000	3.980000	0.000000	-0.000000	0.000000	1
18	0.500000	0.000000	0.000000	-0.000000	0.000000	1
18	0.500000	0.020000	0.000000	-0.000000	0.000000	1
18	0.500000	0.040000	0.000000	-0.000000	0.000000	1
18	0.500000	0.060000	0.000000	-0.000000	0.000000	1
18	0.500000	0.080000	0.000000	-0.000000	0.000000	1
18	0.500000	0.100000	0.000000	-0.000000	0.000000	1
18	0.500000	0.120000	0.000000	-0.000000	0.000000	1
18	0.500000	0.140000	0.000000	-0.000000	0.000000	1
18	0.500000	0.160000	0.000000	-0.000000	0.000000	1
18	0.500000	0.180000	0.008070	-0.000000	0.000000	1
18	0.500000	0.200000	0.008145	-0.000000	0.000000	1
18	0.500000	0.220000	0.008247	-0.000000	0.000000	1
18	0.500000	0.240000	0.008376	-0.000000	0.000000	1
18	0.500000	0.260000	0.008528	-0.000000	0.000000	1
18	0.500000	0.280000	0.008694	-0.000000	0.000000	1
18	0.500000	0.300000	0.008859	-0.000000	0.000000	1
18	0.500000	0.320000	0.009008	-0.000000	0.000000	1
18	0.500000	0.340000	0.009127	-0.000000	0.000000	1
18	0.500000	0.360000	0.009209	-0.000000	0.000000	1
18	0.500000	0.380000	0.009253	-0.000000	0.000000	1
18	0.500000	0.400000	0.009259	-0.000000	0.000000	1
18	0.500000	0.420000	0.009233	-0.000000	0.000000	1
18	0.500000	0.440000	0.008387	-0.000000	0.000000	1
18	0.500000	0.460000	0.006944	-0.000000	0.000000	1
18	0.500000	0.480000	0.006935	-0.000000	0.000000	1
18	0.500000	0.500000	0.006921	-0.000000	0.000000	1
18	0.500000	0.520000	0.006843	-0.000000	0.000000	1
18	0.500000	0.540000	0.006600	-0.000000	0.000000	1
18	0.500000	0.560000	0.006582	-0.000000	0.000000	1
18	0.500000	0.580000	0.006681	-0.000000	0.000000	1
18	0.500000	0.600000	0.006781	-0.000000	0.000000	1
18	0.500000	0.620000	0.007150	-0.000000	0.000000	1
18	0.500000	0.640000	0.007051	-0.000000	0.000000	1
18	0.500000	0.660000	0.007062	-0.000000	0.000000	1
18	0.500000	0.680000	0.007644	-0.000000	0.000000	1
18	0.500000	0.700000	0.008555	-0.000000	0.000000	1
18	0.500000	0.720000	0.008913	-0.000000	0.000000	1
18	0.500000	0.740000	0.008764	-0.000000	0.000000	1
18	0.500000	0.760000	0.007903	-0.000000	0.000000	1
18	0.500000	0.780000	0.007932	-0.000000	0.000000	1
18	0.500000	0.800000	0.007968	-0.000000	0.000000	1
18	0.500000	0.820000	0.007799	-0.000000	0.000000	1
18	0.500000	0.840000	0.007270	-0.000000	0.000000	1
18	0.500000	0.860000	0.007148	-0.000000	0.000000	1
18	0.500000	0.880000	0.006912	-0.000000	0.000000	1
18	0.500000	0.900000	0.006843	-0.000000	0.000000	1
18	0.500000	0.920000	0.007576	-0.000000	0.000000	1
18	0.500000	0.940000	0.008746	-0.000000	0.000000	1
18	0.500000	0.960000	0.008617	-0.000000	0.000000	1
18	0.500000	0.980000	0.009986	-0.000000	0.000000	1
18	0.500000	1.000000	0.010840	-0.000000	0.000000	1
18	0.500000	1.020000	0.011777	-0.000000	0.000000	1
18	0.500000	1.040000	0.013789	-0.000000	0.000000	1
18	0.500000	1.060000	0.009733	-0.000000	0.000000	1
18	0.500000	1.080000	0.007086	-0.000000	0.000000	1
18	0.500000	1.100000	0.007111	-0.000000	0.000000	1
18	0.500000	1.120000	0.007184	-0.000000	0.000000	1
18	0.500000	1.140000	0.008016	-0.000000	0.000000	1
18	0.500000	1.160000	0.008277	-0.000000	0.000000	1
18	0.500000	1.180000	0.008327	-0.000000	0.000000	1
18	0.500000	1.200000	0.008336	-0.000000	0.000000	1
18	0.500000	1.220000	0.008580	-0.000000	0.000000	1
18	0.500000	1.240000	0.008673	-0.000000	0.000000	1
18	0.500000	1.260000	0.008206	-0.000000	0.000000	1
18	0.500000	1.280000	0.007981	-0.000000	0.000000	1
18	0.500000	1.300000	0.007735	-0.000000	0.000000	1
18	0.500000	1.320000	0.007471	-0.000000	0.000000	1
18	0.500000	1.340000	0.007359	-0.000000	0.000000	1
18	0.500000	1.360000	0.008101	-0.000000	0.000000	1
18	0.500000	1.380000	0.008772	-0.000000	0.000000	1
18	0.500000	1.400000	0.009042	-0.000000	0.000000	1
18	0.500000	1.420000	0.008656	-0.000000	0.000000	1
18	0.500000	1.440000	0.008282	-0.000000	0.000000	1
18	0.500000	1.460000	0.008317	-0.000000	0.000000	1
18	0.500000	1.480000	0.008282	-0.000000	0.000000	1
18	0.500000	1.500000	0.008097	-0.000000	0.000000	1
18	0.500000	1.520000	0.007812	-0.000000	0.000000	1
18	0.500000	1.540000	0.008185	-0.000000	0.000000	1
18	0.500000	1.560000	0.008450	-0.000000	0.000000	1
18	0.500000	1.580000	0.008574	-0.000000	0.000000	1
18	0.500000	1.600000	0.009643	-0.000000	0.000000	1
18	0.500000	1.620000	0.000000	-0.000000	0.000000	1
18	0.500000	1.640000	0.000000	-0.000000	0.000000	1
18	0.500000	1.660000	0.000000	-0.000000	0.000000	1
18	0.500000	1.680000	0.000000	-0.000000	0.000000	1
18	0.500000	1.700000	0.000000	-0.000000	0.000000	1
18	0.500000	1.720000	0.000000	-0.000000	0.000000	1
18	0.500000	1.740000	0.000000	-0.000000	0.000000	1
18	0.500000	1.760000	0.000000	-0.000000	0.000000	1
18	0.500000	1.780000	0.000000	-0.000000	0.000000	1
18	0.500000	1.800000	0.000000	-0.000000	0.000000	1
18	0.500000	1.820000	0.000000	-0.000000	0.000000	1
18	0.500000	1.840000	0.000000	-0.000000	0.000000	1
18	0.500000	1.860000	0.000000	-0.000000	0.000000	1
18	0.500000	1.880000	0.000000	-0.000000	0.000000	1
18	0.500000	1.900000	0.000000	-0.000000	0.000000	1
18	0.500000	1.920000	0.000000	-0.000000	0.000000	1
18	0.500000	1.940000	0.000000	-0.000000	0.000000	1
18	0.500000	1.960000	0.000000	-0.000000	0.000000	1
18	0.500000	1.980000	0.000000	-0.000000	0.000000	1
18	0.500000	2.000000	0.000000	-0.000000	0.000000	1
18	0.500000	2.020000	0.000000	-0.000000	0.000000	1
18	0.500000	2.040000	0.000000	-0.000000	0.000000	1
18	0.500000	2.060000	0.000000	-0.000000	0.000000	1
18	0.500000	2.080000	0.000000	-0.000000	0.000000	1
18	0.500000	2.100000	0.000000	-0.000000	0.000000	1
18	0.500000	2.120000	0.000000	-0.000000	0.000000	1
18	0.500000	2.140000	0.000000	-0.000000	0.000000	1
18	0.500000	2.160000	0.000000	-0.000000	0.000000	1
18	0.500000	2.180000	0.000000	-0.000000	0.000000	1
18	0.500000	2.200000	0.000000	-0.000000	0.000000	1
18	0.500000	2.220000	0.000000	-0.000000	0.000000	1
18	0.500000	2.240000	0.000000	-0.000000	0.000000	1
18	0.500000	2.260000	0.000000	-0.000000	0.000000	1
18	0.500000	2.280000	0.000000	-0.000000	0.000000	1
18	0.500000	2.300000	0.000000	-0.000000	0.000000	1
18	0.500000	2.320000	0.000000	-0.000000	0.000000	1
18	0.500000	2.340000	0.000000	-0.000000	0.000000	1
18	0.500000	2.360000	0.000000	-0.000000	0.000000	1
18	0.500000	2.380000	0.000000	-0.000000	0.000000	1
18	0.500000	2.400000	0.000000	-0.000000	0.000000	1
18	0.500000	2.420000	0.000000	-0.000000	0.000000	1
18	0.500000	2.440000	0.000000	-0.000000	0.000000	1
18	0.500000	2.460000	0.000000	-0.000000	0.000000	1
18	0.500000	2.480000	0.000000	-0.000000	0.000000	1
18	0.500000	2.500000	0.000000	-0.000000	0.000000	1
18	0.500000	2.520000	0.000000	-0.000000	0.000000	1
18	0.500000	2.540000	0.000000	-0.000000	0.000000	1
18	0.500000	2.560000	0.000000	-0.000000	0.000000	1
18	0.500000	2.580000	0.000000	-0.000000	0.000000	1
18	0.500000	2.600000	0.000000	-0.000000	0.000000	1
18	0.500000	2.620000	0.000000	-0.000000	0.000000	1
18	0.500000	2.640000	0.000000	-0.000000	0.000000	1
18	0.500000	2.660000	0.000000	-0.000000	0.000000	1
18	0.500000	2.680000	0.000000	-0.000000	0.000000	1
18	0.500000	2.700000	0.000000	-0.000000	0.000000	1
18	0.500000	2.720000	0.000000	-0.000000	0.000000	1
18	0.500000	2.740000	0.000000	-0.000000	0.000000	1
18	0.500000	2.760000	0.000000	-0.000000	0.000000	1
18	0.500000	2.780000	0.000000	-0.000000	0.000000	1
18	0.500000	2.800000	0.000000	-0.000000	0.000000	1
18	0.500000	2.820000	0.000000	-0.000000	0.000000	1
18	0.500000	2.840000	0.000000	-0.000000	0.000000	1
18	0.500000	2.860000	0.000000	-0.000000	0.000000	1
18	0.500000	2.880000	0.000000	-0.000000	0.000000	1
18	0.500000	2.900000	0.000000	-0.000000	0.000000	1
18	0.500000	2.920000	0.000000	-0.000000	0.000000	1
18	0.500000	2.940000	0.000000	-0.000000	0.000000	1
18	0.500000	2.960000	0.000000	-0.000000	0.000000	1
18	0.500000	2.980000	0.000000	-0.000000	0.000000	1
18	0.500000	3.000000	0.000000	-0.000000	0.000000	1
18	0.500000	3.020000	0.000000	-0.000000	0.000000	1
18	0.500000	3.040000	0.000000	-0.000000	0.000000	1
18	0.500000	3.060000	0.000000	-0.000000	0.000000	1
18	0.500000	3.080000	0.000000	-0.000000	0.000000	1
18	0.500000	3.100000	0.000000	-0.000000	0.000000	1
18	0.500000	3.120000	0.000000	-0.000000	0.000000	1
18	0.500000	3.140000	0.000000	-0.000000	0.000000	1
18	0.500000	3.160000	0.000000	-0.000000	0.000000	1
18	0.500000	3.180000	0.000000	-0.000000	0.000000	1
18	0.500000	3.200000	0.000000	-0.000000	0.000000	1
18	0.500000	3.220000	0.000000	-0.000000	0.000000	1
18	0.500000	3.240000	0.000000	-0.000000	0.000000	1
18	0.500000	3.260000	0.000000	-0.000000	0.000000	1
18	0.500000	3.280000	0.000000	-0.000000	0.000000	1
18	0.500000	3.300000	0.000000	-0.000000	0.000000	1
18	0.500000	3.320000	0.000000	-0.000000	0.000000	1
18	0.500000	3.340000	0.000000	-0.000000	0.000000	1
18	0.500000	3.360000	0.000000	-0.000000	0.000000	1
18	0.500000	3.380000	0.000000	-0.000000	0.000000	1
18	0.500000	3.400000	0.000000	-0.000000	0.000000	1
18	0.500000	3.420000	0.000000	-0.000000	0.000000	1
18	0.500000	3.440000	0.000000	-0.000000	0.000000	1
18	0.500000	3.460000	0.000000	-0.000000	0.000000	1
18	0.500000	3.480000	0.000000	-0.000000	0.000000	1
18	0.500000	3.500000	0.000000	-0.000000	0.000000	1
18	0.500000	3.520000	0.000000	-0.000000	0.000000	1
18	0.500000	3.540000	0.000000	-0.000000	0.000000	1
18	0.500000	3.560000	0.000000	-0.000000	0.000000	1
18	0.500000	3.580000	0.000000	-0.000000	0.000000	1
18	0.500000	3.600000	0.000000	-0.000000	0.000000	1
18	0.500000	3.620000	0.000000	-0.000000	0.000000	1
18	0.500000	3.640000	0.000000	-0.000000	0.000000	1
18	0.500000	3.660000	0.000000	-0.000000	0.000000	1
18	0.500000	3.680000	0.000000	-0.000000	0.000000	1
18	0.500000	3.700000	0.000000	-0.000000	0.000000	1
18	0.500000	3.720000	0.000000	-0.000000	0.000000	1
18	0.500000	3.740000	0.000000	-0.000000	0.000000	1
18	0.500000	3.760000	0.000000	-0.000000	0.000000	1
18	0.500000	3.780000	0.000000	-0.000000	0.000000	1
18	0.500000	3.800000	0.000000	-0.000000	0.000000	1
18	0.500000	3.820000	0.000000	-0.000000	0.000000	1
18	0.500000	3.840000	0.000000	-0.000000	0.000000	1
18	0.500000	3.860000	0.000000	-0.000000	0.000000	1
18	0.500000	3.880000	0.000000	-0.000000	0.000000	1
18	0.500000	3.900000	0.000000	-0.000000	0.000000	1
18	0.500000	3.920000	0.000000	-0.000000	0.000000	1
18	0.500000	3.940000	0.000000	-0.000000	0.000000	1
18	0.500000	3.960000	0.000000	-0.000000	0.000000	1
18	0.500000	3.980000	0.000000	-0.000000	0.000000	1
18	0.600000	0.000000	0.000000	-0.000000	0.000000	1
18	0.600000	0.020000	0.000000	-0.000000	0.000000	1
18	0.600000	0.040000	0.000000	-0.000000	0.000000	1
18	0.600000	0.060000	0.000000	-0.000000	0.000000	1
18	0.600000	0.080000	0.000000	-0.000000	0.000000	1
18	0.600000	0.100000	0.000000	-0.000000	0.000000	1
18	0.600000	0.120000	0.000000	-0.000000	0.000000	1
18	0.600000	0.140000	0.000000	-0.000000	0.000000	1
18	0.600000	0.160000	0.000000	-0.000000	0.000000	1
18	0.600000	0.180000	0.008005	-0.000000	0.000000	1
18	0.600000	0.200000	0.008045	-0.000000	0.000000	1
18	0.600000	0.220000	0.008110	-0.000000	0.000000	1
18	0.600000	0.240000	0.008212	-0.000000	0.000000	1
18	0.600000	0.260000	0.008358	-0.000000	0.000000	1
18	0.600000	0.280000	0.008546	-0.000000	0.000000	1
18	0.600000	0.300000	0.008759	-0.000000	0.000000	1
18	0.600000	0.320000	0.008964	-0.000000	0.000000	1
18	0.600000	0.340000	0.009133	-0.000000	0.000000	1
18	0.600000	0.360000	0.009245	-0.000000	0.000000	1
18	0.600000	0.380000	0.009296	-0.000000	0.000000	1
18	0.600000	0.400000	0.009290	-0.000000	0.000000	1
18	0.600000	0.420000	0.009235	-0.000000	0.000000	1
18	0.600000	0.440000	0.008360	-0.000000	0.000000	1
18	0.600000	0.460000	0.006918	-0.000000	0.000000	1
18	0.600000	0.480000	0.006900	-0.000000	0.000000	1
18	0.600000	0.500000	0.006878	-0.000000	0.000000	1
18	0.600000	0.520000	0.006798	-0.000000	0.000000	1
18	0.600000	0.540000	0.006597	-0.000000	0.000000	1
18	0.600000	0.560000	0.006621	-0.000000	0.000000	1
18	0.600000	0.580000	0.006739	-0.000000	0.000000	1
18	0.600000	0.600000	0.006854	-0.000000	0.000000	1
18	0.600000	0.620000	0.007508	-0.000000	0.000000	1
18	0.600000	0.640000	0.007300	-0.000000	0.000000	1
18	0.600000	0.660000	0.007192	-0.000000	0.000000	1
18	0.600000	0.680000	0.007691	-0.000000	0.000000	1
18	0.600000	0.700000	0.008565	-0.000000	0.000000	1
18	0.600000	0.720000	0.008919	-0.000000	0.000000	1
18	0.600000	0.740000	0.008735	-0.000000	0.000000	1
18	0.600000	0.760000	0.007899	-0.000000	0.000000	1
18	0.600000	0.780000	0.007934	-0.000000	0.000000	1
18	0.600000	0.800000	0.007965	-0.000000	0.000000	1
18	0.600000	0.820000	0.007799	-0.000000	0.000000	1
18	0.600000	0.840000	0.007318	-0.000000	0.000000	1
18	0.600000	0.860000	0.007240	-0.000000	0.000000	1
18	0.600000	0.880000	0.007063	-0.000000	0.000000	1
18	0.600000	0.900000	0.006990	-0.000000	0.000000	1
18	0.600000	0.920000	0.007852	-0.000000	0.000000	1
18	0.600000	0.940000	0.008411	-0.000000	0.000000	1
18	0.600000	0.960000	0.008518	-0.000000	0.000000	1
18	0.600000	0.980000	0.009908	-0.000000	0.000000	1
18	0.600000	1.000000	0.010685	-0.000000	0.000000	1
18	0.600000	1.020000	0.011721	-0.000000	0.000000	1
18	0.600000	1.040000	0.014697	-0.000000	0.000000	1
18	0.600000	1.060000	0.011342	-0.000000	0.000000	1
18	0.600000	1.080000	0.007163	-0.000000	0.000000	1
18	0.600000	1.100000	0.007150	-0.000000	0.000000	1
18	0.600000	1.120000	0.007219	-0.000000	0.000000	1
18	0.600000	1.140000	0.008027	-0.000000	0.000000	1
18	0.600000	1.160000	0.008360	-0.000000	0.000000	1
18	0.600000	1.180000	0.008441	-0.000000	0.000000	1
18	0.600000	1.200000	0.008392	-0.000000	0.000000	1
18	0.600000	1.220000	0.008591	-0.000000	0.000000	1
18	0.600000	1.240000	0.008682	-0.000000	0.000000	1
18	0.600000	1.260000	0.008267	-0.000000	0.000000	1
18	0.600000	1.280000	0.008111	-0.000000	0.000000	1
18	0.600000	1.300000	0.007857	-0.000000	0.000000	1
18	0.600000	1.320000	0.007520	-0.000000	0.000000	1
18	0.600000	1.340000	0.007374	-0.000000	0.000000	1
18	0.600000	1.360000	0.008043	-0.000000	0.000000	1
18	0.600000	1.380000	0.008761	-0.000000	0.000000	1
18	0.600000	1.400000	0.009099	-0.000000	0.000000	1
18	0.600000	1.420000	0.008703	-0.000000	0.000000	1
18	0.600000	1.440000	0.008256	-0.000000	0.000000	1
18	0.600000	1.460000	0.008257	-0.000000	0.000000	1
18	0.600000	1.480000	0.008213	-0.000000	0.000000	1
18	0.600000	1.500000	0.008061	-0.000000	0.000000	1
18	0.600000	1.520000	0.007806	-0.000000	0.000000	1
18	0.600000	1.540000	0.008159	-0.000000	0.000000	1
18	0.600000	1.560000	0.008418	-0.000000	0.000000	1
18	0.600000	1.580000	0.008473	-0.000000	0.000000	1
18	0.600000	1.600000	0.009200	-0.000000	0.000000	1
18	0.600000	1.620000	0.016695	-0.000000	0.000000	1
18	0.600000	1.640000	0.000000	-0.000000	0.000000	1
18	0.600000	1.660000	0.000000	-0.000000	0.000000	1
18	0.600000	1.680000	0.000000	-0.000000	0.000000	1
18	0.600000	1.700000	0.000000	-0.000000	0.000000	1
18	0.600000	1.720000	0.000000	-0.000000	0.000000	1
18	0.600000	1.740000	0.000000	-0.000000	0.000000	1
18	0.600000	1.760000	0.000000	-0.000000	0.000000	1
18	0.600000	1.780000	0.000000	-0.000000	0.000000	1
18	0.600000	1.800000	0.000000	-0.000000	0.000000	1
18	0.600000	1.820000	0.000000	-0.000000	0.000000	1
18	0.600000	1.840000	0.000000	-0.000000	0.000000	1
18	0.600000	1.860000	0.000000	-0.000000	0.000000	1
18	0.600000	1.880000	0.000000	-0.000000	0.000000	1
18	0.600000	1.900000	0.000000	-0.000000	0.000000	1
18	0.600000	1.920000	0.000000	-0.000000	0.000000	1
18	0.600000	1.940000	0.000000	-0.000000	0.000000	1
18	0.600000	1.960000	0.000000	-0.000000	0.000000	1
18	0.600000	1.980000	0.000000	-0.000000	0.000000	1
18	0.600000	2.000000	0.000000	-0.000000	0.000000	1
18	0.600000	2.020000	0.000000	-0.000000	0.000000	1
18	0.600000	2.040000	0.000000	-0.000000	0.000000	1
18	0.600000	2.060000	0.000000	-0.000000	0.000000	1
18	0.600000	2.080000	0.000000	-0.000000	0.000000	1
18	0.600000	2.100000	0.000000	-0.000000	0.000000	1
18	0.600000	2.120000	0.000000	-0.000000	0.000000	1
18	0.600000	2.140000	0.000000	-0.000000	0.000000	1
18	0.600000	2.160000	0.000000	-0.000000	0.000000	1
18	0.600000	2.180000	0.000000	-0.000000	0.000000	1
18	0.600000	2.200000	0.000000	-0.000000	0.000000	1
18	0.600000	2.220000	0.000000	-0.000000	0.000000	1
18	0.600000	2.240000	0.000000	-0.000000	0.000000	1
18	0.600000	2.260000	0.000000	-0.000000	0.000000	1
18	0.600000	2.280000	0.000000	-0.000000	0.000000	1
18	0.600000	2.300000	0.000000	-0.000000	0.000000	1
18	0.600000	2.320000	0.000000	-0.000000	0.000000	1
18	0.600000	2.340000	0.000000	-0.000000	0.000000	1
18	0.600000	2.360000	0.000000	-0.000000	0.000000	1
18	0.600000	2.380000	0.000000	-0.000000	0.000000	1
18	0.600000	2.400000	0.000000	-0.000000	0.000000	1
18	0.600000	2.420000	0.000000	-0.000000	0.000000	1
18	0.600000	2.440000	0.000000	-0.000000	0.000000	1
18	0.600000	2.460000	0.000000	-0.000000	0.000000	1
18	0.600000	2.480000	0.000000	-0.000000	0.000000	1
18	0.600000	2.500000	0.000000	-0.000000	0.000000	1
18	0.600000	2.520000	0.000000	-0.000000	0.000000	1
18	0.600000	2.540000	0.000000	-0.000000	0.000000	1
18	0.600000	2.560000	0.000000	-0.000000	0.000000	1
18	0.600000	2.580000	0.000000	-0.000000	0.000000	1
18	0.600000	2.600000	0.000000	-0.000000	0.000000	1
18	0.600000	2.620000	0.000000	-0.000000	0.000000	1
18	0.600000	2.640000	0.000000	-0.000000	0.000000	1
18	0.600000	2.660000	0.000000	-0.000000	0.000000	1
18	0.600000	2.680000	0.000000	-0.000000	0.000000	1
18	0.600000	2.700000	0.000000	-0.000000	0.000000	1
18	0.600000	2.720000	0.000000	-0.000000	0.000000	1
18	0.600000	2.740000	0.000000	-0.000000	0.000000	1
18	0.600000	2.760000	0.000000	-0.000000	0.000000	1
18	0.600000	2.780000	0.000000	-0.000000	0.000000	1
18	0.600000	2.800000	0.000000	-0.000000	0.000000	1
18	0.600000	2.820000	0.000000	-0.000000	0.000000	1
18	0.600000	2.840000	0.000000	-0.000000	0.000000	1
18	0.600000	2.860000	0.000000	-0.000000	0.000000	1
18	0.600000	2.880000	0.000000	-0.000000	0.000000	1
18	0.600000	2.900000	0.000000	-0.000000	0.000000	1
18	0.600000	2.920000	0.000000	-0.000000	0.000000	1
18	0.600000	2.940000	0.000000	-0.000000	0.000000	1
18	0.600000	2.960000	0.000000	-0.000000	0.000000	1
18	0.600000	2.980000	0.000000	-0.000000	0.000000	1
18	0.600000	3.000000	0.000000	-0.000000	0.000000	1
18	0.600000	3.020000	0.000000	-0.000000	0.000000	1
18	0.600000	3.040000	0.000000	-0.000000	0.000000	1
18	0.600000	3.060000	0.000000	-0.000000	0.000000	1
18	0.600000	3.080000	0.000000	-0.000000	0.000000	1
18	0.600000	3.100000	0.000000	-0.000000	0.000000	1
18	0.600000	3.120000	0.000000	-0.000000	0.000000	1
18	0.600000	3.140000	0.000000	-0.000000	0.000000	1
18	0.600000	3.160000	0.000000	-0.000000	0.000000	1
18	0.600000	3.180000	0.000000	-0.000000	0.000000	1
18	0.600000	3.200000	0.000000	-0.000000	0.000000	1
18	0.600000	3.220000	0.000000	-0.000000	0.000000	1
18	0.600000	3.240000	0.000000	-0.000000	0.000000	1
18	0.600000	3.260000	0.000000	-0.000000	0.000000	1
18	0.600000	3.280000	0.000000	-0.000000	0.000000	1
18	0.600000	3.300000	0.000000	-0.000000	0.000000	1
18	0.600000	3.320000	0.000000	-0.000000	0.000000	1
18	0.600000	3.340000	0.000000	-0.000000	0.000000	1
18	0.600000	3.360000	0.000000	-0.000000	0.000000	1
18	0.600000	3.380000	0.000000	-0.000000	0.000000	1
18	0.600000	3.400000	0.000000	-0.000000	0.000000	1
18	0.600000	3.420000	0.000000	-0.000000	0.000000	1
18	0.600000	3.440000	0.000000	-0.000000	0.000000	1
18	0.600000	3.460000	0.000000	-0.000000	0.000000	1
18	0.600000	3.480000	0.000000	-0.000000	0.000000	1
18	0.600000	3.500000	0.000000	-0.000000	0.000000	1
18	0.600000	3.520000	0.000000	-0.000000	0.000000	1
18	0.600000	3.540000	0.000000	-0.000000	0.000000	1
18	0.600000	3.560000	0.000000	-0.000000	0.000000	1
18	0.600000	3.580000	0.000000	-0.000000	0.000000	1
18	0.600000	3.600000	0.000000	-0.000000	0.000000	1
18	0.600000	3.620000	0.000000	-0.000000	0.000000	1
18	0.600000	3.640000	0.000000	-0.000000	0.000000	1
18	0.600000	3.660000	0.000000	-0.000000	0.000000	1
18	0.600000	3.680000	0.000000	-0.000000	0.000000	1
18	0.600000	3.700000	0.000000	-0.000000	0.000000	1
18	0.600000	3.720000	0.000000	-0.000000	0.000000	1
18	0.600000	3.740000	0.000000	-0.000000	0.000000	1
18	0.600000	3.760000	0.000000	-0.000000	0.000000	1
18	0.600000	3.780000	0.000000	-0.000000	0.000000	1
18	0.600000	3.800000	0.000000	-0.000000	0.000000	1
18	0.600000	3.820000	0.000000	-0.000000	0.000000	1
18	0.600000	3.840000	0.000000	-0.000000	0.000000	1
18	0.600000	3.860000	0.000000	-0.000000	0.000000	1
18	0.600000	3.880000	0.000000	-0.000000	0.000000	1
18	0.600000	3.900000	0.000000	-0.000000	0.000000	1
18	0.600000	3.920000	0.000000	-0.000000	0.000000	1
18	0.600000	3.940000	0.000000	-0.000000	0.000000	1
18	0.600000	3.960000	0.000000	-0.000000	0.000000	1
18	0.600000	3.980000	0.000000	-0.000000	0.000000	1
18	0.700000	0.000000	0.000000	-0.000000	0.000000	1
18	0.700000	0.020000	0.000000	-0.000000	0.000000	1
18	0.700000	0.040000	0.000000	-0.000000	0.000000	1
18	0.700000	0.060000	0.000000	-0.000000	0.000000	1
18	0.700000	0.080000	0.000000	-0.000000	0.000000	1
18	0.700000	0.100000	0.000000	-0.000000	0.000000	1
18	0.700000	0.120000	0.000000	-0.000000	0.000000	1
18	0.700000	0.140000	0.000000	-0.000000	0.000000	1
18	0.700000	0.160000	0.000000	-0.000000	0.000000	1
18	0.700000	0.180000	0.008034	-0.000000	0.000000	1
18	0.700000	0.200000	0.008046	-0.000000	0.000000	1
18	0.700000	0.220000	0.008074	-0.000000	0.000000	1
18	0.700000	0.240000	0.008133	-0.000000	0.000000	1
18	0.700000	0.260000	0.008241	-0.000000	0.000000	1
18	0.700000	0.280000	0.008415	-0.000000	0.000000	1
18	0.700000	0.300000	0.008652	-0.000000	0.000000	1
18	0.700000	0.320000	0.008913	-0.000000	0.000000	1
18	0.700000	0.340000	0.009137	-0.000000	0.000000	1
18	0.700000	0.360000	0.009283	-0.000000	0.000000	1
18	0.700000	0.380000	0.009339	-0.000000	0.000000	1
18	0.700000	0.400000	0.009315	-0.000000	0.000000	1
18	0.700000	0.420000	0.009223	-0.000000	0.000000	1
18	0.700000	0.440000	0.008328	-0.000000	0.000000	1
18	0.700000	0.460000	0.006914	-0.000000	0.000000	1
18	0.700000	0.480000	0.006881	-0.000000	0.000000	1
18	0.700000	0.500000	0.006848	-0.000000	0.000000	1
18	0.700000	0.520000	0.006768	-0.000000	0.000000	1
18	0.700000	0.540000	0.006617	-0.000000	0.000000	1
18	0.700000	0.560000	0.006677	-0.000000	0.000000	1
18	0.700000	0.580000	0.006804	-0.000000	0.000000	1
18	0.700000	0.600000	0.006936	-0.000000	0.000000	1
18	0.700000	0.620000	0.008087	-0.000000	0.000000	1
18	0.700000	0.640000	0.007676	-0.000000	0.000000	1
18	0.700000	0.660000	0.007352	-0.000000	0.000000	1
18	0.700000	0.680000	0.007738	-0.000000	0.000000	1
18	0.700000	0.700000	0.008577	-0.000000	0.000000	1
18	0.700000	0.720000	0.008926	-0.000000	0.000000	1
18	0.700000	0.740000	0.008702	-0.000000	0.000000	1
18	0.700000	0.760000	0.007912	-0.000000	0.000000	1
18	0.700000	0.780000	0.007942	-0.000000	0.000000	1
18	0.700000	0.800000	0.007962	-0.000000	0.000000	1
18	0.700000	0.820000	0.007807	-0.000000	0.000000	1
18	0.700000	0.840000	0.007407	-0.000000	0.000000	1
18	0.700000	0.860000	0.007378	-0.000000	0.000000	1
18	0.700000	0.880000	0.007215	-0.000000	0.000000	1
18	0.700000	0.900000	0.007088	-0.000000	0.000000	1
18	0.700000	0.920000	0.007755	-0.000000	0.000000	1
18	0.700000	0.940000	0.008002	-0.000000	0.000000	1
18	0.700000	0.960000	0.008582	-0.000000	0.000000	1
18	0.700000	0.980000	0.009952	-0.000000	0.000000	1
18	0.700000	1.000000	0.010649	-0.000000	0.000000	1
18	0.700000	1.020000	0.011659	-0.000000	0.000000	1
18	0.700000	1.040000	0.015537	-0.000000	0.000000	1
18	0.700000	1.060000	0.013693	-0.000000	0.000000	1
18	0.700000	1.080000	0.007310	-0.000000	0.000000	1
18	0.700000	1.100000	0.007196	-0.000000	0.000000	1
18	0.700000	1.120000	0.007260	-0.000000	0.000000	1
18	0.700000	1.140000	0.007988	-0.000000	0.000000	1
18	0.700000	1.160000	0.008379	-0.000000	0.000000	1
18	0.700000	1.180000	0.008507	-0.000000	0.000000	1
18	0.700000	1.200000	0.008435	-0.000000	0.000000	1
18	0.700000	1.220000	0.008589	-0.000000	0.000000	1
18	0.700000	1.240000	0.008676	-0.000000	0.000000	1
18	0.700000	1.260000	0.008334	-0.000000	0.000000	1
18	0.700000	1.280000	0.008259	-0.000000	0.000000	1
18	0.700000	1.300000	0.007986	-0.000000	0.000000	1
18	0.700000	1.320000	0.007558	-0.000000	0.000000	1
18	0.700000	1.340000	0.007382	-0.000000	0.000000	1
18	0.700000	1.360000	0.008012	-0.000000	0.000000	1
18	0.700000	1.380000	0.008766	-0.000000	0.000000	1
18	0.700000	1.400000	0.009143	-0.000000	0.000000	1
18	0.700000	1.420000	0.008743	-0.000000	0.000000	1
18	0.700000	1.440000	0.008251	-0.000000	0.000000	1
18	0.700000	1.460000	0.008222	-0.000000	0.000000	1
18	0.700000	1.480000	0.008172	-0.000000	0.000000	1
18	0.700000	1.500000	0.008047	-0.000000	0.000000	1
18	0.700000	1.520000	0.007813	-0.000000	0.000000	1
18	0.700000	1.540000	0.008167	-0.000000	0.000000	1
18	0.700000	1.560000	0.008430	-0.000000	0.000000	1
18	0.700000	1.580000	0.008467	-0.000000	0.000000	1
18	0.700000	1.600000	0.008859	-0.000000	0.000000	1
18	0.700000	1.620000	0.015245	-0.000000	0.000000	1
18	0.700000	1.640000	0.039153	-0.000000	0.000000	1
18	0.700000	1.660000	0.000000	-0.000000	0.000000	1
18	0.700000	1.680000	0.000000	-0.000000	0.000000	1
18	0.700000	1.700000	0.000000	-0.000000	0.000000	1
18	0.700000	1.720000	0.000000	-0.000000	0.000000	1
18	0.700000	1.740000	0.000000	-0.000000	0.000000	1
18	0.700000	1.760000	0.000000	-0.000000	0.000000	1
18	0.700000	1.780000	0.000000	-0.000000	0.000000	1
18	0.700000	1.800000	0.000000	-0.000000	0.000000	1
18	0.700000	1.820000	0.000000	-0.000000	0.000000	1
18	0.700000	1.840000	0.000000	-0.000000	0.000000	1
18	0.700000	1.860000	0.000000	-0.000000	0.000000	1
18	0.700000	1.880000	0.000000	-0.000000	0.000000	1
18	0.700000	1.900000	0.000000	-0.000000	0.000000	1
18	0.700000	1.920000	0.000000	-0.000000	0.000000	1
18	0.700000	1.940000	0.000000	-0.000000	0.000000	1
18	0.700000	1.960000	0.000000	-0.000000	0.000000	1
18	0.700000	1.980000	0.000000	-0.000000	0.000000	1
18	0.700000	2.000000	0.000000	-0.000000	0.000000	1
18	0.700000	2.020000	0.000000	-0.000000	0.000000	1
18	0.700000	2.040000	0.000000	-0.000000	0.000000	1
18	0.700000	2.060000	0.000000	-0.000000	0.000000	1
18	0.700000	2.080000	0.000000	-0.000000	0.000000	1
18	0.700000	2.100000	0.000000	-0.000000	0.000000	1
18	0.700000	2.120000	0.000000	-0.000000	0.000000	1
18	0.700000	2.140000	0.000000	-0.000000	0.000000	1
18	0.700000	2.160000	0.000000	-0.000000	0.000000	1
18	0.700000	2.180000	0.000000	-0.000000	0.000000	1
18	0.700000	2.200000	0.000000	-0.000000	0.000000	1
18	0.700000	2.220000	0.000000	-0.000000	0.000000	1
18	0.700000	2.240000	0.000000	-0.000000	0.000000	1
18	0.700000	2.260000	0.000000	-0.000000	0.000000	1
18	0.700000	2.280000	0.000000	-0.000000	0.000000	1
18	0.700000	2.300000	0.000000	-0.000000	0.000000	1
18	0.700000	2.320000	0.000000	-0.000000	0.000000	1
18	0.700000	2.340000	0.000000	-0.000000	0.000000	1
18	0.700000	2.360000	0.000000	-0.000000	0.000000	1
18	0.700000	2.380000	0.000000	-0.000000	0.000000	1
18	0.700000	2.400000	0.000000	-0.000000	0.000000	1
18	0.700000	2.420000	0.000000	-0.000000	0.000000	1
18	0.700000	2.440000	0.000000	-0.000000	0.000000	1
18	0.700000	2.460000	0.000000	-0.000000	0.000000	1
18	0.700000	2.480000	0.000000	-0.000000	0.000000	1
18	0.700000	2.500000	0.000000	-0.000000	0.000000	1
18	0.700000	2.520000	0.000000	-0.000000	0.000000	1
18	0.700000	2.540000	0.000000	-0.000000	0.000000	1
18	0.700000	2.560000	0.000000	-0.000000	0.000000	1
18	0.700000	2.580000	0.000000	-0.000000	0.000000	1
18	0.700000	2.600000	0.000000	-0.000000	0.000000	1
18	0.700000	2.620000	0.000000	-0.000000	0.000000	1
18	0.700000	2.640000	0.000000	-0.000000	0.000000	1
18	0.700000	2.660000	0.000000	-0.000000	0.000000	1
18	0.700000	2.680000	0.000000	-0.000000	0.000000	1
18	0.700000	2.700000	0.000000	-0.000000	0.000000	1
18	0.700000	2.720000	0.000000	-0.000000	0.000000	1
18	0.700000	2.740000	0.000000	-0.000000	0.000000	1
18	0.700000	2.760000	0.000000	-0.000000	0.000000	1
18	0.700000	2.780000	0.000000	-0.000000	0.000000	1
18	0.700000	2.800000	0.000000	-0.000000	0.000000	1
18	0.700000	2.820000	0.000000	-0.000000	0.000000	1
18	0.700000	2.840000	0.000000	-0.000000	0.000000	1
18	0.700000	2.860000	0.000000	-0.000000	0.000000	1
18	0.700000	2.880000	0.000000	-0.000000	0.000000	1
18	0.700000	2.900000	0.000000	-0.000000	0.000000	1
18	0.700000	2.920000	0.000000	-0.000000	0.000000	1
18	0.700000	2.940000	0.000000	-0.000000	0.000000	1
18	0.700000	2.960000	0.000000	-0.000000	0.000000	1
18	0.700000	2.980000	0.000000	-0.000000	0.000000	1
18	0.700000	3.000000	0.000000	-0.000000	0.000000	1
18	0.700000	3.020000	0.000000	-0.000000	0.000000	1
18	0.700000	3.040000	0.000000	-0.000000	0.000000	1
18	0.700000	3.060000	0.000000	-0.000000	0.000000	1
18	0.700000	3.080000	0.000000	-0.000000	0.000000	1
18	0.700000	3.100000	0.000000	-0.000000	0.000000	1
18	0.700000	3.120000	0.000000	-0.000000	0.000000	1
18	0.700000	3.140000	0.000000	-0.000000	0.000000	1
18	0.700000	3.160000	0.000000	-0.000000	0.000000	1
18	0.700000	3.180000	0.000000	-0.000000	0.000000	1
18	0.700000	3.200000	0.000000	-0.000000	0.000000	1
18	0.700000	3.220000	0.000000	-0.000000	0.000000	1
18	0.700000	3.240000	0.000000	-0.000000	0.000000	1
18	0.700000	3.260000	0.000000	-0.000000	0.000000	1
18	0.700000	3.280000	0.000000	-0.000000	0.000000	1
18	0.700000	3.300000	0.000000	-0.000000	0.000000	1
18	0.700000	3.320000	0.000000	-0.000000	0.000000	1
18	0.700000	3.340000	0.000000	-0.000000	0.000000	1
18	0.700000	3.360000	0.000000	-0.000000	0.000000	1
18	0.700000	3.380000	0.000000	-0.000000	0.000000	1
18	0.700000	3.400000	0.000000	-0.000000	0.000000	1
18	0.700000	3.420000	0.000000	-0.000000	0.000000	1
18	0.700000	3.440000	0.000000	-0.000000	0.000000	1
18	0.700000	3.460000	0.000000	-0.000000	0.000000	1
18	0.700000	3.480000	0.000000	-0.000000	0.000000	1
18	0.700000	3.500000	0.000000	-0.000000	0.000000	1
18	0.700000	3.520000	0.000000	-0.000000	0.000000	1
18	0.700000	3.540000	0.000000	-0.000000	0.000000	1
18	0.700000	3.560000	0.000000	-0.000000	0.000000	1
18	0.700000	3.580000	0.000000	-0.000000	0.000000	1
18	0.700000	3.600000	0.000000	-0.000000	0.000000	1
18	0.700000	3.620000	0.000000	-0.000000	0.000000	1
18	0.700000	3.640000	0.000000	-0.000000	0.000000	1
18	0.700000	3.660000	0.000000	-0.000000	0.000000	1
18	0.700000	3.680000	0.000000	-0.000000	0.000000	1
18	0.700000	3.700000	0.000000	-0.000000	0.000000	1
18	0.700000	3.720000	0.000000	-0.000000	0.000000	1
18	0.700000	3.740000	0.000000	-0.000000	0.000000	1
18	0.700000	3.760000	0.000000	-0.000000	0.000000	1
18	0.700000	3.780000	0.000000	-0.000000	0.000000	1
18	0.700000	3.800000	0.000000	-0.000000	0.000000	1
18	0.700000	3.820000	0.000000	-0.000000	0.000000	1
18	0.700000	3.840000	0.000000	-0.000000	0.000000	1
18	0.700000	3.860000	0.000000	-0.000000	0.000000	1
18	0.700000	3.880000	0.000000	-0.000000	0.000000	1
18	0.700000	3.900000	0.000000	-0.000000	0.000000	1
18	0.700000	3.920000	0.000000	-0.000000	0.000000	1
18	0.700000	3.940000	0.000000	-0.000000	0.000000	1
18	0.700000	3.960000	0.000000	-0.000000	0.000000	1
18	0.700000	3.980000	0.000000	-0.000000	0.000000	1
18	0.800000	0.000000	0.000000	-0.000000	0.000000	1
18	0.800000	0.020000	0.000000	-0.000000	0.000000	1
18	0.800000	0.040000	0.000000	-0.000000	0.000000	1
18	0.800000	0.060000	0.000000	-0.000000	0.000000	1
18	0.800000	0.080000	0.000000	-0.000000	0.000000	1
18	0.800000	0.100000	0.000000	-0.000000	0.000000	1
18	0.800000	0.120000	0.000000	-0.000000	0.000000	1
18	0.800000	0.140000	0.000000	-0.000000	0.000000	1
18	0.800000	0.160000	0.000000	-0.000000	0.000000	1
18	0.800000	0.180000	0.008117	-0.000000	0.000000	1
18	0.800000	0.200000	0.008117	-0.000000	0.000000	1
18	0.800000	0.220000	0.008123	-0.000000	0.000000	1
18	0.800000	0.240000	0.008145	-0.000000	0.000000	1
18	0.800000	0.260000	0.008204	-0.000000	0.000000	1
18	0.800000	0.280000	0.008334	-0.000000	0.000000	1
18	0.800000	0.300000	0.008561	-0.000000	0.000000	1
18	0.800000	0.320000	0.008860	-0.000000	0.000000	1
18	0.800000	0.340000	0.009141	-0.000000	0.000000	1
18	0.800000	0.360000	0.009322	-0.000000	0.000000	1
18	0.800000	0.380000	0.009381	-0.000000	0.000000	1
18	0.800000	0.400000	0.009332	-0.000000	0.000000	1
18	0.800000	0.420000	0.009197	-0.000000	0.000000	1
18	0.800000	0.440000	0.008296	-0.000000	0.000000	1
18	0.800000	0.460000	0.006940	-0.000000	0.000000	1
18	0.800000	0.480000	0.006886	-0.000000	0.000000	1
18	0.800000	0.500000	0.006837	-0.000000	0.000000	1
18	0.800000	0.520000	0.006763	-0.000000	0.000000	1
18	0.800000	0.540000	0.006673	-0.000000	0.000000	1
18	0.800000	0.560000	0.006751	-0.000000	0.000000	1
18	0.800000	0.580000	0.006872	-0.000000	0.000000	1
18	0.800000	0.600000	0.007054	-0.000000	0.000000	1
18	0.800000	0.620000	0.008798	-0.000000	0.000000	1
18	0.800000	0.640000	0.008130	-0.000000	0.000000	1
18	0.800000	0.660000	0.007484	-0.000000	0.000000	1
18	0.800000	0.680000	0.007766	-0.000000	0.000000	1
18	0.800000	0.700000	0.008588	-0.000000	0.000000	1
18	0.800000	0.720000	0.008933	-0.000000	0.000000	1
18	0.800000	0.740000	0.008669	-0.000000	0.000000	1
18	0.800000	0.760000	0.007936	-0.000000	0.000000	1
18	0.800000	0.780000	0.007953	-0.000000	0.000000	1
18	0.800000	0.800000	0.007958	-0.000000	0.000000	1
18	0.800000	0.820000	0.007832	-0.000000	0.000000	1
18	0.800000	0.840000	0.007530	-0.000000	0.000000	1
18	0.800000	0.860000	0.007497	-0.000000	0.000000	1
18	0.800000	0.880000	0.007277	-0.000000	0.000000	1
18	0.800000	0.900000	0.007098	-0.000000	0.000000	1
18	0.800000	0.920000	0.007544	-0.000000	0.000000	1
18	0.800000	0.940000	0.007769	-0.000000	0.000000	1
18	0.800000	0.960000	0.008656	-0.000000	0.000000	1
18	0.800000	0.980000	0.009989	-0.000000	0.000000	1
18	0.800000	1.000000	0.010631	-0.000000	0.000000	1
18	0.800000	1.020000	0.011493	-0.000000	0.000000	1
18	0.800000	1.040000	0.015786	-0.000000	0.000000	1
18	0.800000	1.060000	0.016073	-0.000000	0.000000	1
18	0.800000	1.080000	0.007594	-0.000000	0.000000	1
18	0.800000	1.100000	0.007246	-0.000000	0.000000	1
18	0.800000	1.120000	0.007310	-0.000000	0.000000	1
18	0.800000	1.140000	0.007928	-0.000000	0.000000	1
18	0.800000	1.160000	0.008341	-0.000000	0.000000	1
18	0.800000	1.180000	0.008519	-0.000000	0.000000	1
18	0.800000	1.200000	0.008459	-0.000000	0.000000	1
18	0.800000	1.220000	0.008570	-0.000000	0.000000	1
18	0.800000	1.240000	0.008656	-0.000000	0.000000	1
18	0.800000	1.260000	0.008411	-0.000000	0.000000	1
18	0.800000	1.280000	0.008442	-0.000000	0.000000	1
18	0.800000	1.300000	0.008153	-0.000000	0.000000	1
18	0.800000	1.320000	0.007608	-0.000000	0.000000	1
18	0.800000	1.340000	0.007394	-0.000000	0.000000	1
18	0.800000	1.360000	0.007977	-0.000000	0.000000	1
18	0.800000	1.380000	0.008738	-0.000000	0.000000	1
18	0.800000	1.400000	0.009144	-0.000000	0.000000	1
18	0.800000	1.420000	0.008757	-0.000000	0.000000	1
18	0.800000	1.440000	0.008226	-0.000000	0.000000	1
18	0.800000	1.460000	0.008192	-0.000000	0.000000	1
18	0.800000	1.480000	0.008165	-0.000000	0.000000	1
18	0.800000	1.500000	0.008065	-0.000000	0.000000	1
18	0.800000	1.520000	0.007847	-0.000000	0.000000	1
18	0.800000	1.540000	0.008224	-0.000000	0.000000	1
18	0.800000	1.560000	0.008474	-0.000000	0.000000	1
18	0.800000	1.580000	0.008489	-0.000000	0.000000	1
18	0.800000	1.600000	0.008671	-0.000000	0.000000	1
18	0.800000	1.620000	0.013282	-0.000000	0.000000	1
18	0.800000	1.640000	0.037570	-0.000000	0.000000	1
18	0.800000	1.660000	0.052179	-0.000000	0.000000	1
18	0.800000	1.680000	0.000000	-0.000000	0.000000	1
18	0.800000	1.700000	0.000000	-0.000000	0.000000	1
18	0.800000	1.720000	0.000000	-0.000000	0.000000	1
18	0.800000	1.740000	0.000000	-0.000000	0.000000	1
18	0.800000	1.760000	0.000000	-0.000000	0.000000	1
18	0.800000	1.780000	0.000000	-0.000000	0.000000	1
18	0.800000	1.800000	0.000000	-0.000000	0.000000	1
18	0.800000	1.820000	0.000000	-0.000000	0.000000	1
18	0.800000	1.840000	0.000000	-0.000000	0.000000	1
18	0.800000	1.860000	0.000000	-0.000000	0.000000	1
18	0.800000	1.880000	0.000000	-0.000000	0.000000	1
18	0.800000	1.900000	0.000000	-0.000000	0.000000	1
18	0.800000	1.920000	0.000000	-0.000000	0.000000	1
18	0.800000	1.940000	0.000000	-0.000000	0.000000	1
18	0.800000	1.960000	0.000000	-0.000000	0.000000	1
18	0.800000	1.980000	0.000000	-0.000000	0.000000	1
18	0.800000	2.000000	0.000000	-0.000000	0.000000	1
18	0.800000	2.020000	0.000000	-0.000000	0.000000	1
18	0.800000	2.040000	0.000000	-0.000000	0.000000	1
18	0.800000	2.060000	0.000000	-0.000000	0.000000	1
18	0.800000	2.080000	0.000000	-0.000000	0.000000	1
18	0.800000	2.100000	0.000000	-0.000000	0.000000	1
18	0.800000	2.120000	0.000000	-0.000000	0.000000	1
18	0.800000	2.140000	0.000000	-0.000000	0.000000	1
18	0.800000	2.160000	0.000000	-0.000000	0.000000	1
18	0.800000	2.180000	0.000000	-0.000000	0.000000	1
18	0.800000	2.200000	0.000000	-0.000000	0.000000	1
18	0.800000	2.220000	0.000000	-0.000000	0.000000	1
18	0.800000	2.240000	0.000000	-0.000000	0.000000	1
18	0.800000	2.260000	0.000000	-0.000000	0.000000	1
18	0.800000	2.280000	0.000000	-0.000000	0.000000	1
18	0.800000	2.300000	0.000000	-0.000000	0.000000	1
18	0.800000	2.320000	0.000000	-0.000000	0.000000	1
18	0.800000	2.340000	0.000000	-0.000000	0.000000	1
18	0.800000	2.360000	0.000000	-0.000000	0.000000	1
18	0.800000	2.380000	0.000000	-0.000000	0.000000	1
18	0.800000	2.400000	0.000000	-0.000000	0.000000	1
18	0.800000	2.420000	0.000000	-0.000000	0.000000	1
18	0.800000	2.440000	0.000000	-0.000000	0.000000	1
18	0.800000	2.460000	0.000000	-0.000000	0.000000	1
18	0.800000	2.480000	0.000000	-0.000000	0.000000	1
18	0.800000	2.500000	0.000000	-0.000000	0.000000	1
18	0.800000	2.520000	0.000000	-0.000000	0.000000	1
18	0.800000	2.540000	0.000000	-0.000000	0.000000	1
18	0.800000	2.560000	0.000000	-0.000000	0.000000	1
18	0.800000	2.580000	0.000000	-0.000000	0.000000	1
18	0.800000	2.600000	0.000000	-0.000000	0.000000	1
18	0.800000	2.620000	0.000000	-0.000000	0.000000	1
18	0.800000	2.640000	0.000000	-0.000000	0.000000	1
18	0.800000	2.660000	0.000000	-0.000000	0.000000	1
18	0.800000	2.680000	0.000000	-0.000000	0.000000	1
18	0.800000	2.700000	0.000000	-0.000000	0.000000	1
18	0.800000	2.720000	0.000000	-0.000000	0.000000	1
18	0.800000	2.740000	0.000000	-0.000000	0.000000	1
18	0.800000	2.760000	0.000000	-0.000000	0.000000	1
18	0.800000	2.780000	0.000000	-0.000000	0.000000	1
18	0.800000	2.800000	0.000000	-0.000000	0.000000	1
18	0.800000	2.820000	0.000000	-0.000000	0.000000	1
18	0.800000	2.840000	0.000000	-0.000000	0.000000	1
18	0.800000	2.860000	0.000000	-0.000000	0.000000	1
18	0.800000	2.880000	0.000000	-0.000000	0.000000	1
18	0.800000	2.900000	0.000000	-0.000000	0.000000	1
18	0.800000	2.920000	0.000000	-0.000000	0.000000	1
18	0.800000	2.940000	0.000000	-0.000000	0.000000	1
18	0.800000	2.960000	0.000000	-0.000000	0.000000	1
18	0.800000	2.980000	0.000000	-0.000000	0.000000	1
18	0.800000	3.000000	0.000000	-0.000000	0.000000	1
18	0.800000	3.020000	0.000000	-0.000000	0.000000	1
18	0.800000	3.040000	0.000000	-0.000000	0.000000	1
18	0.800000	3.060000	0.000000	-0.000000	0.000000	1
18	0.800000	3.080000	0.000000	-0.000000	0.000000	1
18	0.800000	3.100000	0.000000	-0.000000	0.000000	1
18	0.800000	3.120000	0.000000	-0.000000	0.000000	1
18	0.800000	3.140000	0.000000	-0.000000	0.000000	1
18	0.800000	3.160000	0.000000	-0.000000	0.000000	1
18	0.800000	3.180000	0.000000	-0.000000	0.000000	1
18	0.800000	3.200000	0.000000	-0.000000	0.000000	1
18	0.800000	3.220000	0.000000	-0.000000	0.000000	1
18	0.800000	3.240000	0.000000	-0.000000	0.000000	1
18	0.800000	3.260000	0.000000	-0.000000	0.000000	1
18	0.800000	3.280000	0.000000	-0.000000	0.000000	1
18	0.800000	3.300000	0.000000	-0.000000	0.000000	1
18	0.800000	3.320000	0.000000	-0.000000	0.000000	1
18	0.800000	3.340000	0.000000	-0.000000	0.000000	1
18	0.800000	3.360000	0.000000	-0.000000	0.000000	1
18	0.800000	3.380000	0.000000	-0.000000	0.000000	1
18	0.800000	3.400000	0.000000	-0.000000	0.000000	1
18	0.800000	3.420000	0.000000	-0.000000	0.000000	1
18	0.800000	3.440000	0.000000	-0.000000	0.000000	1
18	0.800000	3.460000	0.000000	-0.000000	0.000000	1
18	0.800000	3.480000	0.000000	-0.000000	0.000000	1
18	0.800000	3.500000	0.000000	-0.000000	0.000000	1
18	0.800000	3.520000	0.000000	-0.000000	0.000000	1
18	0.800000	3.540000	0.000000	-0.000000	0.000000	1
18	0.800000	3.560000	0.000000	-0.000000	0.000000	1
18	0.800000	3.580000	0.000000	-0.000000	0.000000	1
18	0.800000	3.600000	0.000000	-0.000000	0.000000	1
18	0.800000	3.620000	0.000000	-0.000000	0.000000	1
18	0.800000	3.640000	0.000000	-0.000000	0.000000	1
18	0.800000	3.660000	0.000000	-0.000000	0.000000	1
18	0.800000	3.680000	0.000000	-0.000000	0.000000	1
18	0.800000	3.700000	0.000000	-0.000000	0.000000	1
18	0.800000	3.720000	0.000000	-0.000000	0.000000	1
18	0.800000	3.740000	0.000000	-0.000000	0.000000	1
18	0.800000	3.760000	0.000000	-0.000000	0.000000	1
18	0.800000	3.780000	0.000000	-0.000000	0.000000	1
18	0.800000	3.800000	0.000000	-0.000000	0.000000	1
18	0.800000	3.820000	0.000000	-0.000000	0.000000	1
18	0.800000	3.840000	0.000000	-0.000000	0.000000	1
18	0.800000	3.860000	0.000000	-0.000000	0.000000	1
18	0.800000	3.880000	0.000000	-0.000000	0.000000	1
18	0.800000	3.900000	0.000000	-0.000000	0.000000	1
18	0.800000	3.920000	0.000000	-0.000000	0.000000	1
18	0.800000	3.940000	0.000000	-0.000000	0.000000	1
18	0.800000	3.960000	0.000000	-0.000000	0.000000	1
18	0.800000	3.980000	0.000000	-0.000000	0.000000	1
18	0.900000	0.000000	0.000000	-0.000000	0.000000	1
18	0.900000	0.020000	0.000000	-0.000000	0.000000	1
18	0.900000	0.040000	0.000000	-0.000000	0.000000	1
18	0.900000	0.060000	0.000000	-0.000000	0.000000	1
18	0.900000	0.080000	0.000000	-0.000000	0.000000	1
18	0.900000	0.100000	0.000000	-0.000000	0.000000	1
18	0.900000	0.120000	0.000000	-0.000000	0.000000	1
18	0.900000	0.140000	0.000000	-0.000000	0.000000	1
18	0.900000	0.160000	0.000000	-0.000000	0.000000	1
18	0.900000	0.180000	0.008229	-0.000000	0.000000	1
18	0.900000	0.200000	0.008227	-0.000000	0.000000	1
18	0.900000	0.220000	0.008225	-0.000000	0.000000	1
18	0.900000	0.240000	0.008228	-0.000000	0.000000	1
18	0.900000	0.260000	0.008249	-0.000000	0.000000	1
18	0.900000	0.280000	0.008325	-0.000000	0.000000	1
18	0.900000	0.300000	0.008509	-0.000000	0.000000	1
18	0.900000	0.320000	0.008819	-0.000000	0.000000	1
18	0.900000	0.340000	0.009148	-0.000000	0.000000	1
18	0.900000	0.360000	0.009361	-0.000000	0.000000	1
18	0.900000	0.380000	0.009419	-0.000000	0.000000	1
18	0.900000	0.400000	0.009343	-0.000000	0.000000	1
18	0.900000	0.420000	0.009163	-0.000000	0.000000	1
18	0.900000	0.440000	0.008270	-0.000000	0.000000	1
18	0.900000	0.460000	0.007011	-0.000000	0.000000	1
18	0.900000	0.480000	0.006925	-0.000000	0.000000	1
18	0.900000	0.500000	0.006854	-0.000000	0.000000	1
18	0.900000	0.520000	0.006797	-0.000000	0.000000	1
18	0.900000	0.540000	0.006775	-0.000000	0.000000	1
18	0.900000	0.560000	0.006840	-0.000000	0.000000	1
18	0.900000	0.580000	0.006937	-0.000000	0.000000	1
18	0.900000	0.600000	0.007290	-0.000000	0.000000	1
18	0.900000	0.620000	0.009367	-0.000000	0.000000	1
18	0.900000	0.640000	0.008496	-0.000000	0.000000	1
18	0.900000	0.660000	0.007516	-0.000000	0.000000	1
18	0.900000	0.680000	0.007773	-0.000000	0.000000	1
18	0.900000	0.700000	0.008599	-0.000000	0.000000	1
18	0.900000	0.720000	0.008941	-0.000000	0.000000	1
18	0.900000	0.740000	0.008638	-0.000000	0.000000	1
18	0.900000	0.760000	0.007962	-0.000000	0.000000	1
18	0.900000	0.780000	0.007965	-0.000000	0.000000	1
18	0.900000	0.800000	0.007956	-0.000000	0.000000	1
18	0.900000	0.820000	0.007875	-0.000000	0.000000	1
18	0.900000	0.840000	0.007640	-0.000000	0.000000	1
18	0.900000	0.860000	0.007536	-0.000000	0.000000	1
18	0.900000	0.880000	0.007248	-0.000000	0.000000	1
18	0.900000	0.900000	0.007071	-0.000000	0.000000	1
18	0.900000	0.920000	0.007378	-0.000000	0.000000	1
18	0.900000	0.940000	0.007708	-0.000000	0.000000	1
18	0.900000	0.960000	0.008734	-0.000000	0.000000	1
18	0.900000	0.980000	0.010064	-0.000000	0.000000	1
18	0.900000	1.000000	0.010691	-0.000000	0.000000	1
18	0.900000	1.020000	0.011371	-0.000000	0.000000	1
18	0.900000	1.040000	0.015318	-0.000000	0.000000	1
18	0.900000	1.060000	0.017339	-0.000000	0.000000	1
18	0.900000	1.080000	0.008051	-0.000000	0.000000	1
18	0.900000	1.100000	0.007298	-0.000000	0.000000	1
18	0.900000	1.120000	0.007363	-0.000000	0.000000	1
18	0.900000	1.140000	0.007876	-0.000000	0.000000	1
18	0.900000	1.160000	0.008262	-0.000000	0.000000	1
18	0.900000	1.180000	0.008463	-0.000000	0.000000	1
18	0.900000	1.200000	0.008451	-0.000000	0.000000	1
18	0.900000	1.220000	0.008546	-0.000000	0.000000	1
18	0.900000	1.240000	0.008643	-0.000000	0.000000	1
18	0.900000	1.260000	0.008503	-0.000000	0.000000	1
18	0.900000	1.280000	0.008671	-0.000000	0.000000	1
18	0.900000	1.300000	0.008410	-0.000000	0.000000	1
18	0.900000	1.320000	0.007716	-0.000000	0.000000	1
18	0.900000	1.340000	0.007442	-0.000000	0.000000	1
18	0.900000	1.360000	0.008016	-0.000000	0.000000	1
18	0.900000	1.380000	0.008804	-0.000000	0.000000	1
18	0.900000	1.400000	0.009258	-0.000000	0.000000	1
18	0.900000	1.420000	0.008894	-0.000000	0.000000	1
18	0.900000	1.440000	0.008325	-0.000000	0.000000	1
18	0.900000	1.460000	0.008268	-0.000000	0.000000	1
18	0.900000	1.480000	0.008240	-0.000000	0.000000	1
18	0.900000	1.500000	0.008135	-0.000000	0.000000	1
18	0.900000	1.520000	0.007930	-0.000000	0.000000	1
18	0.900000	1.540000	0.008368	-0.000000	0.000000	1
18	0.900000	1.560000	0.008561	-0.000000	0.000000	1
18	0.900000	1.580000	0.008523	-0.000000	0.000000	1
18	0.900000	1.600000	0.008596	-0.000000	0.000000	1
18	0.900000	1.620000	0.011796	-0.000000	0.000000	1
18	0.900000	1.640000	0.033754	-0.000000	0.000000	1
18	0.900000	1.660000	0.051249	-0.000000	0.000000	1
18	0.900000	1.680000	0.000000	-0.000000	0.000000	1
18	0.900000	1.700000	0.000000	-0.000000	0.000000	1
18	0.900000	1.720000	0.000000	-0.000000	0.000000	1
18	0.900000	1.740000	0.000000	-0.000000	0.000000	1
18	0.900000	1.760000	0.000000	-0.000000	0.000000	1
18	0.900000	1.780000	0.000000	-0.000000	0.000000	1
18	0.900000	1.800000	0.000000	-0.000000	0.000000	1
18	0.900000	1.820000	0.000000	-0.000000	0.000000	1
18	0.900000	1.840000	0.000000	-0.000000	0.000000	1
18	0.900000	1.860000	0.000000	-0.000000	0.000000	1
18	0.900000	1.880000	0.000000	-0.000000	0.000000	1
18	0.900000	1.900000	0.000000	-0.000000	0.000000	1
18	0.900000	1.920000	0.000000	-0.000000	0.000000	1
18	0.900000	1.940000	0.000000	-0.000000	0.000000	1
18	0.900000	1.960000	0.000000	-0.000000	0.000000	1
18	0.900000	1.980000	0.000000	-0.000000	0.000000	1
18	0.900000	2.000000	0.000000	-0.000000	0.000000	1
18	0.900000	2.020000	0.000000	-0.000000	0.000000	1
18	0.900000	2.040000	0.000000	-0.000000	0.000000	1
18	0.900000	2.060000	0.000000	-0.000000	0.000000	1
18	0.900000	2.080000	0.000000	-0.000000	0.000000	1
18	0.900000	2.100000	0.000000	-0.000000	0.000000	1
18	0.900000	2.120000	0.000000	-0.000000	0.000000	1
18	0.900000	2.140000	0.000000	-0.000000	0.000000	1
18	0.900000	2.160000	0.000000	-0.000000	0.000000	1
18	0.900000	2.180000	0.000000	-0.000000	0.000000	1
18	0.900000	2.200000	0.000000	-0.000000	0.000000	1
18	0.900000	2.220000	0.000000	-0.000000	0.000000	1
18	0.900000	2.240000	0.000000	-0.000000	0.000000	1
18	0.900000	2.260000	0.000000	-0.000000	0.000000	1
18	0.900000	2.280000	0.000000	-0.000000	0.000000	1
18	0.900000	2.300000	0.000000	-0.000000	0.000000	1
18	0.900000	2.320000	0.000000	-0.000000	0.000000	1
18	0.900000	2.340000	0.000000	-0.000000	0.000000	1
18	0.900000	2.360000	0.000000	-0.000000	0.000000	1
18	0.900000	2.380000	0.000000	-0.000000	0.000000	1
18	0.900000	2.400000	0.000000	-0.000000	0.000000	1
18	0.900000	2.420000	0.000000	-0.000000	0.000000	1
18	0.900000	2.440000	0.000000	-0.000000	0.000000	1
18	0.900000	2.460000	0.000000	-0.000000	0.000000	1
18	0.900000	2.480000	0.000000	-0.000000	0.000000	1
18	0.900000	2.500000	0.000000	-0.000000	0.000000	1
18	0.900000	2.520000	0.000000	-0.000000	0.000000	1
18	0.900000	2.540000	0.000000	-0.000000	0.000000	1
18	0.900000	2.560000	0.000000	-0.000000	0.000000	1
18	0.900000	2.580000	0.000000	-0.000000	0.000000	1
18	0.900000	2.600000	0.000000	-0.000000	0.000000	1
18	0.900000	2.620000	0.000000	-0.000000	0.000000	1
18	0.900000	2.640000	0.000000	-0.000000	0.000000	1
18	0.900000	2.660000	0.000000	-0.000000	0.000000	1
18	0.900000	2.680000	0.000000	-0.000000	0.000000	1
18	0.900000	2.700000	0.000000	-0.000000	0.000000	1
18	0.900000	2.720000	0.000000	-0.000000	0.000000	1
18	0.900000	2.740000	0.000000	-0.000000	0.000000	1
18	0.900000	2.760000	0.000000	-0.000000	0.000000	1
18	0.900000	2.780000	0.000000	-0.000000	0.000000	1
18	0.900000	2.800000	0.000000	-0.000000	0.000000	1
18	0.900000	2.820000	0.000000	-0.000000	0.000000	1
18	0.900000	2.840000	0.000000	-0.000000	0.000000	1
18	0.900000	2.860000	0.000000	-0.000000	0.000000	1
18	0.900000	2.880000	0.000000	-0.000000	0.000000	1
18	0.900000	2.900000	0.000000	-0.000000	0.000000	1
18	0.900000	2.920000	0.000000	-0.000000	0.000000	1
18	0.900000	2.940000	0.000000	-0.000000	0.000000	1
18	0.900000	2.960000	0.000000	-0.000000	0.000000	1
18	0.900000	2.980000	0.000000	-0.000000	0.000000	1
18	0.900000	3.000000	0.000000	-0.000000	0.000000	1
18	0.900000	3.020000	0.000000	-0.000000	0.000000	1
18	0.900000	3.040000	0.000000	-0.000000	0.000000	1
18	0.900000	3.060000	0.000000	-0.000000	0.000000	1
18	0.900000	3.080000	0.000000	-0.000000	0.000000	1
18	0.900000	3.100000	0.000000	-0.000000	0.000000	1
18	0.900000	3.120000	0.000000	-0.000000	0.000000	1
18	0.900000	3.140000	0.000000	-0.000000	0.000000	1
18	0.900000	3.160000	0.000000	-0.000000	0.000000	1
18	0.900000	3.180000	0.000000	-0.000000	0.000000	1
18	0.900000	3.200000	0.000000	-0.000000	0.000000	1
18	0.900000	3.220000	0.000000	-0.000000	0.000000	1
18	0.900000	3.240000	0.000000	-0.000000	0.000000	1
18	0.900000	3.260000	0.000000	-0.000000	0.000000	1
18	0.900000	3.280000	0.000000	-0.000000	0.000000	1
18	0.900000	3.300000	0.000000	-0.000000	0.000000	1
18	0.900000	3.320000	0.000000	-0.000000	0.000000	1
18	0.900000	3.340000	0.000000	-0.000000	0.000000	1
18	0.900000	3.360000	0.000000	-0.000000	0.000000	1
18	0.900000	3.380000	0.000000	-0.000000	0.000000	1
18	0.900000	3.400000	0.000000	-0.000000	0.000000	1
18	0.900000	3.420000	0.000000	-0.000000	0.000000	1
18	0.900000	3.440000	0.000000	-0.000000	0.000000	1
18	0.900000	3.460000	0.000000	-0.000000	0.000000	1
18	0.900000	3.480000	0.000000	-0.000000	0.000000	1
18	0.900000	3.500000	0.000000	-0.000000	0.000000	1
18	0.900000	3.520000	0.000000	-0.000000	0.000000	1
18	0.900000	3.540000	0.000000	-0.000000	0.000000	1
18	0.900000	3.560000	0.000000	-0.000000	0.000000	1
18	0.900000	3.580000	0.000000	-0.000000	0.000000	1
18	0.900000	3.600000	0.000000	-0.000000	0.000000	1
18	0.900000	3.620000	0.000000	-0.000000	0.000000	1
18	0.900000	3.640000	0.000000	-0.000000	0.000000	1
18	0.900000	3.660000	0.000000	-0.000000	0.000000	1
18	0.900000	3.680000	0.000000	-0.000000	0.000000	1
18	0.900000	3.700000	0.000000	-0.000000	0.000000	1
18	0.900000	3.720000	0.000000	-0.000000	0.000000	1
18	0.900000	3.740000	0.000000	-0.000000	0.000000	1
18	0.900000	3.760000	0.000000	-0.000000	0.000000	1
18	0.900000	3.780000	0.000000	-0.000000	0.000000	1
18	0.900000	3.800000	0.000000	-0.000000	0.000000	1
18	0.900000	3.820000	0.000000	-0.000000	0.000000	1
18	0.900000	3.840000	0.000000	-0.000000	0.000000	1
18	0.900000	3.860000	0.000000	-0.000000	0.000000	1
18	0.900000	3.880000	0.000000	-0.000000	0.000000	1
18	0.900000	3.900000	0.000000	-0.000000	0.000000	1
18	0.900000	3.920000	0.000000	-0.000000	0.000000	1
18	0.900000	3.940000	0.000000	-0.000000	0.000000	1
18	0.900000	3.960000	0.000000	-0.000000	0.000000	1
18	0.900000	3.980000	0.000000	-0.000000	0.000000	1
18	1.000000	0.000000	0.000000	-0.000000	0.000000	1
18	1.000000	0.020000	0.000000	-0.000000	0.000000	1
18	1.000000	0.040000	0.000000	-0.000000	0.000000	1
18	1.000000	0.060000	0.000000	-0.000000	0.000000	1
18	1.000000	0.080000	0.000000	-0.000000	0.000000	1
18	1.000000	0.100000	0.000000	-0.000000	0.000000	1
18	1.000000	0.120000	0.000000	-0.000000	0.000000	1
18	1.000000	0.140000	0.000000	-0.000000	0.000000	1
18	1.000000	0.160000	0.000000	-0.000000	0.000000	1
18	1.000000	0.180000	0.008367	-0.000000	0.000000	1
18	1.000000	0.200000	0.008365	-0.000000	0.000000	1
18	1.000000	0.220000	0.008362	-0.000000	0.000000	1
18	1.000000	0.240000	0.008358	-0.000000	0.000000	1
18	1.000000	0.260000	0.008360	-0.000000	0.000000	1
18	1.000000	0.280000	0.008390	-0.000000	0.000000	1
18	1.000000	0.300000	0.008513	-0.000000	0.000000	1
18	1.000000	0.320000	0.008800	-0.000000	0.000000	1
18	1.000000	0.340000	0.009161	-0.000000	0.000000	1
18	1.000000	0.360000	0.009400	-0.000000	0.000000	1
18	1.000000	0.380000	0.009454	-0.000000	0.000000	1
18	1.000000	0.400000	0.009350	-0.000000	0.000000	1
18	1.000000	0.420000	0.009124	-0.000000	0.000000	1
18	1.000000	0.440000	0.008266	-0.000000	0.000000	1
18	1.000000	0.460000	0.007147	-0.000000	0.000000	1
18	1.000000	0.480000	0.007009	-0.000000	0.000000	1
18	1.000000	0.500000	0.006911	-0.000000	0.000000	1
18	1.000000	0.520000	0.006885	-0.000000	0.000000	1
18	1.000000	0.540000	0.006923	-0.000000	0.000000	1
18	1.000000	0.560000	0.006932	-0.000000	0.000000	1
18	1.000000	0.580000	0.006994	-0.000000	0.000000	1
18	1.000000	0.600000	0.007728	-0.000000	0.000000	1
18	1.000000	0.620000	0.009573	-0.000000	0.000000	1
18	1.000000	0.640000	0.008595	-0.000000	0.000000	1
18	1.000000	0.660000	0.007437	-0.000000	0.000000	1
18	1.000000	0.680000	0.007779	-0.000000	0.000000	1
18	1.000000	0.700000	0.008611	-0.000000	0.000000	1
18	1.000000	0.720000	0.008950	-0.000000	0.000000	1
18	1.000000	0.740000	0.008612	-0.000000	0.000000	1
18	1.000000	0.760000	0.007989	-0.000000	0.000000	1
18	1.000000	0.780000	0.007978	-0.000000	0.000000	1
18	1.000000	0.800000	0.007959	-0.000000	0.000000	1
18	1.000000	0.820000	0.007921	-0.000000	0.000000	1
18	1.000000	0.840000	0.007693	-0.000000	0.000000	1
18	1.000000	0.860000	0.007510	-0.000000	0.000000	1
18	1.000000	0.880000	0.007204	-0.000000	0.000000	1
18	1.000000	0.900000	0.007057	-0.000000	0.000000	1
18	1.000000	0.920000	0.007282	-0.000000	0.000000	1
18	1.000000	0.940000	0.007718	-0.000000	0.000000	1
18	1.000000	0.960000	0.008779	-0.000000	0.000000	1
18	1.000000	0.980000	0.010138	-0.000000	0.000000	1
18	1.000000	1.000000	0.010780	-0.000000	0.000000	1
18	1.000000	1.020000	0.011334	-0.000000	0.000000	1
18	1.000000	1.040000	0.014478	-0.000000	0.000000	1
18	1.000000	1.060000	0.017143	-0.000000	0.000000	1
18	1.000000	1.080000	0.008565	-0.000000	0.000000	1
18	1.000000	1.100000	0.007349	-0.000000	0.000000	1
18	1.000000	1.120000	0.007398	-0.000000	0.000000	1
18	1.000000	1.140000	0.007847	-0.000000	0.000000	1
18	1.000000	1.160000	0.008179	-0.000000	0.000000	1
18	1.000000	1.180000	0.008352	-0.000000	0.000000	1
18	1.000000	1.200000	0.008397	-0.000000	0.000000	1
18	1.000000	1.220000	0.008529	-0.000000	0.000000	1
18	1.000000	1.240000	0.008657	-0.000000	0.000000	1
18	1.000000	1.260000	0.008589	-0.000000	0.000000	1
18	1.000000	1.280000	0.008863	-0.000000	0.000000	1
18	1.000000	1.300000	0.008692	-0.000000	0.000000	1
18	1.000000	1.320000	0.007887	-0.000000	0.000000	1
18	1.000000	1.340000	0.007563	-0.000000	0.000000	1
18	1.000000	1.360000	0.008127	-0.000000	0.000000	1
18	1.000000	1.380000	0.008904	-0.000000	0.000000	1
18	1.000000	1.400000	0.009410	-0.000000	0.000000	1
18	1.000000	1.420000	0.009078	-0.000000	0.000000	1
18	1.000000	1.440000	0.008465	-0.000000	0.000000	1
18	1.000000	1.460000	0.008398	-0.000000	0.000000	1
18	1.000000	1.480000	0.008366	-0.000000	0.000000	1
18	1.000000	1.500000	0.008271	-0.000000	0.000000	1
18	1.000000	1.520000	0.008099	-0.000000	0.000000	1
18	1.000000	1.540000	0.008656	-0.000000	0.000000	1
18	1.000000	1.560000	0.008766	-0.000000	0.000000	1
18	1.000000	1.580000	0.008662	-0.000000	0.000000	1
18	1.000000	1.600000	0.008805	-0.000000	0.000000	1
18	1.000000	1.620000	0.010992	-0.000000	0.000000	1
18	1.000000	1.640000	0.032099	-0.000000	0.000000	1
18	1.000000	1.660000	0.045086	-0.000000	0.000000	1
18	1.000000	1.680000	0.061900	-0.000000	0.000000	1
18	1.000000	1.700000	0.000000	-0.000000	0.000000	1
18	1.000000	1.720000	0.000000	-0.000000	0.000000	1
18	1.000000	1.740000	0.000000	-0.000000	0.000000	1
18	1.000000	1.760000	0.000000	-0.000000	0.000000	1
18	1.000000	1.780000	0.000000	-0.000000	0.000000	1
18	1.000000	1.800000	0.000000	-0.000000	0.000000	1
18	1.000000	1.820000	0.000000	-0.000000	0.000000	1
18	1.000000	1.840000	0.000000	-0.000000	0.000000	1
18	1.000000	1.860000	0.000000	-0.000000	0.000000	1
18	1.000000	1.880000	0.000000	-0.000000	0.000000	1
18	1.000000	1.900000	0.000000	-0.000000	0.000000	1
18	1.000000	1.920000	0.000000	-0.000000	0.000000	1
18	1.000000	1.940000	0.000000	-0.000000	0.000000	1
18	1.000000	1.960000	0.000000	-0.000000	0.000000	1
18	1.000000	1.980000	0.000000	-0.000000	0.000000	1
18	1.000000	2.000000	0.000000	-0.000000	0.000000	1
18	1.000000	2.020000	0.000000	-0.000000	0.000000	1
18	1.000000	2.040000	0.000000	-0.000000	0.000000	1
18	1.000000	2.060000	0.000000	-0.000000	0.000000	1
18	1.000000	2.080000	0.000000	-0.000000	0.000000	1
18	1.000000	2.100000	0.000000	-0.000000	0.000000	1
18	1.000000	2.120000	0.000000	-0.000000	0.000000	1
18	1.000000	2.140000	0.000000	-0.000000	0.000000	1
18	1.000000	2.160000	0.000000	-0.000000	0.000000	1
18	1.000000	2.180000	0.000000	-0.000000	0.000000	1
18	1.000000	2.200000	0.000000	-0.000000	0.000000	1
18	1.000000	2.220000	0.000000	-0.000000	0.000000	1
18	1.000000	2.240000	0.000000	-0.000000	0.000000	1
18	1.000000	2.260000	0.000000	-0.000000	0.000000	1
18	1.000000	2.280000	0.000000	-0.000000	0.000000	1
18	1.000000	2.300000	0.000000	-0.000000	0.000000	1
18	1.000000	2.320000	0.000000	-0.000000	0.000000	1
18	1.000000	2.340000	0.000000	-0.000000	0.000000	1
18	1.000000	2.360000	0.000000	-0.000000	0.000000	1
18	1.000000	2.380000	0.000000	-0.000000	0.000000	1
18	1.000000	2.400000	0.000000	-0.000000	0.000000	1
18	1.000000	2.420000	0.000000	-0.000000	0.000000	1
18	1.000000	2.440000	0.000000	-0.000000	0.000000	1
18	1.000000	2.460000	0.000000	-0.000000	0.000000	1
18	1.000000	2.480000	0.000000	-0.000000	0.000000	1
18	1.000000	2.500000	0.000000	-0.000000	0.000000	1
18	1.000000	2.520000	0.000000	-0.000000	0.000000	1
18	1.000000	2.540000	0.000000	-0.000000	0.000000	1
18	1.000000	2.560000	0.000000	-0.000000	0.000000	1
18	1.000000	2.580000	0.000000	-0.000000	0.000000	1
18	1.000000	2.600000	0.000000	-0.000000	0.000000	1
18	1.000000	2.620000	0.000000	-0.000000	0.000000	1
18	1.000000	2.640000	0.000000	-0.000000	0.000000	1
18	1.000000	2.660000	0.000000	-0.000000	0.000000	1
18	1.000000	2.680000	0.000000	-0.000000	0.000000	1
18	1.000000	2.700000	0.000000	-0.000000	0.000000	1
18	1.000000	2.720000	0.000000	-0.000000	0.000000	1
18	1.000000	2.740000	0.000000	-0.000000	0.000000	1
18	1.000000	2.760000	0.000000	-0.000000	0.000000	1
18	1.000000	2.780000	0.000000	-0.000000	0.000000	1
18	1.000000	2.800000	0.000000	-0.000000	0.000000	1
18	1.000000	2.820000	0.000000	-0.000000	0.000000	1
18	1.000000	2.840000	0.000000	-0.000000	0.000000	1
18	1.000000	2.860000	0.000000	-0.000000	0.000000	1
18	1.000000	2.880000	0.000000	-0.000000	0.000000	1
18	1.000000	2.900000	0.000000	-0.000000	0.000000	1
18	1.000000	2.920000	0.000000	-0.000000	0.000000	1
18	1.000000	2.940000	0.000000	-0.000000	0.000000	1
18	1.000000	2.960000	0.000000	-0.000000	0.000000	1
18	1.000000	2.980000	0.000000	-0.000000	0.000000	1
18	1.000000	3.000000	0.000000	-0.000000	0.000000	1
18	1.000000	3.020000	0.000000	-0.000000	0.000000	1
18	1.000000	3.040000	0.000000	-0.000000	0.000000	1
18	1.000000	3.060000	0.000000	-0.000000	0.000000	1
18	1.000000	3.080000	0.000000	-0.000000	0.000000	1
18	1.000000	3.100000	0.000000	-0.000000	0.000000	1
18	1.000000	3.120000	0.000000	-0.000000	0.000000	1
18	1.000000	3.140000	0.000000	-0.000000	0.000000	1
18	1.000000	3.160000	0.000000	-0.000000	0.000000	1
18	1.000000	3.180000	0.000000	-0.000000	0.000000	1
18	1.000000	3.200000	0.000000	-0.000000	0.000000	1
18	1.000000	3.220000	0.000000	-0.000000	0.000000	1
18	1.000000	3.240000	0.000000	-0.000000	0.000000	1
18	1.000000	3.260000	0.000000	-0.000000	0.000000	1
18	1.000000	3.280000	0.000000	-0.000000	0.000000	1
18	1.000000	3.300000	0.000000	-0.000000	0.000000	1
18	1.000000	3.320000	0.000000	-0.000000	0.000000	1
18	1.000000	3.340000	0.000000	-0.000000	0.000000	1
18	1.000000	3.360000	0.000000	-0.000000	0.000000	1
18	1.000000	3.380000	0.000000	-0.000000	0.000000	1
18	1.000000	3.400000	0.000000	-0.000000	0.000000	1
18	1.000000	3.420000	0.000000	-0.000000	0.000000	1
18	1.000000	3.440000	0.000000	-0.000000	0.000000	1
18	1.000000	3.460000	0.000000	-0.000000	0.000000	1
18	1.000000	3.480000	0.000000	-0.000000	0.000000	1
18	1.000000	3.500000	0.000000	-0.000000	0.000000	1
18	1.000000	3.520000	0.000000	-0.000000	0.000000	1
18	1.000000	3.540000	0.000000	-0.000000	0.000000	1
18	1.000000	3.560000	0.000000	-0.000000	0.000000	1
18	1.000000	3.580000	0.000000	-0.000000	0.000000	1
18	1.000000	3.600000	0.000000	-0.000000	0.000000	1
18	1.000000	3.620000	0.000000	-0.000000	0.000000	1
18	1.000000	3.640000	0.000000	-0.000000	0.000000	1
18	1.000000	3.660000	0.000000	-0.000000	0.000000	1
18	1.000000	3.680000	0.000000	-0.000000	0.000000	1
18	1.000000	3.700000	0.000000	-0.000000	0.000000	1
18	1.000000	3.720000	0.000000	-0.000000	0.000000	1
18	1.000000	3.740000	0.000000	-0.000000	0.000000	1
18	1.000000	3.760000	0.000000	-0.000000	0.000000	1
18	1.000000	3.780000	0.000000	-0.000000	0.000000	1
18	1.000000	3.800000	0.000000	-0.000000	0.000000	1
18	1.000000	3.820000	0.000000	-0.000000	0.000000	1
18	1.000000	3.840000	0.000000	-0.000000	0.000000	1
18	1.000000	3.860000	0.000000	-0.000000	0.000000	1
18	1.000000	3.880000	0.000000	-0.000000	0.000000	1
18	1.000000	3.900000	0.000000	-0.000000	0.000000	1
18	1.000000	3.920000	0.000000	-0.000000	0.000000	1
18	1.000000	3.940000	0.000000	-0.000000	0.000000	1
18	1.000000	3.960000	0.000000	-0.000000	0.000000	1
18	1.000000	3.980000	0.000000	-0.000000	0.000000	1
24	0.000000	0.000000	0.000000	-0.000000	0.000000	1
24	0.000000	0.020000	0.000000	-0.000000	0.000000	1
24	0.000000	0.040000	0.000000	-0.000000	0.000000	1
24	0.000000	0.060000	0.000000	-0.000000	0.000000	1
24	0.000000	0.080000	0.000000	-0.000000	0.000000	1
24	0.000000	0.100000	0.000000	-0.000000	0.000000	1
24	0.000000	0.120000	0.000000	-0.000000	0.000000	1
24	0.000000	0.140000	0.003705	-0.000000	0.000000	1
24	0.000000	0.160000	0.003705	-0.000000	0.000000	1
24	0.000000	0.180000	0.003705	-0.000000	0.000000	1
24	0.000000	0.200000	0.003705	-0.000000	0.000000	1
24	0.000000	0.220000	0.003705	-0.000000	0.000000	1
24	0.000000	0.240000	0.003705	-0.000000	0.000000	1
24	0.000000	0.260000	0.003705	-0.000000	0.000000	1
24	0.000000	0.280000	0.003705	-0.000000	0.000000	1
24	0.000000	0.300000	0.003705	-0.000000	0.000000	1
24	0.000000	0.320000	0.003706	-0.000000	0.000000	1
24	0.000000	0.340000	0.003874	-0.000000	0.000000	1
24	0.000000	0.360000	0.003894	-0.000000	0.000000	1
24	0.000000	0.380000	0.003887	-0.000000	0.000000	1
24	0.000000	0.400000	0.003769	-0.000000	0.000000	1
24	0.000000	0.420000	0.003229	-0.000000	0.000000	1
24	0.000000	0.440000	0.003044	-0.000000	0.000000	1
24	0.000000	0.460000	0.003053	-0.000000	0.000000	1
24	0.000000	0.480000	0.003235	-0.000000	0.000000	1
24	0.000000	0.500000	0.003298	-0.000000	0.000000	1
24	0.000000	0.520000	0.003467	-0.000000	0.000000	1
24	0.000000	0.540000	0.003593	-0.000000	0.000000	1
24	0.000000	0.560000	0.003615	-0.000000	0.000000	1
24	0.000000	0.580000	0.003571	-0.000000	0.000000	1
24	0.000000	0.600000	0.003232	-0.000000	0.000000	1
24	0.000000	0.620000	0.003218	-0.000000	0.000000	1
24	0.000000	0.640000	0.003196	-0.000000	0.000000	1
24	0.000000	0.660000	0.003148	-0.000000	0.000000	1
24	0.000000	0.680000	0.003113	-0.000000	0.000000	1
24	0.000000	0.700000	0.003152	-0.000000	0.000000	1
24	0.000000	0.720000	0.003281	-0.000000	0.000000	1
24	0.000000	0.740000	0.003286	-0.000000	0.000000	1
24	0.000000	0.760000	0.003315	-0.000000	0.000000	1
24	0.000000	0.780000	0.003401	-0.000000	0.000000	1
24	0.000000	0.800000	0.003465	-0.000000	0.000000	1
24	0.000000	0.820000	0.003432	-0.000000	0.000000	1
24	0.000000	0.840000	0.003420	-0.000000	0.000000	1
24	0.000000	0.860000	0.003417	-0.000000	0.000000	1
24	0.000000	0.880000	0.003415	-0.000000	0.000000	1
24	0.000000	0.900000	0.003400	-0.000000	0.000000	1
24	0.000000	0.920000	0.003262	-0.000000	0.000000	1
24	0.000000	0.940000	0.003290	-0.000000	0.000000	1
24	0.000000	0.960000	0.003390	-0.000000	0.000000	1
24	0.000000	0.980000	0.003463	-0.000000	0.000000	1
24	0.000000	1.000000	0.003479	-0.000000	0.000000	1
24	0.000000	1.020000	0.003481	-0.000000	0.000000	1
24	0.000000	1.040000	0.003519	-0.000000	0.000000	1
24	0.000000	1.060000	0.003596	-0.000000	0.000000	1
24	0.000000	1.080000	0.003547	-0.000000	0.000000	1
24	0.000000	1.100000	0.003366	-0.000000	0.000000	1
24	0.000000	1.120000	0.003296	-0.000000	0.000000	1
24	0.000000	1.140000	0.003244	-0.000000	0.000000	1
24	0.000000	1.160000	0.003246	-0.000000	0.000000	1
24	0.000000	1.180000	0.003234	-0.000000	0.000000	1
24	0.000000	1.200000	0.003222	-0.000000	0.000000	1
24	0.000000	1.220000	0.003243	-0.000000	0.000000	1
24	0.000000	1.240000	0.003298	-0.000000	0.000000	1
24	0.000000	1.260000	0.003394	-0.000000	0.000000	1
24	0.000000	1.280000	0.003415	-0.000000	0.000000	1
24	0.000000	1.300000	0.003301	-0.000000	0.000000	1
24	0.000000	1.320000	0.003259	-0.000000	0.000000	1
24	0.000000	1.340000	0.003256	-0.000000	0.000000	1
24	0.000000	1.360000	0.003250	-0.000000	0.000000	1
24	0.000000	1.380000	0.003260	-0.000000	0.000000	1
24	0.000000	1.400000	0.003328	-0.000000	0.000000	1
24	0.000000	1.420000	0.003461	-0.000000	0.000000	1
24	0.000000	1.440000	0.003479	-0.000000	0.000000	1
24	0.000000	1.460000	0.003341	-0.000000	0.000000	1
24	0.000000	1.480000	0.003253	-0.000000	0.000000	1
24	0.000000	1.500000	0.003260	-0.000000	0.000000	1
24	0.000000	1.520000	0.003272	-0.000000	0.000000	1
24	0.000000	1.540000	0.003284	-0.000000	0.000000	1
24	0.000000	1.560000	0.003329	-0.000000	0.000000	1
24	0.000000	1.580000	0.003372	-0.000000	0.000000	1
24	0.000000	1.600000	0.000000	-0.000000	0.000000	1
24	0.000000	1.620000	0.000000	-0.000000	0.000000	1
24	0.000000	1.640000	0.000000	-0.000000	0.000000	1
24	0.000000	1.660000	0.000000	-0.000000	0.000000	1
24	0.000000	1.680000	0.000000	-0.000000	0.000000	1
24	0.000000	1.700000	0.000000	-0.000000	0.000000	1
24	0.000000	1.720000	0.000000	-0.000000	0.000000	1
24	0.000000	1.740000	0.000000	-0.000000	0.000000	1
24	0.000000	1.760000	0.000000	-0.000000	0.000000	1
24	0.000000	1.780000	0.000000	-0.000000	0.000000	1
24	0.000000	1.800000	0.000000	-0.000000	0.000000	1
24	0.000000	1.820000	0.000000	-0.000000	0.000000	1
24	0.000000	1.840000	0.000000	-0.000000	0.000000	1
24	0.000000	1.860000	0.000000	-0.000000	0.000000	1
24	0.000000	1.880000	0.000000	-0.000000	0.000000	1
24	0.000000	1.900000	0.000000	-0.000000	0.000000	1
24	0.000000	1.920000	0.000000	-0.000000	0.000000	1
24	0.000000	1.940000	0.000000	-0.000000	0.000000	1
24	0.000000	1.960000	0.000000	-0.000000	0.000000	1
24	0.000000	1.980000	0.000000	-0.000000	0.000000	1
24	0.000000	2.000000	0.000000	-0.000000	0.000000	1
24	0.000000	2.020000	0.000000	-0.000000	0.000000	1
24	0.000000	2.040000	0.000000	-0.000000	0.000000	1
24	0.000000	2.060000	0.000000	-0.000000	0.000000	1
24	0.000000	2.080000	0.000000	-0.000000	0.000000	1
24	0.000000	2.100000	0.000000	-0.000000	0.000000	1
24	0.000000	2.120000	0.000000	-0.000000	0.000000	1
24	0.000000	2.140000	0.000000	-0.000000	0.000000	1
24	0.000000	2.160000	0.000000	-0.000000	0.000000	1
24	0.000000	2.180000	0.000000	-0.000000	0.000000	1
24	0.000000	2.200000	0.000000	-0.000000	0.000000	1
24	0.000000	2.220000	0.000000	-0.000000	0.000000	1
24	0.000000	2.240000	0.000000	-0.000000	0.000000	1
24	0.000000	2.260000	0.000000	-0.000000	0.000000	1
24	0.000000	2.280000	0.000000	-0.000000	0.000000	1
24	0.000000	2.300000	0.000000	-0.000000	0.000000	1
24	0.000000	2.320000	0.000000	-0.000000	0.000000	1
24	0.000000	2.340000	0.000000	-0.000000	0.000000	1
24	0.000000	2.360000	0.000000	-0.000000	0.000000	1
24	0.000000	2.380000	0.000000	-0.000000	0.000000	1
24	0.000000	2.400000	0.000000	-0.000000	0.000000	1
24	0.000000	2.420000	0.000000	-0.000000	0.000000	1
24	0.000000	2.440000	0.000000	-0.000000	0.000000	1
24	0.000000	2.460000	0.000000	-0.000000	0.000000	1
24	0.000000	2.480000	0.000000	-0.000000	0.000000	1
24	0.000000	2.500000	0.000000	-0.000000	0.000000	1
24	0.000000	2.520000	0.000000	-0.000000	0.000000	1
24	0.000000	2.540000	0.000000	-0.000000	0.000000	1
24	0.000000	2.560000	0.000000	-0.000000	0.000000	1
24	0.000000	2.580000	0.000000	-0.000000	0.000000	1
24	0.000000	2.600000	0.000000	-0.000000	0.000000	1
24	0.000000	2.620000	0.000000	-0.000000	0.000000	1
24	0.000000	2.640000	0.000000	-0.000000	0.000000	1
24	0.000000	2.660000	0.000000	-0.000000	0.000000	1
24	0.000000	2.680000	0.000000	-0.000000	0.000000	1
24	0.000000	2.700000	0.000000	-0.000000	0.000000	1
24	0.000000	2.720000	0.000000	-0.000000	0.000000	1
24	0.000000	2.740000	0.000000	-0.000000	0.000000	1
24	0.000000	2.760000	0.000000	-0.000000	0.000000	1
24	0.000000	2.780000	0.000000	-0.000000	0.000000	1
24	0.000000	2.800000	0.000000	-0.000000	0.000000	1
24	0.000000	2.820000	0.000000	-0.000000	0.000000	1
24	0.000000	2.840000	0.000000	-0.000000	0.000000	1
24	0.000000	2.860000	0.000000	-0.000000	0.000000	1
24	0.000000	2.880000	0.000000	-0.000000	0.000000	1
24	0.000000	2.900000	0.000000	-0.000000	0.000000	1
24	0.000000	2.920000	0.000000	-0.000000	0.000000	1
24	0.000000	2.940000	0.000000	-0.000000	0.000000	1
24	0.000000	2.960000	0.000000	-0.000000	0.000000	1
24	0.000000	2.980000	0.000000	-0.000000	0.000000	1
24	0.000000	3.000000	0.000000	-0.000000	0.000000	1
24	0.000000	3.020000	0.000000	-0.000000	0.000000	1
24	0.000000	3.040000	0.000000	-0.000000	0.000000	1
24	0.000000	3.060000	0.000000	-0.000000	0.000000	1
24	0.000000	3.080000	0.000000	-0.000000	0.000000	1
24	0.000000	3.100000	0.000000	-0.000000	0.000000	1
24	0.000000	3.120000	0.000000	-0.000000	0.000000	1
24	0.000000	3.140000	0.000000	-0.000000	0.000000	1
24	0.000000	3.160000	0.000000	-0.000000	0.000000	1
24	0.000000	3.180000	0.000000	-0.000000	0.000000	1
24	0.000000	3.200000	0.000000	-0.000000	0.000000	1
24	0.000000	3.220000	0.000000	-0.000000	0.000000	1
24	0.000000	3.240000	0.000000	-0.000000	0.000000	1
24	0.000000	3.260000	0.000000	-0.000000	0.000000	1
24	0.000000	3.280000	0.000000	-0.000000	0.000000	1
24	0.000000	3.300000	0.000000	-0.000000	0.000000	1
24	0.000000	3.320000	0.000000	-0.000000	0.000000	1
24	0.000000	3.340000	0.000000	-0.000000	0.000000	1
24	0.000000	3.360000	0.000000	-0.000000	0.000000	1
24	0.000000	3.380000	0.000000	-0.000000	0.000000	1
24	0.000000	3.400000	0.000000	-0.000000	0.000000	1
24	0.000000	3.420000	0.000000	-0.000000	0.000000	1
24	0.000000	3.440000	0.000000	-0.000000	0.000000	1
24	0.000000	3.460000	0.000000	-0.000000	0.000000	1
24	0.000000	3.480000	0.000000	-0.000000	0.000000	1
24	0.000000	3.500000	0.000000	-0.000000	0.000000	1
24	0.000000	3.520000	0.000000	-0.000000	0.000000	1
24	0.000000	3.540000	0.000000	-0.000000	0.000000	1
24	0.000000	3.560000	0.000000	-0.000000	0.000000	1
24	0.000000	3.580000	0.000000	-0.000000	0.000000	1
24	0.000000	3.600000	0.000000	-0.000000	0.000000	1
24	0.000000	3.620000	0.000000	-0.000000	0.000000	1
24	0.000000	3.640000	0.000000	-0.000000	0.000000	1
24	0.000000	3.660000	0.000000	-0.000000	0.000000	1
24	0.000000	3.680000	0.000000	-0.000000	0.000000	1
24	0.000000	3.700000	0.000000	-0.000000	0.000000	1
24	0.000000	3.720000	0.000000	-0.000000	0.000000	1
24	0.000000	3.740000	0.000000	-0.000000	0.000000	1
24	0.000000	3.760000	0.000000	-0.000000	0.000000	1
24	0.000000	3.780000	0.000000	-0.000000	0.000000	1
24	0.000000	3.800000	0.000000	-0.000000	0.000000	1
24	0.000000	3.820000	0.000000	-0.000000	0.000000	1
24	0.000000	3.840000	0.000000	-0.000000	0.000000	1
24	0.000000	3.860000	0.000000	-0.000000	0.000000	1
24	0.000000	3.880000	0.000000	-0.000000	0.000000	1
24	0.000000	3.900000	0.000000	-0.000000	0.000000	1
24	0.000000	3.920000	0.000000	-0.000000	0.000000	1
24	0.000000	3.940000	0.000000	-0.000000	0.000000	1
24	0.000000	3.960000	0.000000	-0.000000	0.000000	1
24	0.000000	3.980000	0.000000	-0.000000	0.000000	1
24	0.100000	0.000000	0.000000	-0.000000	0.000000	1
24	0.100000	0.020000	0.000000	-0.000000	0.000000	1
24	0.100000	0.040000	0.000000	-0.000000	0.000000	1
24	0.100000	0.060000	0.000000	-0.000000	0.000000	1
24	0.100000	0.080000	0.000000	-0.000000	0.000000	1
24	0.100000	0.100000	0.000000	-0.000000	0.000000	1
24	0.100000	0.120000	0.000000	-0.000000	0.000000	1
24	0.100000	0.140000	0.005110	-0.000000	0.000000	1
24	0.100000	0.160000	0.005113	-0.000000	0.000000	1
24	0.100000	0.180000	0.005116	-0.000000	0.000000	1
24	0.100000	0.200000	0.005119	-0.000000	0.000000	1
24	0.100000	0.220000	0.005122	-0.000000	0.000000	1
24	0.100000	0.240000	0.005124	-0.000000	0.000000	1
24	0.100000	0.260000	0.005127	-0.000000	0.000000	1
24	0.100000	0.280000	0.005129	-0.000000	0.000000	1
24	0.100000	0.300000	0.005131	-0.000000	0.000000	1
24	0.100000	0.320000	0.005126	-0.000000	0.000000	1
24	0.100000	0.340000	0.004118	-0.000000	0.000000	1
24	0.100000	0.360000	0.003996	-0.000000	0.000000	1
24	0.100000	0.380000	0.003993	-0.000000	0.000000	1
24	0.100000	0.400000	0.003941	-0.000000	0.000000	1
24	0.100000	0.420000	0.003708	-0.000000	0.000000	1
24	0.100000	0.440000	0.003634	-0.000000	0.000000	1
24	0.100000	0.460000	0.003640	-0.000000	0.000000	1
24	0.100000	0.480000	0.003695	-0.000000	0.000000	1
24	0.100000	0.500000	0.003855	-0.000000	0.000000	1
24	0.100000	0.520000	0.004508	-0.000000	0.000000	1
24	0.100000	0.540000	0.004997	-0.000000	0.000000	1
24	0.100000	0.560000	0.005083	-0.000000	0.000000	1
24	0.100000	0.580000	0.005026	-0.000000	0.000000	1
24	0.100000	0.600000	0.004521	-0.000000	0.000000	1
24	0.100000	0.620000	0.004492	-0.000000	0.000000	1
24	0.100000	0.640000	0.004411	-0.000000	0.000000	1
24	0.100000	0.660000	0.004232	-0.000000	0.000000	1
24	0.100000	0.680000	0.004102	-0.000000	0.000000	1
24	0.100000	0.700000	0.004154	-0.000000	0.000000	1
24	0.100000	0.720000	0.004407	-0.000000	0.000000	1
24	0.100000	0.740000	0.004445	-0.000000	0.000000	1
24	0.100000	0.760000	0.004541	-0.000000	0.000000	1
24	0.100000	0.780000	0.004748	-0.000000	0.000000	1
24	0.100000	0.800000	0.004822	-0.000000	0.000000	1
24	0.100000	0.820000	0.004603	-0.000000	0.000000	1
24	0.100000	0.840000	0.004547	-0.000000	0.000000	1
24	0.100000	0.860000	0.004540	-0.000000	0.000000	1
24	0.100000	0.880000	0.004540	-0.000000	0.000000	1
24	0.100000	0.900000	0.004477	-0.000000	0.000000	1
24	0.100000	0.920000	0.003914	-0.000000	0.000000	1
24	0.100000	0.940000	0.004077	-0.000000	0.000000	1
24	0.100000	0.960000	0.004878	-0.000000	0.000000	1
24	0.100000	0.980000	0.005980	-0.000000	0.000000	1
24	0.100000	1.000000	0.006311	-0.000000	0.000000	1
24	0.100000	1.020000	0.006330	-0.000000	0.000000	1
24	0.100000	1.040000	0.005205	-0.000000	0.000000	1
24	0.100000	1.060000	0.004030	-0.000000	0.000000	1
24	0.100000	1.080000	0.004176	-0.000000	0.000000	1
24	0.100000	1.100000	0.004490	-0.000000	0.000000	1
24	0.100000	1.120000	0.004559	-0.000000	0.000000	1
24	0.100000	1.140000	0.004573	-0.000000	0.000000	1
24	0.100000	1.160000	0.004660	-0.000000	0.000000	1
24	0.100000	1.180000	0.004628	-0.000000	0.000000	1
24	0.100000	1.200000	0.004514	-0.000000	0.000000	1
24	0.100000	1.220000	0.004497	-0.000000	0.000000	1
24	0.100000	1.240000	0.004522	-0.000000	0.000000	1
24	0.100000	1.260000	0.004552	-0.000000	0.000000	1
24	0.100000	1.280000	0.004556	-0.000000	0.000000	1
24	0.100000	1.300000	0.004501	-0.000000	0.000000	1
24	0.100000	1.320000	0.004482	-0.000000	0.000000	1
24	0.100000	1.340000	0.004486	-0.000000	0.000000	1
24	0.100000	1.360000	0.004494	-0.000000	0.000000	1
24	0.100000	1.380000	0.004506	-0.000000	0.000000	1
24	0.100000	1.400000	0.004562	-0.000000	0.000000	1
24	0.100000	1.420000	0.004725	-0.000000	0.000000	1
24	0.100000	1.440000	0.004745	-0.000000	0.000000	1
24	0.100000	1.460000	0.004679	-0.000000	0.000000	1
24	0.100000	1.480000	0.004628	-0.000000	0.000000	1
24	0.100000	1.500000	0.004698	-0.000000	0.000000	1
24	0.100000	1.520000	0.004747	-0.000000	0.000000	1
24	0.100000	1.540000	0.004714	-0.000000	0.000000	1
24	0.100000	1.560000	0.004711	-0.000000	0.000000	1
24	0.100000	1.580000	0.004711	-0.000000	0.000000	1
24	0.100000	1.600000	0.000000	-0.000000	0.000000	1
24	0.100000	1.620000	0.000000	-0.000000	0.000000	1
24	0.100000	1.640000	0.000000	-0.000000	0.000000	1
24	0.100000	1.660000	0.000000	-0.000000	0.000000	1
24	0.100000	1.680000	0.000000	-0.000000	0.000000	1
24	0.100000	1.700000	0.000000	-0.000000	0.000000	1
24	0.100000	1.720000	0.000000	-0.000000	0.000000	1
24	0.100000	1.740000	0.000000	-0.000000	0.000000	1
24	0.100000	1.760000	0.000000	-0.000000	0.000000	1
24	0.100000	1.780000	0.000000	-0.000000	0.000000	1
24	0.100000	1.800000	0.000000	-0.000000	0.000000	1
24	0.100000	1.820000	0.000000	-0.000000	0.000000	1
24	0.100000	1.840000	0.000000	-0.000000	0.000000	1
24	0.100000	1.860000	0.000000	-0.000000	0.000000	1
24	0.100000	1.880000	0.000000	-0.000000	0.000000	1
24	0.100000	1.900000	0.000000	-0.000000	0.000000	1
24	0.100000	1.920000	0.000000	-0.000000	0.000000	1
24	0.100000	1.940000	0.000000	-0.000000	0.000000	1
24	0.100000	1.960000	0.000000	-0.000000	0.000000	1
24	0.100000	1.980000	0.000000	-0.000000	0.000000	1
24	0.100000	2.000000	0.000000	-0.000000	0.000000	1
24	0.100000	2.020000	0.000000	-0.000000	0.000000	1
24	0.100000	2.040000	0.000000	-0.000000	0.000000	1
24	0.100000	2.060000	0.000000	-0.000000	0.000000	1
24	0.100000	2.080000	0.000000	-0.000000	0.000000	1
24	0.100000	2.100000	0.000000	-0.000000	0.000000	1
24	0.100000	2.120000	0.000000	-0.000000	0.000000	1
24	0.100000	2.140000	0.000000	-0.000000	0.000000	1
24	0.100000	2.160000	0.000000	-0.000000	0.000000	1
24	0.100000	2.180000	0.000000	-0.000000	0.000000	1
24	0.100000	2.200000	0.000000	-0.000000	0.000000	1
24	0.100000	2.220000	0.000000	-0.000000	0.000000	1
24	0.100000	2.240000	0.000000	-0.000000	0.000000	1
24	0.100000	2.260000	0.000000	-0.000000	0.000000	1
24	0.100000	2.280000	0.000000	-0.000000	0.000000	1
24	0.100000	2.300000	0.000000	-0.000000	0.000000	1
24	0.100000	2.320000	0.000000	-0.000000	0.000000	1
24	0.100000	2.340000	0.000000	-0.000000	0.000000	1
24	0.100000	2.360000	0.000000	-0.000000	0.000000	1
24	0.100000	2.380000	0.000000	-0.000000	0.000000	1
24	0.100000	2.400000	0.000000	-0.000000	0.000000	1
24	0.100000	2.420000	0.000000	-0.000000	0.000000	1
24	0.100000	2.440000	0.000000	-0.000000	0.000000	1
24	0.100000	2.460000	0.000000	-0.000000	0.000000	1
24	0.100000	2.480000	0.000000	-0.000000	0.000000	1
24	0.100000	2.500000	0.000000	-0.000000	0.000000	1
24	0.100000	2.520000	0.000000	-0.000000	0.000000	1
24	0.100000	2.540000	0.000000	-0.000000	0.000000	1
24	0.100000	2.560000	0.000000	-0.000000	0.000000	1
24	0.100000	2.580000	0.000000	-0.000000	0.000000	1
24	0.100000	2.600000	0.000000	-0.000000	0.000000	1
24	0.100000	2.620000	0.000000	-0.000000	0.000000	1
24	0.100000	2.640000	0.000000	-0.000000	0.000000	1
24	0.100000	2.660000	0.000000	-0.000000	0.000000	1
24	0.100000	2.680000	0.000000	-0.000000	0.000000	1
24	0.100000	2.700000	0.000000	-0.000000	0.000000	1
24	0.100000	2.720000	0.000000	-0.000000	0.000000	1
24	0.100000	2.740000	0.000000	-0.000000	0.000000	1
24	0.100000	2.760000	0.000000	-0.000000	0.000000	1
24	0.100000	2.780000	0.000000	-0.000000	0.000000	1
24	0.100000	2.800000	0.000000	-0.000000	0.000000	1
24	0.100000	2.820000	0.000000	-0.000000	0.000000	1
24	0.100000	2.840000	0.000000	-0.000000	0.000000	1
24	0.100000	2.860000	0.000000	-0.000000	0.000000	1
24	0.100000	2.880000	0.000000	-0.000000	0.000000	1
24	0.100000	2.900000	0.000000	-0.000000	0.000000	1
24	0.100000	2.920000	0.000000	-0.000000	0.000000	1
24	0.100000	2.940000	0.000000	-0.000000	0.000000	1
24	0.100000	2.960000	0.000000	-0.000000	0.000000	1
24	0.100000	2.980000	0.000000	-0.000000	0.000000	1
24	0.100000	3.000000	0.000000	-0.000000	0.000000	1
24	0.100000	3.020000	0.000000	-0.000000	0.000000	1
24	0.100000	3.040000	0.000000	-0.000000	0.000000	1
24	0.100000	3.060000	0.000000	-0.000000	0.000000	1
24	0.100000	3.080000	0.000000	-0.000000	0.000000	1
24	0.100000	3.100000	0.000000	-0.000000	0.000000	1
24	0.100000	3.120000	0.000000	-0.000000	0.000000	1
24	0.100000	3.140000	0.000000	-0.000000	0.000000	1
24	0.100000	3.160000	0.000000	-0.000000	0.000000	1
24	0.100000	3.180000	0.000000	-0.000000	0.000000	1
24	0.100000	3.200000	0.000000	-0.000000	0.000000	1
24	0.100000	3.220000	0.000000	-0.000000	0.000000	1
24	0.100000	3.240000	0.000000	-0.000000	0.000000	1
24	0.100000	3.260000	0.000000	-0.000000	0.000000	1
24	0.100000	3.280000	0.000000	-0.000000	0.000000	1
24	0.100000	3.300000	0.000000	-0.000000	0.000000	1
24	0.100000	3.320000	0.000000	-0.000000	0.000000	1
24	0.100000	3.340000	0.000000	-0.000000	0.000000	1
24	0.100000	3.360000	0.000000	-0.000000	0.000000	1
24	0.100000	3.380000	0.000000	-0.000000	0.000000	1
24	0.100000	3.400000	0.000000	-0.000000	0.000000	1
24	0.100000	3.420000	0.000000	-0.000000	0.000000	1
24	0.100000	3.440000	0.000000	-0.000000	0.000000	1
24	0.100000	3.460000	0.000000	-0.000000	0.000000	1
24	0.100000	3.480000	0.000000	-0.000000	0.000000	1
24	0.100000	3.500000	0.000000	-0.000000	0.000000	1
24	0.100000	3.520000	0.000000	-0.000000	0.000000	1
24	0.100000	3.540000	0.000000	-0.000000	0.000000	1
24	0.100000	3.560000	0.000000	-0.000000	0.000000	1
24	0.100000	3.580000	0.000000	-0.000000	0.000000	1
24	0.100000	3.600000	0.000000	-0.000000	0.000000	1
24	0.100000	3.620000	0.000000	-0.000000	0.000000	1
24	0.100000	3.640000	0.000000	-0.000000	0.000000	1
24	0.100000	3.660000	0.000000	-0.000000	0.000000	1
24	0.100000	3.680000	0.000000	-0.000000	0.000000	1
24	0.100000	3.700000	0.000000	-0.000000	0.000000	1
24	0.100000	3.720000	0.000000	-0.000000	0.000000	1
24	0.100000	3.740000	0.000000	-0.000000	0.000000	1
24	0.100000	3.760000	0.000000	-0.000000	0.000000	1
24	0.100000	3.780000	0.000000	-0.000000	0.000000	1
24	0.100000	3.800000	0.000000	-0.000000	0.000000	1
24	0.100000	3.820000	0.000000	-0.000000	0.000000	1
24	0.100000	3.840000	0.000000	-0.000000	0.000000	1
24	0.100000	3.860000	0.000000	-0.000000	0.000000	1
24	0.100000	3.880000	0.000000	-0.000000	0.000000	1
24	0.100000	3.900000	0.000000	-0.000000	0.000000	1
24	0.100000	3.920000	0.000000	-0.000000	0.000000	1
24	0.100000	3.940000	0.000000	-0.000000	0.000000	1
24	0.100000	3.960000	0.000000	-0.000000	0.000000	1
24	0.100000	3.980000	0.000000	-0.000000	0.000000	1
24	0.200000	0.000000	0.000000	-0.000000	0.000000	1
24	0.200000	0.020000	0.000000	-0.000000	0.000000	1
24	0.200000	0.040000	0.000000	-0.000000	0.000000	1
24	0.200000	0.060000	0.000000	-0.000000	0.000000	1
24	0.200000	0.080000	0.000000	-0.000000	0.000000	1
24	0.200000	0.100000	0.000000	-0.000000	0.000000	1
24	0.200000	0.120000	0.000000	-0.000000	0.000000	1
24	0.200000	0.140000	0.005102	-0.000000	0.000000	1
24	0.200000	0.160000	0.005112	-0.000000	0.000000	1
24	0.200000	0.180000	0.005121	-0.000000	0.000000	1
24	0.200000	0.200000	0.005129	-0.000000	0.000000	1
24	0.200000	0.220000	0.005136	-0.000000	0.000000	1
24	0.200000	0.240000	0.005142	-0.000000	0.000000	1
24	0.200000	0.260000	0.005148	-0.000000	0.000000	1
24	0.200000	0.280000	0.005152	-0.000000	0.000000	1
24	0.200000	0.300000	0.005156	-0.000000	0.000000	1
24	0.200000	0.320000	0.005152	-0.000000	0.000000	1
24	0.200000	0.340000	0.004103	-0.000000	0.000000	1
24	0.200000	0.360000	0.003977	-0.000000	0.000000	1
24	0.200000	0.380000	0.003974	-0.000000	0.000000	1
24	0.200000	0.400000	0.003922	-0.000000	0.000000	1
24	0.200000	0.420000	0.003695	-0.000000	0.000000	1
24	0.200000	0.440000	0.003630	-0.000000	0.000000	1
24	0.200000	0.460000	0.003644	-0.000000	0.000000	1
24	0.200000	0.480000	0.003706	-0.000000	0.000000	1
24	0.200000	0.500000	0.003860	-0.000000	0.000000	1
24	0.200000	0.520000	0.004509	-0.000000	0.000000	1
24	0.200000	0.540000	0.005000	-0.000000	0.000000	1
24	0.200000	0.560000	0.005089	-0.000000	0.000000	1
24	0.200000	0.580000	0.005031	-0.000000	0.000000	1
24	0.200000	0.600000	0.004515	-0.000000	0.000000	1
24	0.200000	0.620000	0.004489	-0.000000	0.000000	1
24	0.200000	0.640000	0.004411	-0.000000	0.000000	1
24	0.200000	0.660000	0.004234	-0.000000	0.000000	1
24	0.200000	0.680000	0.004104	-0.000000	0.000000	1
24	0.200000	0.700000	0.004163	-0.000000	0.000000	1
24	0.200000	0.720000	0.004427	-0.000000	0.000000	1
24	0.200000	0.740000	0.004463	-0.000000	0.000000	1
24	0.200000	0.760000	0.004556	-0.000000	0.000000	1
24	0.200000	0.780000	0.004755	-0.000000	0.000000	1
24	0.200000	0.800000	0.004818	-0.000000	0.000000	1
24	0.200000	0.820000	0.004592	-0.000000	0.000000	1
24	0.200000	0.840000	0.004535	-0.000000	0.000000	1
24	0.200000	0.860000	0.004521	-0.000000	0.000000	1
24	0.200000	0.880000	0.004521	-0.000000	0.000000	1
24	0.200000	0.900000	0.004460	-0.000000	0.000000	1
24	0.200000	0.920000	0.003908	-0.000000	0.000000	1
24	0.200000	0.940000	0.004090	-0.000000	0.000000	1
24	0.200000	0.960000	0.004904	-0.000000	0.000000	1
24	0.200000	0.980000	0.005977	-0.000000	0.000000	1
24	0.200000	1.000000	0.006317	-0.000000	0.000000	1
24	0.200000	1.020000	0.006390	-0.000000	0.000000	1
24	0.200000	1.040000	0.005280	-0.000000	0.000000	1
24	0.200000	1.060000	0.004032	-0.000000	0.000000	1
24	0.200000	1.080000	0.004173	-0.000000	0.000000	1
24	0.200000	1.100000	0.004490	-0.000000	0.000000	1
24	0.200000	1.120000	0.004557	-0.000000	0.000000	1
24	0.200000	1.140000	0.004562	-0.000000	0.000000	1
24	0.200000	1.160000	0.004649	-0.000000	0.000000	1
24	0.200000	1.180000	0.004629	-0.000000	0.000000	1
24	0.200000	1.200000	0.004529	-0.000000	0.000000	1
24	0.200000	1.220000	0.004514	-0.000000	0.000000	1
24	0.200000	1.240000	0.004530	-0.000000	0.000000	1
24	0.200000	1.260000	0.004556	-0.000000	0.000000	1
24	0.200000	1.280000	0.004562	-0.000000	0.000000	1
24	0.200000	1.300000	0.004506	-0.000000	0.000000	1
24	0.200000	1.320000	0.004498	-0.000000	0.000000	1
24	0.200000	1.340000	0.004566	-0.000000	0.000000	1
24	0.200000	1.360000	0.004645	-0.000000	0.000000	1
24	0.200000	1.380000	0.004661	-0.000000	0.000000	1
24	0.200000	1.400000	0.004673	-0.000000	0.000000	1
24	0.200000	1.420000	0.004744	-0.000000	0.000000	1
24	0.200000	1.440000	0.004754	-0.000000	0.000000	1
24	0.200000	1.460000	0.004786	-0.000000	0.000000	1
24	0.200000	1.480000	0.004704	-0.000000	0.000000	1
24	0.200000	1.500000	0.004689	-0.000000	0.000000	1
24	0.200000	1.520000	0.004732	-0.000000	0.000000	1
24	0.200000	1.540000	0.004742	-0.000000	0.000000	1
24	0.200000	1.560000	0.004809	-0.000000	0.000000	1
24	0.200000	1.580000	0.004917	-0.000000	0.000000	1
24	0.200000	1.600000	0.000000	-0.000000	0.000000	1
24	0.200000	1.620000	0.000000	-0.000000	0.000000	1
24	0.200000	1.640000	0.000000	-0.000000	0.000000	1
24	0.200000	1.660000	0.000000	-0.000000	0.000000	1
24	0.200000	1.680000	0.000000	-0.000000	0.000000	1
24	0.200000	1.700000	0.000000	-0.000000	0.000000	1
24	0.200000	1.720000	0.000000	-0.000000	0.000000	1
24	0.200000	1.740000	0.000000	-0.000000	0.000000	1
24	0.200000	1.760000	0.000000	-0.000000	0.000000	1
24	0.200000	1.780000	0.000000	-0.000000	0.000000	1
24	0.200000	1.800000	0.000000	-0.000000	0.000000	1
24	0.200000	1.820000	0.000000	-0.000000	0.000000	1
24	0.200000	1.840000	0.000000	-0.000000	0.000000	1
24	0.200000	1.860000	0.000000	-0.000000	0.000000	1
24	0.200000	1.880000	0.000000	-0.000000	0.000000	1
24	0.200000	1.900000	0.000000	-0.000000	0.000000	1
24	0.200000	1.920000	0.000000	-0.000000	0.000000	1
24	0.200000	1.940000	0.000000	-0.000000	0.000000	1
24	0.200000	1.960000	0.000000	-0.000000	0.000000	1
24	0.200000	1.980000	0.000000	-0.000000	0.000000	1
24	0.200000	2.000000	0.000000	-0.000000	0.000000	1
24	0.200000	2.020000	0.000000	-0.000000	0.000000	1
24	0.200000	2.040000	0.000000	-0.000000	0.000000	1
24	0.200000	2.060000	0.000000	-0.000000	0.000000	1
24	0.200000	2.080000	0.000000	-0.000000	0.000000	1
24	0.200000	2.100000	0.000000	-0.000000	0.000000	1
24	0.200000	2.120000	0.000000	-0.000000	0.000000	1
24	0.200000	2.140000	0.000000	-0.000000	0.000000	1
24	0.200000	2.160000	0.000000	-0.000000	0.000000	1
24	0.200000	2.180000	0.000000	-0.000000	0.000000	1
24	0.200000	2.200000	0.000000	-0.000000	0.000000	1
24	0.200000	2.220000	0.000000	-0.000000	0.000000	1
24	0.200000	2.240000	0.000000	-0.000000	0.000000	1
24	0.200000	2.260000	0.000000	-0.000000	0.000000	1
24	0.200000	2.280000	0.000000	-0.000000	0.000000	1
24	0.200000	2.300000	0.000000	-0.000000	0.000000	1
24	0.200000	2.320000	0.000000	-0.000000	0.000000	1
24	0.200000	2.340000	0.000000	-0.000000	0.000000	1
24	0.200000	2.360000	0.000000	-0.000000	0.000000	1
24	0.200000	2.380000	0.000000	-0.000000	0.000000	1
24	0.200000	2.400000	0.000000	-0.000000	0.000000	1
24	0.200000	2.420000	0.000000	-0.000000	0.000000	1
24	0.200000	2.440000	0.000000	-0.000000	0.000000	1
24	0.200000	2.460000	0.000000	-0.000000	0.000000	1
24	0.200000	2.480000	0.000000	-0.000000	0.000000	1
24	0.200000	2.500000	0.000000	-0.000000	0.000000	1
24	0.200000	2.520000	0.000000	-0.000000	0.000000	1
24	0.200000	2.540000	0.000000	-0.000000	0.000000	1
24	0.200000	2.560000	0.000000	-0.000000	0.000000	1
24	0.200000	2.580000	0.000000	-0.000000	0.000000	1
24	0.200000	2.600000	0.000000	-0.000000	0.000000	1
24	0.200000	2.620000	0.000000	-0.000000	0.000000	1
24	0.200000	2.640000	0.000000	-0.000000	0.000000	1
24	0.200000	2.660000	0.000000	-0.000000	0.000000	1
24	0.200000	2.680000	0.000000	-0.000000	0.000000	1
24	0.200000	2.700000	0.000000	-0.000000	0.000000	1
24	0.200000	2.720000	0.000000	-0.000000	0.000000	1
24	0.200000	2.740000	0.000000	-0.000000	0.000000	1
24	0.200000	2.760000	0.000000	-0.000000	0.000000	1
24	0.200000	2.780000	0.000000	-0.000000	0.000000	1
24	0.200000	2.800000	0.000000	-0.000000	0.000000	1
24	0.200000	2.820000	0.000000	-0.000000	0.000000	1
24	0.200000	2.840000	0.000000	-0.000000	0.000000	1
24	0.200000	2.860000	0.000000	-0.000000	0.000000	1
24	0.200000	2.880000	0.000000	-0.000000	0.000000	1
24	0.200000	2.900000	0.000000	-0.000000	0.000000	1
24	0.200000	2.920000	0.000000	-0.000000	0.000000	1
24	0.200000	2.940000	0.000000	-0.000000	0.000000	1
24	0.200000	2.960000	0.000000	-0.000000	0.000000	1
24	0.200000	2.980000	0.000000	-0.000000	0.000000	1
24	0.200000	3.000000	0.000000	-0.000000	0.000000	1
24	0.200000	3.020000	0.000000	-0.000000	0.000000	1
24	0.200000	3.040000	0.000000	-0.000000	0.000000	1
24	0.200000	3.060000	0.000000	-0.000000	0.000000	1
24	0.200000	3.080000	0.000000	-0.000000	0.000000	1
24	0.200000	3.100000	0.000000	-0.000000	0.000000	1
24	0.200000	3.120000	0.000000	-0.000000	0.000000	1
24	0.200000	3.140000	0.000000	-0.000000	0.000000	1
24	0.200000	3.160000	0.000000	-0.000000	0.000000	1
24	0.200000	3.180000	0.000000	-0.000000	0.000000	1
24	0.200000	3.200000	0.000000	-0.000000	0.000000	1
24	0.200000	3.220000	0.000000	-0.000000	0.000000	1
24	0.200000	3.240000	0.000000	-0.000000	0.000000	1
24	0.200000	3.260000	0.000000	-0.000000	0.000000	1
24	0.200000	3.280000	0.000000	-0.000000	0.000000	1
24	0.200000	3.300000	0.000000	-0.000000	0.000000	1
24	0.200000	3.320000	0.000000	-0.000000	0.000000	1
24	0.200000	3.340000	0.000000	-0.000000	0.000000	1
24	0.200000	3.360000	0.000000	-0.000000	0.000000	1
24	0.200000	3.380000	0.000000	-0.000000	0.000000	1
24	0.200000	3.400000	0.000000	-0.000000	0.000000	1
24	0.200000	3.420000	0.000000	-0.000000	0.000000	1
24	0.200000	3.440000	0.000000	-0.000000	0.000000	1
24	0.200000	3.460000	0.000000	-0.000000	0.000000	1
24	0.200000	3.480000	0.000000	-0.000000	0.000000	1
24	0.200000	3.500000	0.000000	-0.000000	0.000000	1
24	0.200000	3.520000	0.000000	-0.000000	0.000000	1
24	0.200000	3.540000	0.000000	-0.000000	0.000000	1
24	0.200000	3.560000	0.000000	-0.000000	0.000000	1
24	0.200000	3.580000	0.000000	-0.000000	0.000000	1
24	0.200000	3.600000	0.000000	-0.000000	0.000000	1
24	0.200000	3.620000	0.000000	-0.000000	0.000000	1
24	0.200000	3.640000	0.000000	-0.000000	0.000000	1
24	0.200000	3.660000	0.000000	-0.000000	0.000000	1
24	0.200000	3.680000	0.000000	-0.000000	0.000000	1
24	0.200000	3.700000	0.000000	-0.000000	0.000000	1
24	0.200000	3.720000	0.000000	-0.000000	0.000000	1
24	0.200000	3.740000	0.000000	-0.000000	0.000000	1
24	0.200000	3.760000	0.000000	-0.000000	0.000000	1
24	0.200000	3.780000	0.000000	-0.000000	0.000000	1
24	0.200000	3.800000	0.000000	-0.000000	0.000000	1
24	0.200000	3.820000	0.000000	-0.000000	0.000000	1
24	0.200000	3.840000	0.000000	-0.000000	0.000000	1
24	0.200000	3.860000	0.000000	-0.000000	0.000000	1
24	0.200000	3.880000	0.000000	-0.000000	0.000000	1
24	0.200000	3.900000	0.000000	-0.000000	0.000000	1
24	0.200000	3.920000	0.000000	-0.000000	0.000000	1
24	0.200000	3.940000	0.000000	-0.000000	0.000000	1
24	0.200000	3.960000	0.000000	-0.000000	0.000000	1
24	0.200000	3.980000	0.000000	-0.000000	0.000000	1
24	0.300000	0.000000	0.000000	-0.000000	0.000000	1
24	0.300000	0.020000	0.000000	-0.000000	0.000000	1
24	0.300000	0.040000	0.000000	-0.000000	0.000000	1
24	0.300000	0.060000	0.000000	-0.000000	0.000000	1
24	0.300000	0.080000	0.000000	-0.000000	0.000000	1
24	0.300000	0.100000	0.000000	-0.000000	0.000000	1
24	0.300000	0.120000	0.000000	-0.000000	0.000000	1
24	0.300000	0.140000	0.005078	-0.000000	0.000000	1
24	0.300000	0.160000	0.005098	-0.000000	0.000000	1
24	0.300000	0.180000	0.005116	-0.000000	0.000000	1
24	0.300000	0.200000	0.005132	-0.000000	0.000000	1
24	0.300000	0.220000	0.005146	-0.000000	0.000000	1
24	0.300000	0.240000	0.005158	-0.000000	0.000000	1
24	0.300000	0.260000	0.005168	-0.000000	0.000000	1
24	0.300000	0.280000	0.005176	-0.000000	0.000000	1
24	0.300000	0.300000	0.005181	-0.000000	0.000000	1
24	0.300000	0.320000	0.005177	-0.000000	0.000000	1
24	0.300000	0.340000	0.004085	-0.000000	0.000000	1
24	0.300000	0.360000	0.003954	-0.000000	0.000000	1
24	0.300000	0.380000	0.003951	-0.000000	0.000000	1
24	0.300000	0.400000	0.003899	-0.000000	0.000000	1
24	0.300000	0.420000	0.003681	-0.000000	0.000000	1
24	0.300000	0.440000	0.003627	-0.000000	0.000000	1
24	0.300000	0.460000	0.003651	-0.000000	0.000000	1
24	0.300000	0.480000	0.003720	-0.000000	0.000000	1
24	0.300000	0.500000	0.003868	-0.000000	0.000000	1
24	0.300000	0.520000	0.004512	-0.000000	0.000000	1
24	0.300000	0.540000	0.005004	-0.000000	0.000000	1
24	0.300000	0.560000	0.005097	-0.000000	0.000000	1
24	0.300000	0.580000	0.005037	-0.000000	0.000000	1
24	0.300000	0.600000	0.004510	-0.000000	0.000000	1
24	0.300000	0.620000	0.004488	-0.000000	0.000000	1
24	0.300000	0.640000	0.004413	-0.000000	0.000000	1
24	0.300000	0.660000	0.004236	-0.000000	0.000000	1
24	0.300000	0.680000	0.004107	-0.000000	0.000000	1
24	0.300000	0.700000	0.004147	-0.000000	0.000000	1
24	0.300000	0.720000	0.004365	-0.000000	0.000000	1
24	0.300000	0.740000	0.004415	-0.000000	0.000000	1
24	0.300000	0.760000	0.004528	-0.000000	0.000000	1
24	0.300000	0.780000	0.004745	-0.000000	0.000000	1
24	0.300000	0.800000	0.004812	-0.000000	0.000000	1
24	0.300000	0.820000	0.004581	-0.000000	0.000000	1
24	0.300000	0.840000	0.004523	-0.000000	0.000000	1
24	0.300000	0.860000	0.004499	-0.000000	0.000000	1
24	0.300000	0.880000	0.004499	-0.000000	0.000000	1
24	0.300000	0.900000	0.004439	-0.000000	0.000000	1
24	0.300000	0.920000	0.003921	-0.000000	0.000000	1
24	0.300000	0.940000	0.004132	-0.000000	0.000000	1
24	0.300000	0.960000	0.004988	-0.000000	0.000000	1
24	0.300000	0.980000	0.006103	-0.000000	0.000000	1
24	0.300000	1.000000	0.006489	-0.000000	0.000000	1
24	0.300000	1.020000	0.006639	-0.000000	0.000000	1
24	0.300000	1.040000	0.005480	-0.000000	0.000000	1
24	0.300000	1.060000	0.004041	-0.000000	0.000000	1
24	0.300000	1.080000	0.004172	-0.000000	0.000000	1
24	0.300000	1.100000	0.004495	-0.000000	0.000000	1
24	0.300000	1.120000	0.004561	-0.000000	0.000000	1
24	0.300000	1.140000	0.004556	-0.000000	0.000000	1
24	0.300000	1.160000	0.004643	-0.000000	0.000000	1
24	0.300000	1.180000	0.004636	-0.000000	0.000000	1
24	0.300000	1.200000	0.004553	-0.000000	0.000000	1
24	0.300000	1.220000	0.004541	-0.000000	0.000000	1
24	0.300000	1.240000	0.004545	-0.000000	0.000000	1
24	0.300000	1.260000	0.004563	-0.000000	0.000000	1
24	0.300000	1.280000	0.004568	-0.000000	0.000000	1
24	0.300000	1.300000	0.004514	-0.000000	0.000000	1
24	0.300000	1.320000	0.004512	-0.000000	0.000000	1
24	0.300000	1.340000	0.004620	-0.000000	0.000000	1
24	0.300000	1.360000	0.004747	-0.000000	0.000000	1
24	0.300000	1.380000	0.004775	-0.000000	0.000000	1
24	0.300000	1.400000	0.004750	-0.000000	0.000000	1
24	0.300000	1.420000	0.004733	-0.000000	0.000000	1
24	0.300000	1.440000	0.004735	-0.000000	0.000000	1
24	0.300000	1.460000	0.004858	-0.000000	0.000000	1
24	0.300000	1.480000	0.004761	-0.000000	0.000000	1
24	0.300000	1.500000	0.004685	-0.000000	0.000000	1
24	0.300000	1.520000	0.004719	-0.000000	0.000000	1
24	0.300000	1.540000	0.004741	-0.000000	0.000000	1
24	0.300000	1.560000	0.004826	-0.000000	0.000000	1
24	0.300000	1.580000	0.005007	-0.000000	0.000000	1
24	0.300000	1.600000	0.005426	-0.000000	0.000000	1
24	0.300000	1.620000	0.000000	-0.000000	0.000000	1
24	0.300000	1.640000	0.000000	-0.000000	0.000000	1
24	0.300000	1.660000	0.000000	-0.000000	0.000000	1
24	0.300000	1.680000	0.000000	-0.000000	0.000000	1
24	0.300000	1.700000	0.000000	-0.000000	0.000000	1
24	0.300000	1.720000	0.000000	-0.000000	0.000000	1
24	0.300000	1.740000	0.000000	-0.000000	0.000000	1
24	0.300000	1.760000	0.000000	-0.000000	0.000000	1
24	0.300000	1.780000	0.000000	-0.000000	0.000000	1
24	0.300000	1.800000	0.000000	-0.000000	0.000000	1
24	0.300000	1.820000	0.000000	-0.000000	0.000000	1
24	0.300000	1.840000	0.000000	-0.000000	0.000000	1
24	0.300000	1.860000	0.000000	-0.000000	0.000000	1
24	0.300000	1.880000	0.000000	-0.000000	0.000000	1
24	0.300000	1.900000	0.000000	-0.000000	0.000000	1
24	0.300000	1.920000	0.000000	-0.000000	0.000000	1
24	0.300000	1.940000	0.000000	-0.000000	0.000000	1
24	0.300000	1.960000	0.000000	-0.000000	0.000000	1
24	0.300000	1.980000	0.000000	-0.000000	0.000000	1
24	0.300000	2.000000	0.000000	-0.000000	0.000000	1
24	0.300000	2.020000	0.000000	-0.000000	0.000000	1
24	0.300000	2.040000	0.000000	-0.000000	0.000000	1
24	0.300000	2.060000	0.000000	-0.000000	0.000000	1
24	0.300000	2.080000	0.000000	-0.000000	0.000000	1
24	0.300000	2.100000	0.000000	-0.000000	0.000000	1
24	0.300000	2.120000	0.000000	-0.000000	0.000000	1
24	0.300000	2.140000	0.000000	-0.000000	0.000000	1
24	0.300000	2.160000	0.000000	-0.000000	0.000000	1
24	0.300000	2.180000	0.000000	-0.000000	0.000000	1
24	0.300000	2.200000	0.000000	-0.000000	0.000000	1
24	0.300000	2.220000	0.000000	-0.000000	0.000000	1
24	0.300000	2.240000	0.000000	-0.000000	0.000000	1
24	0.300000	2.260000	0.000000	-0.000000	0.000000	1
24	0.300000	2.280000	0.000000	-0.000000	0.000000	1
24	0.300000	2.300000	0.000000	-0.000000	0.000000	1
24	0.300000	2.320000	0.000000	-0.000000	0.000000	1
24	0.300000	2.340000	0.000000	-0.000000	0.000000	1
24	0.300000	2.360000	0.000000	-0.000000	0.000000	1
24	0.300000	2.380000	0.000000	-0.000000	0.000000	1
24	0.300000	2.400000	0.000000	-0.000000	0.000000	1
24	0.300000	2.420000	0.000000	-0.000000	0.000000	1
24	0.300000	2.440000	0.000000	-0.000000	0.000000	1
24	0.300000	2.460000	0.000000	-0.000000	0.000000	1
24	0.300000	2.480000	0.000000	-0.000000	0.000000	1
24	0.300000	2.500000	0.000000	-0.000000	0.000000	1
24	0.300000	2.520000	0.000000	-0.000000	0.000000	1
24	0.300000	2.540000	0.000000	-0.000000	0.000000	1
24	0.300000	2.560000	0.000000	-0.000000	0.000000	1
24	0.300000	2.580000	0.000000	-0.000000	0.000000	1
24	0.300000	2.600000	0.000000	-0.000000	0.000000	1
24	0.300000	2.620000	0.000000	-0.000000	0.000000	1
24	0.300000	2.640000	0.000000	-0.000000	0.000000	1
24	0.300000	2.660000	0.000000	-0.000000	0.000000	1
24	0.300000	2.680000	0.000000	-0.000000	0.000000	1
24	0.300000	2.700000	0.000000	-0.000000	0.000000	1
24	0.300000	2.720000	0.000000	-0.000000	0.000000	1
24	0.300000	2.740000	0.000000	-0.000000	0.000000	1
24	0.300000	2.760000	0.000000	-0.000000	0.000000	1
24	0.300000	2.780000	0.000000	-0.000000	0.000000	1
24	0.300000	2.800000	0.000000	-0.000000	0.000000	1
24	0.300000	2.820000	0.000000	-0.000000	0.000000	1
24	0.300000	2.840000	0.000000	-0.000000	0.000000	1
24	0.300000	2.860000	0.000000	-0.000000	0.000000	1
24	0.300000	2.880000	0.000000	-0.000000	0.000000	1
24	0.300000	2.900000	0.000000	-0.000000	0.000000	1
24	0.300000	2.920000	0.000000	-0.000000	0.000000	1
24	0.300000	2.940000	0.000000	-0.000000	0.000000	1
24	0.300000	2.960000	0.000000	-0.000000	0.000000	1
24	0.300000	2.980000	0.000000	-0.000000	0.000000	1
24	0.300000	3.000000	0.000000	-0.000000	0.000000	1
24	0.300000	3.020000	0.000000	-0.000000	0.000000	1
24	0.300000	3.040000	0.000000	-0.000000	0.000000	1
24	0.300000	3.060000	0.000000	-0.000000	0.000000	1
24	0.300000	3.080000	0.000000	-0.000000	0.000000	1
24	0.300000	3.100000	0.000000	-0.000000	0.000000	1
24	0.300000	3.120000	0.000000	-0.000000	0.000000	1
24	0.300000	3.140000	0.000000	-0.000000	0.000000	1
24	0.300000	3.160000	0.000000	-0.000000	0.000000	1
24	0.300000	3.180000	0.000000	-0.000000	0.000000	1
24	0.300000	3.200000	0.000000	-0.000000	0.000000	1
24	0.300000	3.220000	0.000000	-0.000000	0.000000	1
24	0.300000	3.240000	0.000000	-0.000000	0.000000	1
24	0.300000	3.260000	0.000000	-0.000000	0.000000	1
24	0.300000	3.280000	0.000000	-0.000000	0.000000	1
24	0.300000	3.300000	0.000000	-0.000000	0.000000	1
24	0.300000	3.320000	0.000000	-0.000000	0.000000	1
24	0.300000	3.340000	0.000000	-0.000000	0.000000	1
24	0.300000	3.360000	0.000000	-0.000000	0.000000	1
24	0.300000	3.380000	0.000000	-0.000000	0.000000	1
24	0.300000	3.400000	0.000000	-0.000000	0.000000	1
24	0.300000	3.420000	0.000000	-0.000000	0.000000	1
24	0.300000	3.440000	0.000000	-0.000000	0.000000	1
24	0.300000	3.460000	0.000000	-0.000000	0.000000	1
24	0.300000	3.480000	0.000000	-0.000000	0.000000	1
24	0.300000	3.500000	0.000000	-0.000000	0.000000	1
24	0.300000	3.520000	0.000000	-0.000000	0.000000	1
24	0.300000	3.540000	0.000000	-0.000000	0.000000	1
24	0.300000	3.560000	0.000000	-0.000000	0.000000	1
24	0.300000	3.580000	0.000000	-0.000000	0.000000	1
24	0.300000	3.600000	0.000000	-0.000000	0.000000	1
24	0.300000	3.620000	0.000000	-0.000000	0.000000	1
24	0.300000	3.640000	0.000000	-0.000000	0.000000	1
24	0.300000	3.660000	0.000000	-0.000000	0.000000	1
24	0.300000	3.680000	0.000000	-0.000000	0.000000	1
24	0.300000	3.700000	0.000000	-0.000000	0.000000	1
24	0.300000	3.720000	0.000000	-0.000000	0.000000	1
24	0.300000	3.740000	0.000000	-0.000000	0.000000	1
24	0.300000	3.760000	0.000000	-0.000000	0.000000	1
24	0.300000	3.780000	0.000000	-0.000000	0.000000	1
24	0.300000	3.800000	0.000000	-0.000000	0.000000	1
24	0.300000	3.820000	0.000000	-0.000000	0.000000	1
24	0.300000	3.840000	0.000000	-0.000000	0.000000	1
24	0.300000	3.860000	0.000000	-0.000000	0.000000	1
24	0.300000	3.880000	0.000000	-0.000000	0.000000	1
24	0.300000	3.900000	0.000000	-0.000000	0.000000	1
24	0.300000	3.920000	0.000000	-0.000000	0.000000	1
24	0.300000	3.940000	0.000000	-0.000000	0.000000	1
24	0.300000	3.960000	0.000000	-0.000000	0.000000	1
24	0.300000	3.980000	0.000000	-0.000000	0.000000	1
24	0.400000	0.000000	0.000000	-0.000000	0.000000	1
24	0.400000	0.020000	0.000000	-0.000000	0.000000	1
24	0.400000	0.040000	0.000000	-0.000000	0.000000	1
24	0.400000	0.060000	0.000000	-0.000000	0.000000	1
24	0.400000	0.080000	0.000000	-0.000000	0.000000	1
24	0.400000	0.100000	0.000000	-0.000000	0.000000	1
24	0.400000	0.120000	0.000000	-0.000000	0.000000	1
24	0.400000	0.140000	0.005034	-0.000000	0.000000	1
24	0.400000	0.160000	0.005069	-0.000000	0.000000	1
24	0.400000	0.180000	0.005100	-0.000000	0.000000	1
24	0.400000	0.200000	0.005128	-0.000000	0.000000	1
24	0.400000	0.220000	0.005152	-0.000000	0.000000	1
24	0.400000	0.240000	0.005172	-0.000000	0.000000	1
24	0.400000	0.260000	0.005187	-0.000000	0.000000	1
24	0.400000	0.280000	0.005199	-0.000000	0.000000	1
24	0.400000	0.300000	0.005205	-0.000000	0.000000	1
24	0.400000	0.320000	0.005200	-0.000000	0.000000	1
24	0.400000	0.340000	0.004064	-0.000000	0.000000	1
24	0.400000	0.360000	0.003929	-0.000000	0.000000	1
24	0.400000	0.380000	0.003926	-0.000000	0.000000	1
24	0.400000	0.400000	0.003874	-0.000000	0.000000	1
24	0.400000	0.420000	0.003668	-0.000000	0.000000	1
24	0.400000	0.440000	0.003625	-0.000000	0.000000	1
24	0.400000	0.460000	0.003659	-0.000000	0.000000	1
24	0.400000	0.480000	0.003737	-0.000000	0.000000	1
24	0.400000	0.500000	0.003879	-0.000000	0.000000	1
24	0.400000	0.520000	0.004518	-0.000000	0.000000	1
24	0.400000	0.540000	0.005010	-0.000000	0.000000	1
24	0.400000	0.560000	0.005106	-0.000000	0.000000	1
24	0.400000	0.580000	0.005044	-0.000000	0.000000	1
24	0.400000	0.600000	0.004506	-0.000000	0.000000	1
24	0.400000	0.620000	0.004488	-0.000000	0.000000	1
24	0.400000	0.640000	0.004415	-0.000000	0.000000	1
24	0.400000	0.660000	0.004240	-0.000000	0.000000	1
24	0.400000	0.680000	0.004110	-0.000000	0.000000	1
24	0.400000	0.700000	0.004183	-0.000000	0.000000	1
24	0.400000	0.720000	0.004433	-0.000000	0.000000	1
24	0.400000	0.740000	0.004464	-0.000000	0.000000	1
24	0.400000	0.760000	0.004558	-0.000000	0.000000	1
24	0.400000	0.780000	0.004757	-0.000000	0.000000	1
24	0.400000	0.800000	0.004809	-0.000000	0.000000	1
24	0.400000	0.820000	0.004572	-0.000000	0.000000	1
24	0.400000	0.840000	0.004512	-0.000000	0.000000	1
24	0.400000	0.860000	0.004478	-0.000000	0.000000	1
24	0.400000	0.880000	0.004475	-0.000000	0.000000	1
24	0.400000	0.900000	0.004422	-0.000000	0.000000	1
24	0.400000	0.920000	0.003981	-0.000000	0.000000	1
24	0.400000	0.940000	0.004193	-0.000000	0.000000	1
24	0.400000	0.960000	0.004981	-0.000000	0.000000	1
24	0.400000	0.980000	0.006035	-0.000000	0.000000	1
24	0.400000	1.000000	0.006451	-0.000000	0.000000	1
24	0.400000	1.020000	0.006689	-0.000000	0.000000	1
24	0.400000	1.040000	0.005615	-0.000000	0.000000	1
24	0.400000	1.060000	0.004053	-0.000000	0.000000	1
24	0.400000	1.080000	0.004174	-0.000000	0.000000	1
24	0.400000	1.100000	0.004506	-0.000000	0.000000	1
24	0.400000	1.120000	0.004569	-0.000000	0.000000	1
24	0.400000	1.140000	0.004555	-0.000000	0.000000	1
24	0.400000	1.160000	0.004644	-0.000000	0.000000	1
24	0.400000	1.180000	0.004651	-0.000000	0.000000	1
24	0.400000	1.200000	0.004581	-0.000000	0.000000	1
24	0.400000	1.220000	0.004570	-0.000000	0.000000	1
24	0.400000	1.240000	0.004557	-0.000000	0.000000	1
24	0.400000	1.260000	0.004554	-0.000000	0.000000	1
24	0.400000	1.280000	0.004553	-0.000000	0.000000	1
24	0.400000	1.300000	0.004518	-0.000000	0.000000	1
24	0.400000	1.320000	0.004526	-0.000000	0.000000	1
24	0.400000	1.340000	0.004653	-0.000000	0.000000	1
24	0.400000	1.360000	0.004806	-0.000000	0.000000	1
24	0.400000	1.380000	0.004843	-0.000000	0.000000	1
24	0.400000	1.400000	0.004795	-0.000000	0.000000	1
24	0.400000	1.420000	0.004719	-0.000000	0.000000	1
24	0.400000	1.440000	0.004717	-0.000000	0.000000	1
24	0.400000	1.460000	0.004910	-0.000000	0.000000	1
24	0.400000	1.480000	0.004801	-0.000000	0.000000	1
24	0.400000	1.500000	0.004689	-0.000000	0.000000	1
24	0.400000	1.520000	0.004715	-0.000000	0.000000	1
24	0.400000	1.540000	0.004729	-0.000000	0.000000	1
24	0.400000	1.560000	0.004804	-0.000000	0.000000	1
24	0.400000	1.580000	0.004981	-0.000000	0.000000	1
24	0.400000	1.600000	0.005622	-0.000000	0.000000	1
24	0.400000	1.620000	0.000000	-0.000000	0.000000	1
24	0.400000	1.640000	0.000000	-0.000000	0.000000	1
24	0.400000	1.660000	0.000000	-0.000000	0.000000	1
24	0.400000	1.680000	0.000000	-0.000000	0.000000	1
24	0.400000	1.700000	0.000000	-0.000000	0.000000	1
24	0.400000	1.720000	0.000000	-0.000000	0.000000	1
24	0.400000	1.740000	0.000000	-0.000000	0.000000	1
24	0.400000	1.760000	0.000000	-0.000000	0.000000	1
24	0.400000	1.780000	0.000000	-0.000000	0.000000	1
24	0.400000	1.800000	0.000000	-0.000000	0.000000	1
24	0.400000	1.820000	0.000000	-0.000000	0.000000	1
24	0.400000	1.840000	0.000000	-0.000000	0.000000	1
24	0.400000	1.860000	0.000000	-0.000000	0.000000	1
24	0.400000	1.880000	0.000000	-0.000000	0.000000	1
24	0.400000	1.900000	0.000000	-0.000000	0.000000	1
24	0.400000	1.920000	0.000000	-0.000000	0.000000	1
24	0.400000	1.940000	0.000000	-0.000000	0.000000	1
24	0.400000	1.960000	0.000000	-0.000000	0.000000	1
24	0.400000	1.980000	0.000000	-0.000000	0.000000	1
24	0.400000	2.000000	0.000000	-0.000000	0.000000	1
24	0.400000	2.020000	0.000000	-0.000000	0.000000	1
24	0.400000	2.040000	0.000000	-0.000000	0.000000	1
24	0.400000	2.060000	0.000000	-0.000000	0.000000	1
24	0.400000	2.080000	0.000000	-0.000000	0.000000	1
24	0.400000	2.100000	0.000000	-0.000000	0.000000	1
24	0.400000	2.120000	0.000000	-0.000000	0.000000	1
24	0.400000	2.140000	0.000000	-0.000000	0.000000	1
24	0.400000	2.160000	0.000000	-0.000000	0.000000	1
24	0.400000	2.180000	0.000000	-0.000000	0.000000	1
24	0.400000	2.200000	0.000000	-0.000000	0.000000	1
24	0.400000	2.220000	0.000000	-0.000000	0.000000	1
24	0.400000	2.240000	0.000000	-0.000000	0.000000	1
24	0.400000	2.260000	0.000000	-0.000000	0.000000	1
24	0.400000	2.280000	0.000000	-0.000000	0.000000	1
24	0.400000	2.300000	0.000000	-0.000000	0.000000	1
24	0.400000	2.320000	0.000000	-0.000000	0.000000	1
24	0.400000	2.340000	0.000000	-0.000000	0.000000	1
24	0.400000	2.360000	0.000000	-0.000000	0.000000	1
24	0.400000	2.380000	0.000000	-0.000000	0.000000	1
24	0.400000	2.400000	0.000000	-0.000000	0.000000	1
24	0.400000	2.420000	0.000000	-0.000000	0.000000	1
24	0.400000	2.440000	0.000000	-0.000000	0.000000	1
24	0.400000	2.460000	0.000000	-0.000000	0.000000	1
24	0.400000	2.480000	0.000000	-0.000000	0.000000	1
24	0.400000	2.500000	0.000000	-0.000000	0.000000	1
24	0.400000	2.520000	0.000000	-0.000000	0.000000	1
24	0.400000	2.540000	0.000000	-0.000000	0.000000	1
24	0.400000	2.560000	0.000000	-0.000000	0.000000	1
24	0.400000	2.580000	0.000000	-0.000000	0.000000	1
24	0.400000	2.600000	0.000000	-0.000000	0.000000	1
24	0.400000	2.620000	0.000000	-0.000000	0.000000	1
24	0.400000	2.640000	0.000000	-0.000000	0.000000	1
24	0.400000	2.660000	0.000000	-0.000000	0.000000	1
24	0.400000	2.680000	0.000000	-0.000000	0.000000	1
24	0.400000	2.700000	0.000000	-0.000000	0.000000	1
24	0.400000	2.720000	0.000000	-0.000000	0.000000	1
24	0.400000	2.740000	0.000000	-0.000000	0.000000	1
24	0.400000	2.760000	0.000000	-0.000000	0.000000	1
24	0.400000	2.780000	0.000000	-0.000000	0.000000	1
24	0.400000	2.800000	0.000000	-0.000000	0.000000	1
24	0.400000	2.820000	0.000000	-0.000000	0.000000	1
24	0.400000	2.840000	0.000000	-0.000000	0.000000	1
24	0.400000	2.860000	0.000000	-0.000000	0.000000	1
24	0.400000	2.880000	0.000000	-0.000000	0.000000	1
24	0.400000	2.900000	0.000000	-0.000000	0.000000	1
24	0.400000	2.920000	0.000000	-0.000000	0.000000	1
24	0.400000	2.940000	0.000000	-0.000000	0.000000	1
24	0.400000	2.960000	0.000000	-0.000000	0.000000	1
24	0.400000	2.980000	0.000000	-0.000000	0.000000	1
24	0.400000	3.000000	0.000000	-0.000000	0.000000	1
24	0.400000	3.020000	0.000000	-0.000000	0.000000	1
24	0.400000	3.040000	0.000000	-0.000000	0.000000	1
24	0.400000	3.060000	0.000000	-0.000000	0.000000	1
24	0.400000	3.080000	0.000000	-0.000000	0.000000	1
24	0.400000	3.100000	0.000000	-0.000000	0.000000	1
24	0.400000	3.120000	0.000000	-0.000000	0.000000	1
24	0.400000	3.140000	0.000000	-0.000000	0.000000	1
24	0.400000	3.160000	0.000000	-0.000000	0.000000	1
24	0.400000	3.180000	0.000000	-0.000000	0.000000	1
24	0.400000	3.200000	0.000000	-0.000000	0.000000	1
24	0.400000	3.220000	0.000000	-0.000000	0.000000	1
24	0.400000	3.240000	0.000000	-0.000000	0.000000	1
24	0.400000	3.260000	0.000000	-0.000000	0.000000	1
24	0.400000	3.280000	0.000000	-0.000000	0.000000	1
24	0.400000	3.300000	0.000000	-0.000000	0.000000	1
24	0.400000	3.320000	0.000000	-0.000000	0.000000	1
24	0.400000	3.340000	0.000000	-0.000000	0.000000	1
24	0.400000	3.360000	0.000000	-0.000000	0.000000	1
24	0.400000	3.380000	0.000000	-0.000000	0.000000	1
24	0.400000	3.400000	0.000000	-0.000000	0.000000	1
24	0.400000	3.420000	0.000000	-0.000000	0.000000	1
24	0.400000	3.440000	0.000000	-0.000000	0.000000	1
24	0.400000	3.460000	0.000000	-0.000000	0.000000	1
24	0.400000	3.480000	0.000000	-0.000000	0.000000	1
24	0.400000	3.500000	0.000000	-0.000000	0.000000	1
24	0.400000	3.520000	0.000000	-0.000000	0.000000	1
24	0.400000	3.540000	0.000000	-0.000000	0.000000	1
24	0.400000	3.560000	0.000000	-0.000000	0.000000	1
24	0.400000	3.580000	0.000000	-0.000000	0.000000	1
24	0.400000	3.600000	0.000000	-0.000000	0.000000	1
24	0.400000	3.620000	0.000000	-0.000000	0.000000	1
24	0.400000	3.640000	0.000000	-0.000000	0.000000	1
24	0.400000	3.660000	0.000000	-0.000000	0.000000	1
24	0.400000	3.680000	0.000000	-0.000000	0.000000	1
24	0.400000	3.700000	0.000000	-0.000000	0.000000	1
24	0.400000	3.720000	0.000000	-0.000000	0.000000	1
24	0.400000	3.740000	0.000000	-0.000000	0.000000	1
24	0.400000	3.760000	0.000000	-0.000000	0.000000	1
24	0.400000	3.780000	0.000000	-0.000000	0.000000	1
24	0.400000	3.800000	0.000000	-0.000000	0.000000	1
24	0.400000	3.820000	0.000000	-0.000000	0.000000	1
24	0.400000	3.840000	0.000000	-0.000000	0.000000	1
24	0.400000	3.860000	0.000000	-0.000000	0.000000	1
24	0.400000	3.880000	0.000000	-0.000000	0.000000	1
24	0.400000	3.900000	0.000000	-0.000000	0.000000	1
24	0.400000	3.920000	0.000000	-0.000000	0.000000	1
24	0.400000	3.940000	0.000000	-0.000000	0.000000	1
24	0.400000	3.960000	0.000000	-0.000000	0.000000	1
24	0.400000	3.980000	0.000000	-0.000000	0.000000	1
24	0.500000	0.000000	0.000000	-0.000000	0.000000	1
24	0.500000	0.020000	0.000000	-0.000000	0.000000	1
24	0.500000	0.040000	0.000000	-0.000000	0.000000	1
24	0.500000	0.060000	0.000000	-0.000000	0.000000	1
24	0.500000	0.080000	0.000000	-0.000000	0.000000	1
24	0.500000	0.100000	0.000000	-0.000000	0.000000	1
24	0.500000	0.120000	0.000000	-0.000000	0.000000	1
24	0.500000	0.140000	0.004969	-0.000000	0.000000	1
24	0.500000	0.160000	0.005022	-0.000000	0.000000	1
24	0.500000	0.180000	0.005071	-0.000000	0.000000	1
24	0.500000	0.200000	0.005114	-0.000000	0.000000	1
24	0.500000	0.220000	0.005151	-0.000000	0.000000	1
24	0.500000	0.240000	0.005182	-0.000000	0.000000	1
24	0.500000	0.260000	0.005204	-0.000000	0.000000	1
24	0.500000	0.280000	0.005220	-0.000000	0.000000	1
24	0.500000	0.300000	0.005227	-0.000000	0.000000	1
24	0.500000	0.320000	0.005220	-0.000000	0.000000	1
24	0.500000	0.340000	0.004043	-0.000000	0.000000	1
24	0.500000	0.360000	0.003903	-0.000000	0.000000	1
24	0.500000	0.380000	0.003898	-0.000000	0.000000	1
24	0.500000	0.400000	0.003847	-0.000000	0.000000	1
24	0.500000	0.420000	0.003654	-0.000000	0.000000	1
24	0.500000	0.440000	0.003626	-0.000000	0.000000	1
24	0.500000	0.460000	0.003672	-0.000000	0.000000	1
24	0.500000	0.480000	0.003760	-0.000000	0.000000	1
24	0.500000	0.500000	0.003894	-0.000000	0.000000	1
24	0.500000	0.520000	0.004526	-0.000000	0.000000	1
24	0.500000	0.540000	0.005019	-0.000000	0.000000	1
24	0.500000	0.560000	0.005118	-0.000000	0.000000	1
24	0.500000	0.580000	0.005049	-0.000000	0.000000	1
24	0.500000	0.600000	0.004504	-0.000000	0.000000	1
24	0.500000	0.620000	0.004490	-0.000000	0.000000	1
24	0.500000	0.640000	0.004419	-0.000000	0.000000	1
24	0.500000	0.660000	0.004243	-0.000000	0.000000	1
24	0.500000	0.680000	0.004115	-0.000000	0.000000	1
24	0.500000	0.700000	0.004246	-0.000000	0.000000	1
24	0.500000	0.720000	0.004516	-0.000000	0.000000	1
24	0.500000	0.740000	0.004507	-0.000000	0.000000	1
24	0.500000	0.760000	0.004580	-0.000000	0.000000	1
24	0.500000	0.780000	0.004762	-0.000000	0.000000	1
24	0.500000	0.800000	0.004804	-0.000000	0.000000	1
24	0.500000	0.820000	0.004565	-0.000000	0.000000	1
24	0.500000	0.840000	0.004503	-0.000000	0.000000	1
24	0.500000	0.860000	0.004458	-0.000000	0.000000	1
24	0.500000	0.880000	0.004453	-0.000000	0.000000	1
24	0.500000	0.900000	0.004416	-0.000000	0.000000	1
24	0.500000	0.920000	0.004103	-0.000000	0.000000	1
24	0.500000	0.940000	0.004256	-0.000000	0.000000	1
24	0.500000	0.960000	0.004934	-0.000000	0.000000	1
24	0.500000	0.980000	0.005966	-0.000000	0.000000	1
24	0.500000	1.000000	0.006411	-0.000000	0.000000	1
24	0.500000	1.020000	0.006733	-0.000000	0.000000	1
24	0.500000	1.040000	0.005793	-0.000000	0.000000	1
24	0.500000	1.060000	0.004079	-0.000000	0.000000	1
24	0.500000	1.080000	0.004177	-0.000000	0.000000	1
24	0.500000	1.100000	0.004521	-0.000000	0.000000	1
24	0.500000	1.120000	0.004580	-0.000000	0.000000	1
24	0.500000	1.140000	0.004557	-0.000000	0.000000	1
24	0.500000	1.160000	0.004654	-0.000000	0.000000	1
24	0.500000	1.180000	0.004673	-0.000000	0.000000	1
24	0.500000	1.200000	0.004610	-0.000000	0.000000	1
24	0.500000	1.220000	0.004597	-0.000000	0.000000	1
24	0.500000	1.240000	0.004571	-0.000000	0.000000	1
24	0.500000	1.260000	0.004552	-0.000000	0.000000	1
24	0.500000	1.280000	0.004547	-0.000000	0.000000	1
24	0.500000	1.300000	0.004528	-0.000000	0.000000	1
24	0.500000	1.320000	0.004540	-0.000000	0.000000	1
24	0.500000	1.340000	0.004671	-0.000000	0.000000	1
24	0.500000	1.360000	0.004838	-0.000000	0.000000	1
24	0.500000	1.380000	0.004889	-0.000000	0.000000	1
24	0.500000	1.400000	0.004825	-0.000000	0.000000	1
24	0.500000	1.420000	0.004708	-0.000000	0.000000	1
24	0.500000	1.440000	0.004709	-0.000000	0.000000	1
24	0.500000	1.460000	0.004965	-0.000000	0.000000	1
24	0.500000	1.480000	0.004845	-0.000000	0.000000	1
24	0.500000	1.500000	0.004703	-0.000000	0.000000	1
24	0.500000	1.520000	0.004717	-0.000000	0.000000	1
24	0.500000	1.540000	0.004717	-0.000000	0.000000	1
24	0.500000	1.560000	0.004781	-0.000000	0.000000	1
24	0.500000	1.580000	0.004907	-0.000000	0.000000	1
24	0.500000	1.600000	0.005565	-0.000000	0.000000	1
24	0.500000	1.620000	0.000000	-0.000000	0.000000	1
24	0.500000	1.640000	0.000000	-0.000000	0.000000	1
24	0.500000	1.660000	0.000000	-0.000000	0.000000	1
24	0.500000	1.680000	0.000000	-0.000000	0.000000	1
24	0.500000	1.700000	0.000000	-0.000000	0.000000	1
24	0.500000	1.720000	0.000000	-0.000000	0.000000	1
24	0.500000	1.740000	0.000000	-0.000000	0.000000	1
24	0.500000	1.760000	0.000000	-0.000000	0.000000	1
24	0.500000	1.780000	0.000000	-0.000000	0.000000	1
24	0.500000	1.800000	0.000000	-0.000000	0.000000	1
24	0.500000	1.820000	0.000000	-0.000000	0.000000	1
24	0.500000	1.840000	0.000000	-0.000000	0.000000	1
24	0.500000	1.860000	0.000000	-0.000000	0.000000	1
24	0.500000	1.880000	0.000000	-0.000000	0.000000	1
24	0.500000	1.900000	0.000000	-0.000000	0.000000	1
24	0.500000	1.920000	0.000000	-0.000000	0.000000	1
24	0.500000	1.940000	0.000000	-0.000000	0.000000	1
24	0.500000	1.960000	0.000000	-0.000000	0.000000	1
24	0.500000	1.980000	0.000000	-0.000000	0.000000	1
24	0.500000	2.000000	0.000000	-0.000000	0.000000	1
24	0.500000	2.020000	0.000000	-0.000000	0.000000	1
24	0.500000	2.040000	0.000000	-0.000000	0.000000	1
24	0.500000	2.060000	0.000000	-0.000000	0.000000	1
24	0.500000	2.080000	0.000000	-0.000000	0.000000	1
24	0.500000	2.100000	0.000000	-0.000000	0.000000	1
24	0.500000	2.120000	0.000000	-0.000000	0.000000	1
24	0.500000	2.140000	0.000000	-0.000000	0.000000	1
24	0.500000	2.160000	0.000000	-0.000000	0.000000	1
24	0.500000	2.180000	0.000000	-0.000000	0.000000	1
24	0.500000	2.200000	0.000000	-0.000000	0.000000	1
24	0.500000	2.220000	0.000000	-0.000000	0.000000	1
24	0.500000	2.240000	0.000000	-0.000000	0.000000	1
24	0.500000	2.260000	0.000000	-0.000000	0.000000	1
24	0.500000	2.280000	0.000000	-0.000000	0.000000	1
24	0.500000	2.300000	0.000000	-0.000000	0.000000	1
24	0.500000	2.320000	0.000000	-0.000000	0.000000	1
24	0.500000	2.340000	0.000000	-0.000000	0.000000	1
24	0.500000	2.360000	0.000000	-0.000000	0.000000	1
24	0.500000	2.380000	0.000000	-0.000000	0.000000	1
24	0.500000	2.400000	0.000000	-0.000000	0.000000	1
24	0.500000	2.420000	0.000000	-0.000000	0.000000	1
24	0.500000	2.440000	0.000000	-0.000000	0.000000	1
24	0.500000	2.460000	0.000000	-0.000000	0.000000	1
24	0.500000	2.480000	0.000000	-0.000000	0.000000	1
24	0.500000	2.500000	0.000000	-0.000000	0.000000	1
24	0.500000	2.520000	0.000000	-0.000000	0.000000	1
24	0.500000	2.540000	0.000000	-0.000000	0.000000	1
24	0.500000	2.560000	0.000000	-0.000000	0.000000	1
24	0.500000	2.580000	0.000000	-0.000000	0.000000	1
24	0.500000	2.600000	0.000000	-0.000000	0.000000	1
24	0.500000	2.620000	0.000000	-0.000000	0.000000	1
24	0.500000	2.640000	0.000000	-0.000000	0.000000	1
24	0.500000	2.660000	0.000000	-0.000000	0.000000	1
24	0.500000	2.680000	0.000000	-0.000000	0.000000	1
24	0.500000	2.700000	0.000000	-0.000000	0.000000	1
24	0.500000	2.720000	0.000000	-0.000000	0.000000	1
24	0.500000	2.740000	0.000000	-0.000000	0.000000	1
24	0.500000	2.760000	0.000000	-0.000000	0.000000	1
24	0.500000	2.780000	0.000000	-0.000000	0.000000	1
24	0.500000	2.800000	0.000000	-0.000000	0.000000	1
24	0.500000	2.820000	0.000000	-0.000000	0.000000	1
24	0.500000	2.840000	0.000000	-0.000000	0.000000	1
24	0.500000	2.860000	0.000000	-0.000000	0.000000	1
24	0.500000	2.880000	0.000000	-0.000000	0.000000	1
24	0.500000	2.900000	0.000000	-0.000000	0.000000	1
24	0.500000	2.920000	0.000000	-0.000000	0.000000	1
24	0.500000	2.940000	0.000000	-0.000000	0.000000	1
24	0.500000	2.960000	0.000000	-0.000000	0.000000	1
24	0.500000	2.980000	0.000000	-0.000000	0.000000	1
24	0.500000	3.000000	0.000000	-0.000000	0.000000	1
24	0.500000	3.020000	0.000000	-0.000000	0.000000	1
24	0.500000	3.040000	0.000000	-0.000000	0.000000	1
24	0.500000	3.060000	0.000000	-0.000000	0.000000	1
24	0.500000	3.080000	0.000000	-0.000000	0.000000	1
24	0.500000	3.100000	0.000000	-0.000000	0.000000	1
24	0.500000	3.120000	0.000000	-0.000000	0.000000	1
24	0.500000	3.140000	0.000000	-0.000000	0.000000	1
24	0.500000	3.160000	0.000000	-0.000000	0.000000	1
24	0.500000	3.180000	0.000000	-0.000000	0.000000	1
24	0.500000	3.200000	0.000000	-0.000000	0.000000	1
24	0.500000	3.220000	0.000000	-0.000000	0.000000	1
24	0.500000	3.240000	0.000000	-0.000000	0.000000	1
24	0.500000	3.260000	0.000000	-0.000000	0.000000	1
24	0.500000	3.280000	0.000000	-0.000000	0.000000	1
24	0.500000	3.300000	0.000000	-0.000000	0.000000	1
24	0.500000	3.320000	0.000000	-0.000000	0.000000	1
24	0.500000	3.340000	0.000000	-0.000000	0.000000	1
24	0.500000	3.360000	0.000000	-0.000000	0.000000	1
24	0.500000	3.380000	0.000000	-0.000000	0.000000	1
24	0.500000	3.400000	0.000000	-0.000000	0.000000	1
24	0.500000	3.420000	0.000000	-0.000000	0.000000	1
24	0.500000	3.440000	0.000000	-0.000000	0.000000	1
24	0.500000	3.460000	0.000000	-0.000000	0.000000	1
24	0.500000	3.480000	0.000000	-0.000000	0.000000	1
24	0.500000	3.500000	0.000000	-0.000000	0.000000	1
24	0.500000	3.520000	0.000000	-0.000000	0.000000	1
24	0.500000	3.540000	0.000000	-0.000000	0.000000	1
24	0.500000	3.560000	0.000000	-0.000000	0.000000	1
24	0.500000	3.580000	0.000000	-0.000000	0.000000	1
24	0.500000	3.600000	0.000000	-0.000000	0.000000	1
24	0.500000	3.620000	0.000000	-0.000000	0.000000	1
24	0.500000	3.640000	0.000000	-0.000000	0.000000	1
24	0.500000	3.660000	0.000000	-0.000000	0.000000	1
24	0.500000	3.680000	0.000000	-0.000000	0.000000	1
24	0.500000	3.700000	0.000000	-0.000000	0.000000	1
24	0.500000	3.720000	0.000000	-0.000000	0.000000	1
24	0.500000	3.740000	0.000000	-0.000000	0.000000	1
24	0.500000	3.760000	0.000000	-0.000000	0.000000	1
24	0.500000	3.780000	0.000000	-0.000000	0.000000	1
24	0.500000	3.800000	0.000000	-0.000000	0.000000	1
24	0.500000	3.820000	0.000000	-0.000000	0.000000	1
24	0.500000	3.840000	0.000000	-0.000000	0.000000	1
24	0.500000	3.860000	0.000000	-0.000000	0.000000	1
24	0.500000	3.880000	0.000000	-0.000000	0.000000	1
24	0.500000	3.900000	0.000000	-0.000000	0.000000	1
24	0.500000	3.920000	0.000000	-0.000000	0.000000	1
24	0.500000	3.940000	0.000000	-0.000000	0.000000	1
24	0.500000	3.960000	0.000000	-0.000000	0.000000	1
24	0.500000	3.980000	0.000000	-0.000000	0.000000	1
24	0.600000	0.000000	0.000000	-0.000000	0.000000	1
24	0.600000	0.020000	0.000000	-0.000000	0.000000	1
24	0.600000	0.040000	0.000000	-0.000000	0.000000	1
24	0.600000	0.060000	0.000000	-0.000000	0.000000	1
24	0.600000	0.080000	0.000000	-0.000000	0.000000	1
24	0.600000	0.100000	0.000000	-0.000000	0.000000	1
24	0.600000	0.120000	0.000000	-0.000000	0.000000	1
24	0.600000	0.140000	0.004888	-0.000000	0.000000	1
24	0.600000	0.160000	0.004959	-0.000000	0.000000	1
24	0.600000	0.180000	0.005028	-0.000000	0.000000	1
24	0.600000	0.200000	0.005090	-0.000000	0.000000	1
24	0.600000	0.220000	0.005144	-0.000000	0.000000	1
24	0.600000	0.240000	0.005187	-0.000000	0.000000	1
24	0.600000	0.260000	0.005219	-0.000000	0.000000	1
24	0.600000	0.280000	0.005239	-0.000000	0.000000	1
24	0.600000	0.300000	0.005247	-0.000000	0.000000	1
24	0.600000	0.320000	0.005235	-0.000000	0.000000	1
24	0.600000	0.340000	0.004022	-0.000000	0.000000	1
24	0.600000	0.360000	0.003878	-0.000000	0.000000	1
24	0.600000	0.380000	0.003872	-0.000000	0.000000	1
24	0.600000	0.400000	0.003820	-0.000000	0.000000	1
24	0.600000	0.420000	0.003643	-0.000000	0.000000	1
24	0.600000	0.440000	0.003630	-0.000000	0.000000	1
24	0.600000	0.460000	0.003688	-0.000000	0.000000	1
24	0.600000	0.480000	0.003789	-0.000000	0.000000	1
24	0.600000	0.500000	0.003914	-0.000000	0.000000	1
24	0.600000	0.520000	0.004538	-0.000000	0.000000	1
24	0.600000	0.540000	0.005029	-0.000000	0.000000	1
24	0.600000	0.560000	0.005130	-0.000000	0.000000	1
24	0.600000	0.580000	0.005053	-0.000000	0.000000	1
24	0.600000	0.600000	0.004506	-0.000000	0.000000	1
24	0.600000	0.620000	0.004494	-0.000000	0.000000	1
24	0.600000	0.640000	0.004423	-0.000000	0.000000	1
24	0.600000	0.660000	0.004247	-0.000000	0.000000	1
24	0.600000	0.680000	0.004121	-0.000000	0.000000	1
24	0.600000	0.700000	0.004365	-0.000000	0.000000	1
24	0.600000	0.720000	0.004611	-0.000000	0.000000	1
24	0.600000	0.740000	0.004535	-0.000000	0.000000	1
24	0.600000	0.760000	0.004587	-0.000000	0.000000	1
24	0.600000	0.780000	0.004762	-0.000000	0.000000	1
24	0.600000	0.800000	0.004799	-0.000000	0.000000	1
24	0.600000	0.820000	0.004560	-0.000000	0.000000	1
24	0.600000	0.840000	0.004496	-0.000000	0.000000	1
24	0.600000	0.860000	0.004444	-0.000000	0.000000	1
24	0.600000	0.880000	0.004435	-0.000000	0.000000	1
24	0.600000	0.900000	0.004426	-0.000000	0.000000	1
24	0.600000	0.920000	0.004230	-0.000000	0.000000	1
24	0.600000	0.940000	0.004310	-0.000000	0.000000	1
24	0.600000	0.960000	0.004967	-0.000000	0.000000	1
24	0.600000	0.980000	0.006046	-0.000000	0.000000	1
24	0.600000	1.000000	0.006504	-0.000000	0.000000	1
24	0.600000	1.020000	0.006885	-0.000000	0.000000	1
24	0.600000	1.040000	0.006074	-0.000000	0.000000	1
24	0.600000	1.060000	0.004130	-0.000000	0.000000	1
24	0.600000	1.080000	0.004185	-0.000000	0.000000	1
24	0.600000	1.100000	0.004538	-0.000000	0.000000	1
24	0.600000	1.120000	0.004592	-0.000000	0.000000	1
24	0.600000	1.140000	0.004559	-0.000000	0.000000	1
24	0.600000	1.160000	0.004666	-0.000000	0.000000	1
24	0.600000	1.180000	0.004702	-0.000000	0.000000	1
24	0.600000	1.200000	0.004644	-0.000000	0.000000	1
24	0.600000	1.220000	0.004626	-0.000000	0.000000	1
24	0.600000	1.240000	0.004593	-0.000000	0.000000	1
24	0.600000	1.260000	0.004588	-0.000000	0.000000	1
24	0.600000	1.280000	0.004588	-0.000000	0.000000	1
24	0.600000	1.300000	0.004555	-0.000000	0.000000	1
24	0.600000	1.320000	0.004561	-0.000000	0.000000	1
24	0.600000	1.340000	0.004693	-0.000000	0.000000	1
24	0.600000	1.360000	0.004867	-0.000000	0.000000	1
24	0.600000	1.380000	0.004921	-0.000000	0.000000	1
24	0.600000	1.400000	0.004841	-0.000000	0.000000	1
24	0.600000	1.420000	0.004701	-0.000000	0.000000	1
24	0.600000	1.440000	0.004717	-0.000000	0.000000	1
24	0.600000	1.460000	0.005045	-0.000000	0.000000	1
24	0.600000	1.480000	0.004912	-0.000000	0.000000	1
24	0.600000	1.500000	0.004731	-0.000000	0.000000	1
24	0.600000	1.520000	0.004722	-0.000000	0.000000	1
24	0.600000	1.540000	0.004702	-0.000000	0.000000	1
24	0.600000	1.560000	0.004743	-0.000000	0.000000	1
24	0.600000	1.580000	0.004815	-0.000000	0.000000	1
24	0.600000	1.600000	0.005294	-0.000000	0.000000	1
24	0.600000	1.620000	0.009738	-0.000000	0.000000	1
24	0.600000	1.640000	0.000000	-0.000000	0.000000	1
24	0.600000	1.660000	0.000000	-0.000000	0.000000	1
24	0.600000	1.680000	0.000000	-0.000000	0.000000	1
24	0.600000	1.700000	0.000000	-0.000000	0.000000	1
24	0.600000	1.720000	0.000000	-0.000000	0.000000	1
24	0.600000	1.740000	0.000000	-0.000000	0.000000	1
24	0.600000	1.760000	0.000000	-0.000000	0.000000	1
24	0.600000	1.780000	0.000000	-0.000000	0.000000	1
24	0.600000	1.800000	0.000000	-0.000000	0.000000	1
24	0.600000	1.820000	0.000000	-0.000000	0.000000	1
24	0.600000	1.840000	0.000000	-0.000000	0.000000	1
24	0.600000	1.860000	0.000000	-0.000000	0.000000	1
24	0.600000	1.880000	0.000000	-0.000000	0.000000	1
24	0.600000	1.900000	0.000000	-0.000000	0.000000	1
24	0.600000	1.920000	0.000000	-0.000000	0.000000	1
24	0.600000	1.940000	0.000000	-0.000000	0.000000	1
24	0.600000	1.960000	0.000000	-0.000000	0.000000	1
24	0.600000	1.980000	0.000000	-0.000000	0.000000	1
24	0.600000	2.000000	0.000000	-0.000000	0.000000	1
24	0.600000	2.020000	0.000000	-0.000000	0.000000	1
24	0.600000	2.040000	0.000000	-0.000000	0.000000	1
24	0.600000	2.060000	0.000000	-0.000000	0.000000	1
24	0.600000	2.080000	0.000000	-0.000000	0.000000	1
24	0.600000	2.100000	0.000000	-0.000000	0.000000	1
24	0.600000	2.120000	0.000000	-0.000000	0.000000	1
24	0.600000	2.140000	0.000000	-0.000000	0.000000	1
24	0.600000	2.160000	0.000000	-0.000000	0.000000	1
24	0.600000	2.180000	0.000000	-0.000000	0.000000	1
24	0.600000	2.200000	0.000000	-0.000000	0.000000	1
24	0.600000	2.220000	0.000000	-0.000000	0.000000	1
24	0.600000	2.240000	0.000000	-0.000000	0.000000	1
24	0.600000	2.260000	0.000000	-0.000000	0.000000	1
24	0.600000	2.280000	0.000000	-0.000000	0.000000	1
24	0.600000	2.300000	0.000000	-0.000000	0.000000	1
24	0.600000	2.320000	0.000000	-0.000000	0.000000	1
24	0.600000	2.340000	0.000000	-0.000000	0.000000	1
24	0.600000	2.360000	0.000000	-0.000000	0.000000	1
24	0.600000	2.380000	0.000000	-0.000000	0.000000	1
24	0.600000	2.400000	0.000000	-0.000000	0.000000	1
24	0.600000	2.420000	0.000000	-0.000000	0.000000	1
24	0.600000	2.440000	0.000000	-0.000000	0.000000	1
24	0.600000	2.460000	0.000000	-0.000000	0.000000	1
24	0.600000	2.480000	0.000000	-0.000000	0.000000	1
24	0.600000	2.500000	0.000000	-0.000000	0.000000	1
24	0.600000	2.520000	0.000000	-0.000000	0.000000	1
24	0.600000	2.540000	0.000000	-0.000000	0.000000	1
24	0.600000	2.560000	0.000000	-0.000000	0.000000	1
24	0.600000	2.580000	0.000000	-0.000000	0.000000	1
24	0.600000	2.600000	0.000000	-0.000000	0.000000	1
24	0.600000	2.620000	0.000000	-0.000000	0.000000	1
24	0.600000	2.640000	0.000000	-0.000000	0.000000	1
24	0.600000	2.660000	0.000000	-0.000000	0.000000	1
24	0.600000	2.680000	0.000000	-0.000000	0.000000	1
24	0.600000	2.700000	0.000000	-0.000000	0.000000	1
24	0.600000	2.720000	0.000000	-0.000000	0.000000	1
24	0.600000	2.740000	0.000000	-0.000000	0.000000	1
24	0.600000	2.760000	0.000000	-0.000000	0.000000	1
24	0.600000	2.780000	0.000000	-0.000000	0.000000	1
24	0.600000	2.800000	0.000000	-0.000000	0.000000	1
24	0.600000	2.820000	0.000000	-0.000000	0.000000	1
24	0.600000	2.840000	0.000000	-0.000000	0.000000	1
24	0.600000	2.860000	0.000000	-0.000000	0.000000	1
24	0.600000	2.880000	0.000000	-0.000000	0.000000	1
24	0.600000	2.900000	0.000000	-0.000000	0.000000	1
24	0.600000	2.920000	0.000000	-0.000000	0.000000	1
24	0.600000	2.940000	0.000000	-0.000000	0.000000	1
24	0.600000	2.960000	0.000000	-0.000000	0.000000	1
24	0.600000	2.980000	0.000000	-0.000000	0.000000	1
24	0.600000	3.000000	0.000000	-0.000000	0.000000	1
24	0.600000	3.020000	0.000000	-0.000000	0.000000	1
24	0.600000	3.040000	0.000000	-0.000000	0.000000	1
24	0.600000	3.060000	0.000000	-0.000000	0.000000	1
24	0.600000	3.080000	0.000000	-0.000000	0.000000	1
24	0.600000	3.100000	0.000000	-0.000000	0.000000	1
24	0.600000	3.120000	0.000000	-0.000000	0.000000	1
24	0.600000	3.140000	0.000000	-0.000000	0.000000	1
24	0.600000	3.160000	0.000000	-0.000000	0.000000	1
24	0.600000	3.180000	0.000000	-0.000000	0.000000	1
24	0.600000	3.200000	0.000000	-0.000000	0.000000	1
24	0.600000	3.220000	0.000000	-0.000000	0.000000	1
24	0.600000	3.240000	0.000000	-0.000000	0.000000	1
24	0.600000	3.260000	0.000000	-0.000000	0.000000	1
24	0.600000	3.280000	0.000000	-0.000000	0.000000	1
24	0.600000	3.300000	0.000000	-0.000000	0.000000	1
24	0.600000	3.320000	0.000000	-0.000000	0.000000	1
24	0.600000	3.340000	0.000000	-0.000000	0.000000	1
24	0.600000	3.360000	0.000000	-0.000000	0.000000	1
24	0.600000	3.380000	0.000000	-0.000000	0.000000	1
24	0.600000	3.400000	0.000000	-0.000000	0.000000	1
24	0.600000	3.420000	0.000000	-0.000000	0.000000	1
24	0.600000	3.440000	0.000000	-0.000000	0.000000	1
24	0.600000	3.460000	0.000000	-0.000000	0.000000	1
24	0.600000	3.480000	0.000000	-0.000000	0.000000	1
24	0.600000	3.500000	0.000000	-0.000000	0.000000	1
24	0.600000	3.520000	0.000000	-0.000000	0.000000	1
24	0.600000	3.540000	0.000000	-0.000000	0.000000	1
24	0.600000	3.560000	0.000000	-0.000000	0.000000	1
24	0.600000	3.580000	0.000000	-0.000000	0.000000	1
24	0.600000	3.600000	0.000000	-0.000000	0.000000	1
24	0.600000	3.620000	0.000000	-0.000000	0.000000	1
24	0.600000	3.640000	0.000000	-0.000000	0.000000	1
24	0.600000	3.660000	0.000000	-0.000000	0.000000	1
24	0.600000	3.680000	0.000000	-0.000000	0.000000	1
24	0.600000	3.700000	0.000000	-0.000000	0.000000	1
24	0.600000	3.720000	0.000000	-0.000000	0.000000	1
24	0.600000	3.740000	0.000000	-0.000000	0.000000	1
24	0.600000	3.760000	0.000000	-0.000000	0.000000	1
24	0.600000	3.780000	0.000000	-0.000000	0.000000	1
24	0.600000	3.800000	0.000000	-0.000000	0.000000	1
24	0.600000	3.820000	0.000000	-0.000000	0.000000	1
24	0.600000	3.840000	0.000000	-0.000000	0.000000	1
24	0.600000	3.860000	0.000000	-0.000000	0.000000	1
24	0.600000	3.880000	0.000000	-0.000000	0.000000	1
24	0.600000	3.900000	0.000000	-0.000000	0.000000	1
24	0.600000	3.920000	0.000000	-0.000000	0.000000	1
24	0.600000	3.940000	0.000000	-0.000000	0.000000	1
24	0.600000	3.960000	0.000000	-0.000000	0.000000	1
24	0.600000	3.980000	0.000000	-0.000000	0.000000	1
24	0.700000	0.000000	0.000000	-0.000000	0.000000	1
24	0.700000	0.020000	0.000000	-0.000000	0.000000	1
24	0.700000	0.040000	0.000000	-0.000000	0.000000	1
24	0.700000	0.060000	0.000000	-0.000000	0.000000	1
24	0.700000	0.080000	0.000000	-0.000000	0.000000	1
24	0.700000	0.100000	0.000000	-0.000000	0.000000	1
24	0.700000	0.120000	0.000000	-0.000000	0.000000	1
24	0.700000	0.140000	0.004800	-0.000000	0.000000	1
24	0.700000	0.160000	0.004886	-0.000000	0.000000	1
24	0.700000	0.180000	0.004973	-0.000000	0.000000	1
24	0.700000	0.200000	0.005056	-0.000000	0.000000	1
24	0.700000	0.220000	0.005129	-0.000000	0.000000	1
24	0.700000	0.240000	0.005188	-0.000000	0.000000	1
24	0.700000	0.260000	0.005230	-0.000000	0.000000	1
24	0.700000	0.280000	0.005256	-0.000000	0.000000	1
24	0.700000	0.300000	0.005264	-0.000000	0.000000	1
24	0.700000	0.320000	0.005247	-0.000000	0.000000	1
24	0.700000	0.340000	0.004005	-0.000000	0.000000	1
24	0.700000	0.360000	0.003856	-0.000000	0.000000	1
24	0.700000	0.380000	0.003848	-0.000000	0.000000	1
24	0.700000	0.400000	0.003796	-0.000000	0.000000	1
24	0.700000	0.420000	0.003636	-0.000000	0.000000	1
24	0.700000	0.440000	0.003638	-0.000000	0.000000	1
24	0.700000	0.460000	0.003709	-0.000000	0.000000	1
24	0.700000	0.480000	0.003826	-0.000000	0.000000	1
24	0.700000	0.500000	0.003940	-0.000000	0.000000	1
24	0.700000	0.520000	0.004553	-0.000000	0.000000	1
24	0.700000	0.540000	0.005042	-0.000000	0.000000	1
24	0.700000	0.560000	0.005143	-0.000000	0.000000	1
24	0.700000	0.580000	0.005055	-0.000000	0.000000	1
24	0.700000	0.600000	0.004517	-0.000000	0.000000	1
24	0.700000	0.620000	0.004503	-0.000000	0.000000	1
24	0.700000	0.640000	0.004428	-0.000000	0.000000	1
24	0.700000	0.660000	0.004251	-0.000000	0.000000	1
24	0.700000	0.680000	0.004131	-0.000000	0.000000	1
24	0.700000	0.700000	0.004590	-0.000000	0.000000	1
24	0.700000	0.720000	0.004725	-0.000000	0.000000	1
24	0.700000	0.740000	0.004548	-0.000000	0.000000	1
24	0.700000	0.760000	0.004585	-0.000000	0.000000	1
24	0.700000	0.780000	0.004760	-0.000000	0.000000	1
24	0.700000	0.800000	0.004795	-0.000000	0.000000	1
24	0.700000	0.820000	0.004556	-0.000000	0.000000	1
24	0.700000	0.840000	0.004490	-0.000000	0.000000	1
24	0.700000	0.860000	0.004436	-0.000000	0.000000	1
24	0.700000	0.880000	0.004424	-0.000000	0.000000	1
24	0.700000	0.900000	0.004435	-0.000000	0.000000	1
24	0.700000	0.920000	0.004263	-0.000000	0.000000	1
24	0.700000	0.940000	0.004305	-0.000000	0.000000	1
24	0.700000	0.960000	0.004982	-0.000000	0.000000	1
24	0.700000	0.980000	0.006046	-0.000000	0.000000	1
24	0.700000	1.000000	0.006476	-0.000000	0.000000	1
24	0.700000	1.020000	0.006881	-0.000000	0.000000	1
24	0.700000	1.040000	0.006298	-0.000000	0.000000	1
24	0.700000	1.060000	0.004211	-0.000000	0.000000	1
24	0.700000	1.080000	0.004197	-0.000000	0.000000	1
24	0.700000	1.100000	0.004554	-0.000000	0.000000	1
24	0.700000	1.120000	0.004601	-0.000000	0.000000	1
24	0.700000	1.140000	0.004554	-0.000000	0.000000	1
24	0.700000	1.160000	0.004670	-0.000000	0.000000	1
24	0.700000	1.180000	0.004730	-0.000000	0.000000	1
24	0.700000	1.200000	0.004682	-0.000000	0.000000	1
24	0.700000	1.220000	0.004661	-0.000000	0.000000	1
24	0.700000	1.240000	0.004615	-0.000000	0.000000	1
24	0.700000	1.260000	0.004604	-0.000000	0.000000	1
24	0.700000	1.280000	0.004607	-0.000000	0.000000	1
24	0.700000	1.300000	0.004584	-0.000000	0.000000	1
24	0.700000	1.320000	0.004586	-0.000000	0.000000	1
24	0.700000	1.340000	0.004684	-0.000000	0.000000	1
24	0.700000	1.360000	0.004835	-0.000000	0.000000	1
24	0.700000	1.380000	0.004912	-0.000000	0.000000	1
24	0.700000	1.400000	0.004843	-0.000000	0.000000	1
24	0.700000	1.420000	0.004706	-0.000000	0.000000	1
24	0.700000	1.440000	0.004751	-0.000000	0.000000	1
24	0.700000	1.460000	0.005183	-0.000000	0.000000	1
24	0.700000	1.480000	0.005031	-0.000000	0.000000	1
24	0.700000	1.500000	0.004791	-0.000000	0.000000	1
24	0.700000	1.520000	0.004741	-0.000000	0.000000	1
24	0.700000	1.540000	0.004702	-0.000000	0.000000	1
24	0.700000	1.560000	0.004758	-0.000000	0.000000	1
24	0.700000	1.580000	0.004825	-0.000000	0.000000	1
24	0.700000	1.600000	0.005113	-0.000000	0.000000	1
24	0.700000	1.620000	0.008811	-0.000000	0.000000	1
24	0.700000	1.640000	0.032664	-0.000000	0.000000	1
24	0.700000	1.660000	0.000000	-0.000000	0.000000	1
24	0.700000	1.680000	0.000000	-0.000000	0.000000	1
24	0.700000	1.700000	0.000000	-0.000000	0.000000	1
24	0.700000	1.720000	0.000000	-0.000000	0.000000	1
24	0.700000	1.740000	0.000000	-0.000000	0.000000	1
24	0.700000	1.760000	0.000000	-0.000000	0.000000	1
24	0.700000	1.780000	0.000000	-0.000000	0.000000	1
24	0.700000	1.800000	0.000000	-0.000000	0.000000	1
24	0.700000	1.820000	0.000000	-0.000000	0.000000	1
24	0.700000	1.840000	0.000000	-0.000000	0.000000	1
24	0.700000	1.860000	0.000000	-0.000000	0.000000	1
24	0.700000	1.880000	0.000000	-0.000000	0.000000	1
24	0.700000	1.900000	0.000000	-0.000000	0.000000	1
24	0.700000	1.920000	0.000000	-0.000000	0.000000	1
24	0.700000	1.940000	0.000000	-0.000000	0.000000	1
24	0.700000	1.960000	0.000000	-0.000000	0.000000	1
24	0.700000	1.980000	0.000000	-0.000000	0.000000	1
24	0.700000	2.000000	0.000000	-0.000000	0.000000	1
24	0.700000	2.020000	0.000000	-0.000000	0.000000	1
24	0.700000	2.040000	0.000000	-0.000000	0.000000	1
24	0.700000	2.060000	0.000000	-0.000000	0.000000	1
24	0.700000	2.080000	0.000000	-0.000000	0.000000	1
24	0.700000	2.100000	0.000000	-0.000000	0.000000	1
24	0.700000	2.120000	0.000000	-0.000000	0.000000	1
24	0.700000	2.140000	0.000000	-0.000000	0.000000	1
24	0.700000	2.160000	0.000000	-0.000000	0.000000	1
24	0.700000	2.180000	0.000000	-0.000000	0.000000	1
24	0.700000	2.200000	0.000000	-0.000000	0.000000	1
24	0.700000	2.220000	0.000000	-0.000000	0.000000	1
24	0.700000	2.240000	0.000000	-0.000000	0.000000	1
24	0.700000	2.260000	0.000000	-0.000000	0.000000	1
24	0.700000	2.280000	0.000000	-0.000000	0.000000	1
24	0.700000	2.300000	0.000000	-0.000000	0.000000	1
24	0.700000	2.320000	0.000000	-0.000000	0.000000	1
24	0.700000	2.340000	0.000000	-0.000000	0.000000	1
24	0.700000	2.360000	0.000000	-0.000000	0.000000	1
24	0.700000	2.380000	0.000000	-0.000000	0.000000	1
24	0.700000	2.400000	0.000000	-0.000000	0.000000	1
24	0.700000	2.420000	0.000000	-0.000000	0.000000	1
24	0.700000	2.440000	0.000000	-0.000000	0.000000	1
24	0.700000	2.460000	0.000000	-0.000000	0.000000	1
24	0.700000	2.480000	0.000000	-0.000000	0.000000	1
24	0.700000	2.500000	0.000000	-0.000000	0.000000	1
24	0.700000	2.520000	0.000000	-0.000000	0.000000	1
24	0.700000	2.540000	0.000000	-0.000000	0.000000	1
24	0.700000	2.560000	0.000000	-0.000000	0.000000	1
24	0.700000	2.580000	0.000000	-0.000000	0.000000	1
24	0.700000	2.600000	0.000000	-0.000000	0.000000	1
24	0.700000	2.620000	0.000000	-0.000000	0.000000	1
24	0.700000	2.640000	0.000000	-0.000000	0.000000	1
24	0.700000	2.660000	0.000000	-0.000000	0.000000	1
24	0.700000	2.680000	0.000000	-0.000000	0.000000	1
24	0.700000	2.700000	0.000000	-0.000000	0.000000	1
24	0.700000	2.720000	0.000000	-0.000000	0.000000	1
24	0.700000	2.740000	0.000000	-0.000000	0.000000	1
24	0.700000	2.760000	0.000000	-0.000000	0.000000	1
24	0.700000	2.780000	0.000000	-0.000000	0.000000	1
24	0.700000	2.800000	0.000000	-0.000000	0.000000	1
24	0.700000	2.820000	0.000000	-0.000000	0.000000	1
24	0.700000	2.840000	0.000000	-0.000000	0.000000	1
24	0.700000	2.860000	0.000000	-0.000000	0.000000	1
24	0.700000	2.880000	0.000000	-0.000000	0.000000	1
24	0.700000	2.900000	0.000000	-0.000000	0.000000	1
24	0.700000	2.920000	0.000000	-0.000000	0.000000	1
24	0.700000	2.940000	0.000000	-0.000000	0.000000	1
24	0.700000	2.960000	0.000000	-0.000000	0.000000	1
24	0.700000	2.980000	0.000000	-0.000000	0.000000	1
24	0.700000	3.000000	0.000000	-0.000000	0.000000	1
24	0.700000	3.020000	0.000000	-0.000000	0.000000	1
24	0.700000	3.040000	0.000000	-0.000000	0.000000	1
24	0.700000	3.060000	0.000000	-0.000000	0.000000	1
24	0.700000	3.080000	0.000000	-0.000000	0.000000	1
24	0.700000	3.100000	0.000000	-0.000000	0.000000	1
24	0.700000	3.120000	0.000000	-0.000000	0.000000	1
24	0.700000	3.140000	0.000000	-0.000000	0.000000	1
24	0.700000	3.160000	0.000000	-0.000000	0.000000	1
24	0.700000	3.180000	0.000000	-0.000000	0.000000	1
24	0.700000	3.200000	0.000000	-0.000000	0.000000	1
24	0.700000	3.220000	0.000000	-0.000000	0.000000	1
24	0.700000	3.240000	0.000000	-0.000000	0.000000	1
24	0.700000	3.260000	0.000000	-0.000000	0.000000	1
24	0.700000	3.280000	0.000000	-0.000000	0.000000	1
24	0.700000	3.300000	0.000000	-0.000000	0.000000	1
24	0.700000	3.320000	0.000000	-0.000000	0.000000	1
24	0.700000	3.340000	0.000000	-0.000000	0.000000	1
24	0.700000	3.360000	0.000000	-0.000000	0.000000	1
24	0.700000	3.380000	0.000000	-0.000000	0.000000	1
24	0.700000	3.400000	0.000000	-0.000000	0.000000	1
24	0.700000	3.420000	0.000000	-0.000000	0.000000	1
24	0.700000	3.440000	0.000000	-0.000000	0.000000	1
24	0.700000	3.460000	0.000000	-0.000000	0.000000	1
24	0.700000	3.480000	0.000000	-0.000000	0.000000	1
24	0.700000	3.500000	0.000000	-0.000000	0.000000	1
24	0.700000	3.520000	0.000000	-0.000000	0.000000	1
24	0.700000	3.540000	0.000000	-0.000000	0.000000	1
24	0.700000	3.560000	0.000000	-0.000000	0.000000	1
24	0.700000	3.580000	0.000000	-0.000000	0.000000	1
24	0.700000	3.600000	0.000000	-0.000000	0.000000	1
24	0.700000	3.620000	0.000000	-0.000000	0.000000	1
24	0.700000	3.640000	0.000000	-0.000000	0.000000	1
24	0.700000	3.660000	0.000000	-0.000000	0.000000	1
24	0.700000	3.680000	0.000000	-0.000000	0.000000	1
24	0.700000	3.700000	0.000000	-0.000000	0.000000	1
24	0.700000	3.720000	0.000000	-0.000000	0.000000	1
24	0.700000	3.740000	0.000000	-0.000000	0.000000	1
24	0.700000	3.760000	0.000000	-0.000000	0.000000	1
24	0.700000	3.780000	0.000000	-0.000000	0.000000	1
24	0.700000	3.800000	0.000000	-0.000000	0.000000	1
24	0.700000	3.820000	0.000000	-0.000000	0.000000	1
24	0.700000	3.840000	0.000000	-0.000000	0.000000	1
24	0.700000	3.860000	0.000000	-0.000000	0.000000	1
24	0.700000	3.880000	0.000000	-0.000000	0.000000	1
24	0.700000	3.900000	0.000000	-0.000000	0.000000	1
24	0.700000	3.920000	0.000000	-0.000000	0.000000	1
24	0.700000	3.940000	0.000000	-0.000000	0.000000	1
24	0.700000	3.960000	0.000000	-0.000000	0.000000	1
24	0.700000	3.980000	0.000000	-0.000000	0.000000	1
24	0.800000	0.000000	0.000000	-0.000000	0.000000	1
24	0.800000	0.020000	0.000000	-0.000000	0.000000	1
24	0.800000	0.040000	0.000000	-0.000000	0.000000	1
24	0.800000	0.060000	0.000000	-0.000000	0.000000	1
24	0.800000	0.080000	0.000000	-0.000000	0.000000	1
24	0.800000	0.100000	0.000000	-0.000000	0.000000	1
24	0.800000	0.120000	0.000000	-0.000000	0.000000	1
24	0.800000	0.140000	0.004718	-0.000000	0.000000	1
24	0.800000	0.160000	0.004811	-0.000000	0.000000	1
24	0.800000	0.180000	0.004913	-0.000000	0.000000	1
24	0.800000	0.200000	0.005015	-0.000000	0.000000	1
24	0.800000	0.220000	0.005108	-0.000000	0.000000	1
24	0.800000	0.240000	0.005185	-0.000000	0.000000	1
24	0.800000	0.260000	0.005239	-0.000000	0.000000	1
24	0.800000	0.280000	0.005270	-0.000000	0.000000	1
24	0.800000	0.300000	0.005277	-0.000000	0.000000	1
24	0.800000	0.320000	0.005254	-0.000000	0.000000	1
24	0.800000	0.340000	0.003992	-0.000000	0.000000	1
24	0.800000	0.360000	0.003839	-0.000000	0.000000	1
24	0.800000	0.380000	0.003829	-0.000000	0.000000	1
24	0.800000	0.400000	0.003778	-0.000000	0.000000	1
24	0.800000	0.420000	0.003636	-0.000000	0.000000	1
24	0.800000	0.440000	0.003652	-0.000000	0.000000	1
24	0.800000	0.460000	0.003737	-0.000000	0.000000	1
24	0.800000	0.480000	0.003874	-0.000000	0.000000	1
24	0.800000	0.500000	0.003973	-0.000000	0.000000	1
24	0.800000	0.520000	0.004572	-0.000000	0.000000	1
24	0.800000	0.540000	0.005056	-0.000000	0.000000	1
24	0.800000	0.560000	0.005156	-0.000000	0.000000	1
24	0.800000	0.580000	0.005057	-0.000000	0.000000	1
24	0.800000	0.600000	0.004543	-0.000000	0.000000	1
24	0.800000	0.620000	0.004517	-0.000000	0.000000	1
24	0.800000	0.640000	0.004434	-0.000000	0.000000	1
24	0.800000	0.660000	0.004255	-0.000000	0.000000	1
24	0.800000	0.680000	0.004155	-0.000000	0.000000	1
24	0.800000	0.700000	0.004900	-0.000000	0.000000	1
24	0.800000	0.720000	0.004818	-0.000000	0.000000	1
24	0.800000	0.740000	0.004540	-0.000000	0.000000	1
24	0.800000	0.760000	0.004580	-0.000000	0.000000	1
24	0.800000	0.780000	0.004757	-0.000000	0.000000	1
24	0.800000	0.800000	0.004791	-0.000000	0.000000	1
24	0.800000	0.820000	0.004554	-0.000000	0.000000	1
24	0.800000	0.840000	0.004488	-0.000000	0.000000	1
24	0.800000	0.860000	0.004439	-0.000000	0.000000	1
24	0.800000	0.880000	0.004420	-0.000000	0.000000	1
24	0.800000	0.900000	0.004430	-0.000000	0.000000	1
24	0.800000	0.920000	0.004224	-0.000000	0.000000	1
24	0.800000	0.940000	0.004261	-0.000000	0.000000	1
24	0.800000	0.960000	0.004941	-0.000000	0.000000	1
24	0.800000	0.980000	0.005975	-0.000000	0.000000	1
24	0.800000	1.000000	0.006372	-0.000000	0.000000	1
24	0.800000	1.020000	0.006753	-0.000000	0.000000	1
24	0.800000	1.040000	0.006405	-0.000000	0.000000	1
24	0.800000	1.060000	0.004316	-0.000000	0.000000	1
24	0.800000	1.080000	0.004215	-0.000000	0.000000	1
24	0.800000	1.100000	0.004566	-0.000000	0.000000	1
24	0.800000	1.120000	0.004607	-0.000000	0.000000	1
24	0.800000	1.140000	0.004542	-0.000000	0.000000	1
24	0.800000	1.160000	0.004662	-0.000000	0.000000	1
24	0.800000	1.180000	0.004740	-0.000000	0.000000	1
24	0.800000	1.200000	0.004709	-0.000000	0.000000	1
24	0.800000	1.220000	0.004698	-0.000000	0.000000	1
24	0.800000	1.240000	0.004648	-0.000000	0.000000	1
24	0.800000	1.260000	0.004621	-0.000000	0.000000	1
24	0.800000	1.280000	0.004625	-0.000000	0.000000	1
24	0.800000	1.300000	0.004631	-0.000000	0.000000	1
24	0.800000	1.320000	0.004636	-0.000000	0.000000	1
24	0.800000	1.340000	0.004705	-0.000000	0.000000	1
24	0.800000	1.360000	0.004828	-0.000000	0.000000	1
24	0.800000	1.380000	0.004901	-0.000000	0.000000	1
24	0.800000	1.400000	0.004838	-0.000000	0.000000	1
24	0.800000	1.420000	0.004723	-0.000000	0.000000	1
24	0.800000	1.440000	0.004832	-0.000000	0.000000	1
24	0.800000	1.460000	0.005505	-0.000000	0.000000	1
24	0.800000	1.480000	0.005419	-0.000000	0.000000	1
24	0.800000	1.500000	0.005102	-0.000000	0.000000	1
24	0.800000	1.520000	0.004900	-0.000000	0.000000	1
24	0.800000	1.540000	0.004735	-0.000000	0.000000	1
24	0.800000	1.560000	0.004772	-0.000000	0.000000	1
24	0.800000	1.580000	0.004835	-0.000000	0.000000	1
24	0.800000	1.600000	0.005002	-0.000000	0.000000	1
24	0.800000	1.620000	0.007641	-0.000000	0.000000	1
24	0.800000	1.640000	0.030960	-0.000000	0.000000	1
24	0.800000	1.660000	0.051555	-0.000000	0.000000	1
24	0.800000	1.680000	0.000000	-0.000000	0.000000	1
24	0.800000	1.700000	0.000000	-0.000000	0.000000	1
24	0.800000	1.720000	0.000000	-0.000000	0.000000	1
24	0.800000	1.740000	0.000000	-0.000000	0.000000	1
24	0.800000	1.760000	0.000000	-0.000000	0.000000	1
24	0.800000	1.780000	0.000000	-0.000000	0.000000	1
24	0.800000	1.800000	0.000000	-0.000000	0.000000	1
24	0.800000	1.820000	0.000000	-0.000000	0.000000	1
24	0.800000	1.840000	0.000000	-0.000000	0.000000	1
24	0.800000	1.860000	0.000000	-0.000000	0.000000	1
24	0.800000	1.880000	0.000000	-0.000000	0.000000	1
24	0.800000	1.900000	0.000000	-0.000000	0.000000	1
24	0.800000	1.920000	0.000000	-0.000000	0.000000	1
24	0.800000	1.940000	0.000000	-0.000000	0.000000	1
24	0.800000	1.960000	0.000000	-0.000000	0.000000	1
24	0.800000	1.980000	0.000000	-0.000000	0.000000	1
24	0.800000	2.000000	0.000000	-0.000000	0.000000	1
24	0.800000	2.020000	0.000000	-0.000000	0.000000	1
24	0.800000	2.040000	0.000000	-0.000000	0.000000	1
24	0.800000	2.060000	0.000000	-0.000000	0.000000	1
24	0.800000	2.080000	0.000000	-0.000000	0.000000	1
24	0.800000	2.100000	0.000000	-0.000000	0.000000	1
24	0.800000	2.120000	0.000000	-0.000000	0.000000	1
24	0.800000	2.140000	0.000000	-0.000000	0.000000	1
24	0.800000	2.160000	0.000000	-0.000000	0.000000	1
24	0.800000	2.180000	0.000000	-0.000000	0.000000	1
24	0.800000	2.200000	0.000000	-0.000000	0.000000	1
24	0.800000	2.220000	0.000000	-0.000000	0.000000	1
24	0.800000	2.240000	0.000000	-0.000000	0.000000	1
24	0.800000	2.260000	0.000000	-0.000000	0.000000	1
24	0.800000	2.280000	0.000000	-0.000000	0.000000	1
24	0.800000	2.300000	0.000000	-0.000000	0.000000	1
24	0.800000	2.320000	0.000000	-0.000000	0.000000	1
24	0.800000	2.340000	0.000000	-0.000000	0.000000	1
24	0.800000	2.360000	0.000000	-0.000000	0.000000	1
24	0.800000	2.380000	0.000000	-0.000000	0.000000	1
24	0.800000	2.400000	0.000000	-0.000000	0.000000	1
24	0.800000	2.420000	0.000000	-0.000000	0.000000	1
24	0.800000	2.440000	0.000000	-0.000000	0.000000	1
24	0.800000	2.460000	0.000000	-0.000000	0.000000	1
24	0.800000	2.480000	0.000000	-0.000000	0.000000	1
24	0.800000	2.500000	0.000000	-0.000000	0.000000	1
24	0.800000	2.520000	0.000000	-0.000000	0.000000	1
24	0.800000	2.540000	0.000000	-0.000000	0.000000	1
24	0.800000	2.560000	0.000000	-0.000000	0.000000	1
24	0.800000	2.580000	0.000000	-0.000000	0.000000	1
24	0.800000	2.600000	0.000000	-0.000000	0.000000	1
24	0.800000	2.620000	0.000000	-0.000000	0.000000	1
24	0.800000	2.640000	0.000000	-0.000000	0.000000	1
24	0.800000	2.660000	0.000000	-0.000000	0.000000	1
24	0.800000	2.680000	0.000000	-0.000000	0.000000	1
24	0.800000	2.700000	0.000000	-0.000000	0.000000	1
24	0.800000	2.720000	0.000000	-0.000000	0.000000	1
24	0.800000	2.740000	0.000000	-0.000000	0.000000	1
24	0.800000	2.760000	0.000000	-0.000000	0.000000	1
24	0.800000	2.780000	0.000000	-0.000000	0.000000	1
24	0.800000	2.800000	0.000000	-0.000000	0.000000	1
24	0.800000	2.820000	0.000000	-0.000000	0.000000	1
24	0.800000	2.840000	0.000000	-0.000000	0.000000	1
24	0.800000	2.860000	0.000000	-0.000000	0.000000	1
24	0.800000	2.880000	0.000000	-0.000000	0.000000	1
24	0.800000	2.900000	0.000000	-0.000000	0.000000	1
24	0.800000	2.920000	0.000000	-0.000000	0.000000	1
24	0.800000	2.940000	0.000000	-0.000000	0.000000	1
24	0.800000	2.960000	0.000000	-0.000000	0.000000	1
24	0.800000	2.980000	0.000000	-0.000000	0.000000	1
24	0.800000	3.000000	0.000000	-0.000000	0.000000	1
24	0.800000	3.020000	0.000000	-0.000000	0.000000	1
24	0.800000	3.040000	0.000000	-0.000000	0.000000	1
24	0.800000	3.060000	0.000000	-0.000000	0.000000	1
24	0.800000	3.080000	0.000000	-0.000000	0.000000	1
24	0.800000	3.100000	0.000000	-0.000000	0.000000	1
24	0.800000	3.120000	0.000000	-0.000000	0.000000	1
24	0.800000	3.140000	0.000000	-0.000000	0.000000	1
24	0.800000	3.160000	0.000000	-0.000000	0.000000	1
24	0.800000	3.180000	0.000000	-0.000000	0.000000	1
24	0.800000	3.200000	0.000000	-0.000000	0.000000	1
24	0.800000	3.220000	0.000000	-0.000000	0.000000	1
24	0.800000	3.240000	0.000000	-0.000000	0.000000	1
24	0.800000	3.260000	0.000000	-0.000000	0.000000	1
24	0.800000	3.280000	0.000000	-0.000000	0.000000	1
24	0.800000	3.300000	0.000000	-0.000000	0.000000	1
24	0.800000	3.320000	0.000000	-0.000000	0.000000	1
24	0.800000	3.340000	0.000000	-0.000000	0.000000	1
24	0.800000	3.360000	0.000000	-0.000000	0.000000	1
24	0.800000	3.380000	0.000000	-0.000000	0.000000	1
24	0.800000	3.400000	0.000000	-0.000000	0.000000	1
24	0.800000	3.420000	0.000000	-0.000000	0.000000	1
24	0.800000	3.440000	0.000000	-0.000000	0.000000	1
24	0.800000	3.460000	0.000000	-0.000000	0.000000	1
24	0.800000	3.480000	0.000000	-0.000000	0.000000	1
24	0.800000	3.500000	0.000000	-0.000000	0.000000	1
24	0.800000	3.520000	0.000000	-0.000000	0.000000	1
24	0.800000	3.540000	0.000000	-0.000000	0.000000	1
24	0.800000	3.560000	0.000000	-0.000000	0.000000	1
24	0.800000	3.580000	0.000000	-0.000000	0.000000	1
24	0.800000	3.600000	0.000000	-0.000000	0.000000	1
24	0.800000	3.620000	0.000000	-0.000000	0.000000	1
24	0.800000	3.640000	0.000000	-0.000000	0.000000	1
24	0.800000	3.660000	0.000000	-0.000000	0.000000	1
24	0.800000	3.680000	0.000000	-0.000000	0.000000	1
24	0.800000	3.700000	0.000000	-0.000000	0.000000	1
24	0.800000	3.720000	0.000000	-0.000000	0.000000	1
24	0.800000	3.740000	0.000000	-0.000000	0.000000	1
24	0.800000	3.760000	0.000000	-0.000000	0.000000	1
24	0.800000	3.780000	0.000000	-0.000000	0.000000	1
24	0.800000	3.800000	0.000000	-0.000000	0.000000	1
24	0.800000	3.820000	0.000000	-0.000000	0.000000	1
24	0.800000	3.840000	0.000000	-0.000000	0.000000	1
24	0.800000	3.860000	0.000000	-0.000000	0.000000	1
24	0.800000	3.880000	0.000000	-0.000000	0.000000	1
24	0.800000	3.900000	0.000000	-0.000000	0.000000	1
24	0.800000	3.920000	0.000000	-0.000000	0.000000	1
24	0.800000	3.940000	0.000000	-0.000000	0.000000	1
24	0.800000	3.960000	0.000000	-0.000000	0.000000	1
24	0.800000	3.980000	0.000000	-0.000000	0.000000	1
24	0.900000	0.000000	0.000000	-0.000000	0.000000	1
24	0.900000	0.020000	0.000000	-0.000000	0.000000	1
24	0.900000	0.040000	0.000000	-0.000000	0.000000	1
24	0.900000	0.060000	0.000000	-0.000000	0.000000	1
24	0.900000	0.080000	0.000000	-0.000000	0.000000	1
24	0.900000	0.100000	0.000000	-0.000000	0.000000	1
24	0.900000	0.120000	0.000000	-0.000000	0.000000	1
24	0.900000	0.140000	0.004656	-0.000000	0.000000	1
24	0.900000	0.160000	0.004745	-0.000000	0.000000	1
24	0.900000	0.180000	0.004853	-0.000000	0.000000	1
24	0.900000	0.200000	0.004970	-0.000000	0.000000	1
24	0.900000	0.220000	0.005083	-0.000000	0.000000	1
24	0.900000	0.240000	0.005178	-0.000000	0.000000	1
24	0.900000	0.260000	0.005246	-0.000000	0.000000	1
24	0.900000	0.280000	0.005282	-0.000000	0.000000	1
24	0.900000	0.300000	0.005288	-0.000000	0.000000	1
24	0.900000	0.320000	0.005258	-0.000000	0.000000	1
24	0.900000	0.340000	0.003986	-0.000000	0.000000	1
24	0.900000	0.360000	0.003831	-0.000000	0.000000	1
24	0.900000	0.380000	0.003818	-0.000000	0.000000	1
24	0.900000	0.400000	0.003767	-0.000000	0.000000	1
24	0.900000	0.420000	0.003645	-0.000000	0.000000	1
24	0.900000	0.440000	0.003673	-0.000000	0.000000	1
24	0.900000	0.460000	0.003773	-0.000000	0.000000	1
24	0.900000	0.480000	0.003936	-0.000000	0.000000	1
24	0.900000	0.500000	0.004013	-0.000000	0.000000	1
24	0.900000	0.520000	0.004595	-0.000000	0.000000	1
24	0.900000	0.540000	0.005071	-0.000000	0.000000	1
24	0.900000	0.560000	0.005168	-0.000000	0.000000	1
24	0.900000	0.580000	0.005061	-0.000000	0.000000	1
24	0.900000	0.600000	0.004586	-0.000000	0.000000	1
24	0.900000	0.620000	0.004534	-0.000000	0.000000	1
24	0.900000	0.640000	0.004440	-0.000000	0.000000	1
24	0.900000	0.660000	0.004261	-0.000000	0.000000	1
24	0.900000	0.680000	0.004204	-0.000000	0.000000	1
24	0.900000	0.700000	0.005139	-0.000000	0.000000	1
24	0.900000	0.720000	0.004823	-0.000000	0.000000	1
24	0.900000	0.740000	0.004516	-0.000000	0.000000	1
24	0.900000	0.760000	0.004575	-0.000000	0.000000	1
24	0.900000	0.780000	0.004755	-0.000000	0.000000	1
24	0.900000	0.800000	0.004789	-0.000000	0.000000	1
24	0.900000	0.820000	0.004554	-0.000000	0.000000	1
24	0.900000	0.840000	0.004491	-0.000000	0.000000	1
24	0.900000	0.860000	0.004454	-0.000000	0.000000	1
24	0.900000	0.880000	0.004424	-0.000000	0.000000	1
24	0.900000	0.900000	0.004420	-0.000000	0.000000	1
24	0.900000	0.920000	0.004191	-0.000000	0.000000	1
24	0.900000	0.940000	0.004257	-0.000000	0.000000	1
24	0.900000	0.960000	0.004932	-0.000000	0.000000	1
24	0.900000	0.980000	0.005901	-0.000000	0.000000	1
24	0.900000	1.000000	0.006259	-0.000000	0.000000	1
24	0.900000	1.020000	0.006577	-0.000000	0.000000	1
24	0.900000	1.040000	0.006355	-0.000000	0.000000	1
24	0.900000	1.060000	0.004410	-0.000000	0.000000	1
24	0.900000	1.080000	0.004238	-0.000000	0.000000	1
24	0.900000	1.100000	0.004572	-0.000000	0.000000	1
24	0.900000	1.120000	0.004607	-0.000000	0.000000	1
24	0.900000	1.140000	0.004530	-0.000000	0.000000	1
24	0.900000	1.160000	0.004650	-0.000000	0.000000	1
24	0.900000	1.180000	0.004732	-0.000000	0.000000	1
24	0.900000	1.200000	0.004710	-0.000000	0.000000	1
24	0.900000	1.220000	0.004707	-0.000000	0.000000	1
24	0.900000	1.240000	0.004653	-0.000000	0.000000	1
24	0.900000	1.260000	0.004636	-0.000000	0.000000	1
24	0.900000	1.280000	0.004649	-0.000000	0.000000	1
24	0.900000	1.300000	0.004587	-0.000000	0.000000	1
24	0.900000	1.320000	0.004567	-0.000000	0.000000	1
24	0.900000	1.340000	0.004669	-0.000000	0.000000	1
24	0.900000	1.360000	0.004814	-0.000000	0.000000	1
24	0.900000	1.380000	0.004878	-0.000000	0.000000	1
24	0.900000	1.400000	0.004823	-0.000000	0.000000	1
24	0.900000	1.420000	0.004742	-0.000000	0.000000	1
24	0.900000	1.440000	0.004995	-0.000000	0.000000	1
24	0.900000	1.460000	0.006231	-0.000000	0.000000	1
24	0.900000	1.480000	0.005884	-0.000000	0.000000	1
24	0.900000	1.500000	0.005164	-0.000000	0.000000	1
24	0.900000	1.520000	0.004921	-0.000000	0.000000	1
24	0.900000	1.540000	0.004761	-0.000000	0.000000	1
24	0.900000	1.560000	0.004803	-0.000000	0.000000	1
24	0.900000	1.580000	0.004875	-0.000000	0.000000	1
24	0.900000	1.600000	0.004994	-0.000000	0.000000	1
24	0.900000	1.620000	0.006835	-0.000000	0.000000	1
24	0.900000	1.640000	0.027252	-0.000000	0.000000	1
24	0.900000	1.660000	0.050658	-0.000000	0.000000	1
24	0.900000	1.680000	0.000000	-0.000000	0.000000	1
24	0.900000	1.700000	0.000000	-0.000000	0.000000	1
24	0.900000	1.720000	0.000000	-0.000000	0.000000	1
24	0.900000	1.740000	0.000000	-0.000000	0.000000	1
24	0.900000	1.760000	0.000000	-0.000000	0.000000	1
24	0.900000	1.780000	0.000000	-0.000000	0.000000	1
24	0.900000	1.800000	0.000000	-0.000000	0.000000	1
24	0.900000	1.820000	0.000000	-0.000000	0.000000	1
24	0.900000	1.840000	0.000000	-0.000000	0.000000	1
24	0.900000	1.860000	0.000000	-0.000000	0.000000	1
24	0.900000	1.880000	0.000000	-0.000000	0.000000	1
24	0.900000	1.900000	0.000000	-0.000000	0.000000	1
24	0.900000	1.920000	0.000000	-0.000000	0.000000	1
24	0.900000	1.940000	0.000000	-0.000000	0.000000	1
24	0.900000	1.960000	0.000000	-0.000000	0.000000	1
24	0.900000	1.980000	0.000000	-0.000000	0.000000	1
24	0.900000	2.000000	0.000000	-0.000000	0.000000	1
24	0.900000	2.020000	0.000000	-0.000000	0.000000	1
24	0.900000	2.040000	0.000000	-0.000000	0.000000	1
24	0.900000	2.060000	0.000000	-0.000000	0.000000	1
24	0.900000	2.080000	0.000000	-0.000000	0.000000	1
24	0.900000	2.100000	0.000000	-0.000000	0.000000	1
24	0.900000	2.120000	0.000000	-0.000000	0.000000	1
24	0.900000	2.140000	0.000000	-0.000000	0.000000	1
24	0.900000	2.160000	0.000000	-0.000000	0.000000	1
24	0.900000	2.180000	0.000000	-0.000000	0.000000	1
24	0.900000	2.200000	0.000000	-0.000000	0.000000	1
24	0.900000	2.220000	0.000000	-0.000000	0.000000	1
24	0.900000	2.240000	0.000000	-0.000000	0.000000	1
24	0.900000	2.260000	0.000000	-0.000000	0.000000	1
24	0.900000	2.280000	0.000000	-0.000000	0.000000	1
24	0.900000	2.300000	0.000000	-0.000000	0.000000	1
24	0.900000	2.320000	0.000000	-0.000000	0.000000	1
24	0.900000	2.340000	0.000000	-0.000000	0.000000	1
24	0.900000	2.360000	0.000000	-0.000000	0.000000	1
24	0.900000	2.380000	0.000000	-0.000000	0.000000	1
24	0.900000	2.400000	0.000000	-0.000000	0.000000	1
24	0.900000	2.420000	0.000000	-0.000000	0.000000	1
24	0.900000	2.440000	0.000000	-0.000000	0.000000	1
24	0.900000	2.460000	0.000000	-0.000000	0.000000	1
24	0.900000	2.480000	0.000000	-0.000000	0.000000	1
24	0.900000	2.500000	0.000000	-0.000000	0.000000	1
24	0.900000	2.520000	0.000000	-0.000000	0.000000	1
24	0.900000	2.540000	0.000000	-0.000000	0.000000	1
24	0.900000	2.560000	0.000000	-0.000000	0.000000	1
24	0.900000	2.580000	0.000000	-0.000000	0.000000	1
24	0.900000	2.600000	0.000000	-0.000000	0.000000	1
24	0.900000	2.620000	0.000000	-0.000000	0.000000	1
24	0.900000	2.640000	0.000000	-0.000000	0.000000	1
24	0.900000	2.660000	0.000000	-0.000000	0.000000	1
24	0.900000	2.680000	0.000000	-0.000000	0.000000	1
24	0.900000	2.700000	0.000000	-0.000000	0.000000	1
24	0.900000	2.720000	0.000000	-0.000000	0.000000	1
24	0.900000	2.740000	0.000000	-0.000000	0.000000	1
24	0.900000	2.760000	0.000000	-0.000000	0.000000	1
24	0.900000	2.780000	0.000000	-0.000000	0.000000	1
24	0.900000	2.800000	0.000000	-0.000000	0.000000	1
24	0.900000	2.820000	0.000000	-0.000000	0.000000	1
24	0.900000	2.840000	0.000000	-0.000000	0.000000	1
24	0.900000	2.860000	0.000000	-0.000000	0.000000	1
24	0.900000	2.880000	0.000000	-0.000000	0.000000	1
24	0.900000	2.900000	0.000000	-0.000000	0.000000	1
24	0.900000	2.920000	0.000000	-0.000000	0.000000	1
24	0.900000	2.940000	0.000000	-0.000000	0.000000	1
24	0.900000	2.960000	0.000000	-0.000000	0.000000	1
24	0.900000	2.980000	0.000000	-0.000000	0.000000	1
24	0.900000	3.000000	0.000000	-0.000000	0.000000	1
24	0.900000	3.020000	0.000000	-0.000000	0.000000	1
24	0.900000	3.040000	0.000000	-0.000000	0.000000	1
24	0.900000	3.060000	0.000000	-0.000000	0.000000	1
24	0.900000	3.080000	0.000000	-0.000000	0.000000	1
24	0.900000	3.100000	0.000000	-0.000000	0.000000	1
24	0.900000	3.120000	0.000000	-0.000000	0.000000	1
24	0.900000	3.140000	0.000000	-0.000000	0.000000	1
24	0.900000	3.160000	0.000000	-0.000000	0.000000	1
24	0.900000	3.180000	0.000000	-0.000000	0.000000	1
24	0.900000	3.200000	0.000000	-0.000000	0.000000	1
24	0.900000	3.220000	0.000000	-0.000000	0.000000	1
24	0.900000	3.240000	0.000000	-0.000000	0.000000	1
24	0.900000	3.260000	0.000000	-0.000000	0.000000	1
24	0.900000	3.280000	0.000000	-0.000000	0.000000	1
24	0.900000	3.300000	0.000000	-0.000000	0.000000	1
24	0.900000	3.320000	0.000000	-0.000000	0.000000	1
24	0.900000	3.340000	0.000000	-0.000000	0.000000	1
24	0.900000	3.360000	0.000000	-0.000000	0.000000	1
24	0.900000	3.380000	0.000000	-0.000000	0.000000	1
24	0.900000	3.400000	0.000000	-0.000000	0.000000	1
24	0.900000	3.420000	0.000000	-0.000000	0.000000	1
24	0.900000	3.440000	0.000000	-0.000000	0.000000	1
24	0.900000	3.460000	0.000000	-0.000000	0.000000	1
24	0.900000	3.480000	0.000000	-0.000000	0.000000	1
24	0.900000	3.500000	0.000000	-0.000000	0.000000	1
24	0.900000	3.520000	0.000000	-0.000000	0.000000	1
24	0.900000	3.540000	0.000000	-0.000000	0.000000	1
24	0.900000	3.560000	0.000000	-0.000000	0.000000	1
24	0.900000	3.580000	0.000000	-0.000000	0.000000	1
24	0.900000	3.600000	0.000000	-0.000000	0.000000	1
24	0.900000	3.620000	0.000000	-0.000000	0.000000	1
24	0.900000	3.640000	0.000000	-0.000000	0.000000	1
24	0.900000	3.660000	0.000000	-0.000000	0.000000	1
24	0.900000	3.680000	0.000000	-0.000000	0.000000	1
24	0.900000	3.700000	0.000000	-0.000000	0.000000	1
24	0.900000	3.720000	0.000000	-0.000000	0.000000	1
24	0.900000	3.740000	0.000000	-0.000000	0.000000	1
24	0.900000	3.760000	0.000000	-0.000000	0.000000	1
24	0.900000	3.780000	0.000000	-0.000000	0.000000	1
24	0.900000	3.800000	0.000000	-0.000000	0.000000	1
24	0.900000	3.820000	0.000000	-0.000000	0.000000	1
24	0.900000	3.840000	0.000000	-0.000000	0.000000	1
24	0.900000	3.860000	0.000000	-0.000000	0.000000	1
24	0.900000	3.880000	0.000000	-0.000000	0.000000	1
24	0.900000	3.900000	0.000000	-0.000000	0.000000	1
24	0.900000	3.920000	0.000000	-0.000000	0.000000	1
24	0.900000	3.940000	0.000000	-0.000000	0.000000	1
24	0.900000	3.960000	0.000000	-0.000000	0.000000	1
24	0.900000	3.980000	0.000000	-0.000000	0.000000	1
24	1.000000	0.000000	0.000000	-0.000000	0.000000	1
24	1.000000	0.020000	0.000000	-0.000000	0.000000	1
24	1.000000	0.040000	0.000000	-0.000000	0.000000	1
24	1.000000	0.060000	0.000000	-0.000000	0.000000	1
24	1.000000	0.080000	0.000000	-0.000000	0.000000	1
24	1.000000	0.100000	0.000000	-0.000000	0.000000	1
24	1.000000	0.120000	0.000000	-0.000000	0.000000	1
24	1.000000	0.140000	0.004623	-0.000000	0.000000	1
24	1.000000	0.160000	0.004698	-0.000000	0.000000	1
24	1.000000	0.180000	0.004802	-0.000000	0.000000	1
24	1.000000	0.200000	0.004927	-0.000000	0.000000	1
24	1.000000	0.220000	0.005057	-0.000000	0.000000	1
24	1.000000	0.240000	0.005170	-0.000000	0.000000	1
24	1.000000	0.260000	0.005251	-0.000000	0.000000	1
24	1.000000	0.280000	0.005292	-0.000000	0.000000	1
24	1.000000	0.300000	0.005297	-0.000000	0.000000	1
24	1.000000	0.320000	0.005258	-0.000000	0.000000	1
24	1.000000	0.340000	0.003988	-0.000000	0.000000	1
24	1.000000	0.360000	0.003830	-0.000000	0.000000	1
24	1.000000	0.380000	0.003814	-0.000000	0.000000	1
24	1.000000	0.400000	0.003765	-0.000000	0.000000	1
24	1.000000	0.420000	0.003665	-0.000000	0.000000	1
24	1.000000	0.440000	0.003702	-0.000000	0.000000	1
24	1.000000	0.460000	0.003820	-0.000000	0.000000	1
24	1.000000	0.480000	0.004011	-0.000000	0.000000	1
24	1.000000	0.500000	0.004057	-0.000000	0.000000	1
24	1.000000	0.520000	0.004618	-0.000000	0.000000	1
24	1.000000	0.540000	0.005085	-0.000000	0.000000	1
24	1.000000	0.560000	0.005179	-0.000000	0.000000	1
24	1.000000	0.580000	0.005073	-0.000000	0.000000	1
24	1.000000	0.600000	0.004645	-0.000000	0.000000	1
24	1.000000	0.620000	0.004553	-0.000000	0.000000	1
24	1.000000	0.640000	0.004445	-0.000000	0.000000	1
24	1.000000	0.660000	0.004268	-0.000000	0.000000	1
24	1.000000	0.680000	0.004276	-0.000000	0.000000	1
24	1.000000	0.700000	0.005174	-0.000000	0.000000	1
24	1.000000	0.720000	0.004729	-0.000000	0.000000	1
24	1.000000	0.740000	0.004494	-0.000000	0.000000	1
24	1.000000	0.760000	0.004572	-0.000000	0.000000	1
24	1.000000	0.780000	0.004754	-0.000000	0.000000	1
24	1.000000	0.800000	0.004787	-0.000000	0.000000	1
24	1.000000	0.820000	0.004556	-0.000000	0.000000	1
24	1.000000	0.840000	0.004502	-0.000000	0.000000	1
24	1.000000	0.860000	0.004478	-0.000000	0.000000	1
24	1.000000	0.880000	0.004432	-0.000000	0.000000	1
24	1.000000	0.900000	0.004415	-0.000000	0.000000	1
24	1.000000	0.920000	0.004183	-0.000000	0.000000	1
24	1.000000	0.940000	0.004264	-0.000000	0.000000	1
24	1.000000	0.960000	0.005008	-0.000000	0.000000	1
24	1.000000	0.980000	0.006157	-0.000000	0.000000	1
24	1.000000	1.000000	0.006575	-0.000000	0.000000	1
24	1.000000	1.020000	0.006814	-0.000000	0.000000	1
24	1.000000	1.040000	0.006368	-0.000000	0.000000	1
24	1.000000	1.060000	0.004456	-0.000000	0.000000	1
24	1.000000	1.080000	0.004253	-0.000000	0.000000	1
24	1.000000	1.100000	0.004571	-0.000000	0.000000	1
24	1.000000	1.120000	0.004601	-0.000000	0.000000	1
24	1.000000	1.140000	0.004522	-0.000000	0.000000	1
24	1.000000	1.160000	0.004649	-0.000000	0.000000	1
24	1.000000	1.180000	0.004737	-0.000000	0.000000	1
24	1.000000	1.200000	0.004713	-0.000000	0.000000	1
24	1.000000	1.220000	0.004702	-0.000000	0.000000	1
24	1.000000	1.240000	0.004660	-0.000000	0.000000	1
24	1.000000	1.260000	0.004673	-0.000000	0.000000	1
24	1.000000	1.280000	0.004710	-0.000000	0.000000	1
24	1.000000	1.300000	0.004559	-0.000000	0.000000	1
24	1.000000	1.320000	0.004489	-0.000000	0.000000	1
24	1.000000	1.340000	0.004631	-0.000000	0.000000	1
24	1.000000	1.360000	0.004828	-0.000000	0.000000	1
24	1.000000	1.380000	0.004908	-0.000000	0.000000	1
24	1.000000	1.400000	0.004843	-0.000000	0.000000	1
24	1.000000	1.420000	0.004738	-0.000000	0.000000	1
24	1.000000	1.440000	0.005134	-0.000000	0.000000	1
24	1.000000	1.460000	0.007050	-0.000000	0.000000	1
24	1.000000	1.480000	0.006664	-0.000000	0.000000	1
24	1.000000	1.500000	0.005552	-0.000000	0.000000	1
24	1.000000	1.520000	0.005115	-0.000000	0.000000	1
24	1.000000	1.540000	0.004830	-0.000000	0.000000	1
24	1.000000	1.560000	0.004857	-0.000000	0.000000	1
24	1.000000	1.580000	0.004946	-0.000000	0.000000	1
24	1.000000	1.600000	0.005095	-0.000000	0.000000	1
24	1.000000	1.620000	0.006362	-0.000000	0.000000	1
24	1.000000	1.640000	0.025315	-0.000000	0.000000	1
24	1.000000	1.660000	0.044593	-0.000000	0.000000	1
24	1.000000	1.680000	0.061740	-0.000000	0.000000	1
24	1.000000	1.700000	0.000000	-0.000000	0.000000	1
24	1.000000	1.720000	0.000000	-0.000000	0.000000	1
24	1.000000	1.740000	0.000000	-0.000000	0.000000	1
24	1.000000	1.760000	0.000000	-0.000000	0.000000	1
24	1.000000	1.780000	0.000000	-0.000000	0.000000	1
24	1.000000	1.800000	0.000000	-0.000000	0.000000	1
24	1.000000	1.820000	0.000000	-0.000000	0.000000	1
24	1.000000	1.840000	0.000000	-0.000000	0.000000	1
24	1.000000	1.860000	0.000000	-0.000000	0.000000	1
24	1.000000	1.880000	0.000000	-0.000000	0.000000	1
24	1.000000	1.900000	0.000000	-0.000000	0.000000	1
24	1.000000	1.920000	0.000000	-0.000000	0.000000	1
24	1.000000	1.940000	0.000000	-0.000000	0.000000	1
24	1.000000	1.960000	0.000000	-0.000000	0.000000	1
24	1.000000	1.980000	0.000000	-0.000000	0.000000	1
24	1.000000	2.000000	0.000000	-0.000000	0.000000	1
24	1.000000	2.020000	0.000000	-0.000000	0.000000	1
24	1.000000	2.040000	0.000000	-0.000000	0.000000	1
24	1.000000	2.060000	0.000000	-0.000000	0.000000	1
24	1.000000	2.080000	0.000000	-0.000000	0.000000	1
24	1.000000	2.100000	0.000000	-0.000000	0.000000	1
24	1.000000	2.120000	0.000000	-0.000000	0.000000	1
24	1.000000	2.140000	0.000000	-0.000000	0.000000	1
24	1.000000	2.160000	0.000000	-0.000000	0.000000	1
24	1.000000	2.180000	0.000000	-0.000000	0.000000	1
24	1.000000	2.200000	0.000000	-0.000000	0.000000	1
24	1.000000	2.220000	0.000000	-0.000000	0.000000	1
24	1.000000	2.240000	0.000000	-0.000000	0.000000	1
24	1.000000	2.260000	0.000000	-0.000000	0.000000	1
24	1.000000	2.280000	0.000000	-0.000000	0.000000	1
24	1.000000	2.300000	0.000000	-0.000000	0.000000	1
24	1.000000	2.320000	0.000000	-0.000000	0.000000	1
24	1.000000	2.340000	0.000000	-0.000000	0.000000	1
24	1.000000	2.360000	0.000000	-0.000000	0.000000	1
24	1.000000	2.380000	0.000000	-0.000000	0.000000	1
24	1.000000	2.400000	0.000000	-0.000000	0.000000	1
24	1.000000	2.420000	0.000000	-0.000000	0.000000	1
24	1.000000	2.440000	0.000000	-0.000000	0.000000	1
24	1.000000	2.460000	0.000000	-0.000000	0.000000	1
24	1.000000	2.480000	0.000000	-0.000000	0.000000	1
24	1.000000	2.500000	0.000000	-0.000000	0.000000	1
24	1.000000	2.520000	0.000000	-0.000000	0.000000	1
24	1.000000	2.540000	0.000000	-0.000000	0.000000	1
24	1.000000	2.560000	0.000000	-0.000000	0.000000	1
24	1.000000	2.580000	0.000000	-0.000000	0.000000	1
24	1.000000	2.600000	0.000000	-0.000000	0.000000	1
24	1.000000	2.620000	0.000000	-0.000000	0.000000	1
24	1.000000	2.640000	0.000000	-0.000000	0.000000	1
24	1.000000	2.660000	0.000000	-0.000000	0.000000	1
24	1.000000	2.680000	0.000000	-0.000000	0.000000	1
24	1.000000	2.700000	0.000000	-0.000000	0.000000	1
24	1.000000	2.720000	0.000000	-0.000000	0.000000	1
24	1.000000	2.740000	0.000000	-0.000000	0.000000	1
24	1.000000	2.760000	0.000000	-0.000000	0.000000	1
24	1.000000	2.780000	0.000000	-0.000000	0.000000	1
24	1.000000	2.800000	0.000000	-0.000000	0.000000	1
24	1.000000	2.820000	0.000000	-0.000000	0.000000	1
24	1.000000	2.840000	0.000000	-0.000000	0.000000	1
24	1.000000	2.860000	0.000000	-0.000000	0.000000	1
24	1.000000	2.880000	0.000000	-0.000000	0.000000	1
24	1.000000	2.900000	0.000000	-0.000000	0.000000	1
24	1.000000	2.920000	0.000000	-0.000000	0.000000	1
24	1.000000	2.940000	0.000000	-0.000000	0.000000	1
24	1.000000	2.960000	0.000000	-0.000000	0.000000	1
24	1.000000	2.980000	0.000000	-0.000000	0.000000	1
24	1.000000	3.000000	0.000000	-0.000000	0.000000	1
24	1.000000	3.020000	0.000000	-0.000000	0.000000	1
24	1.000000	3.040000	0.000000	-0.000000	0.000000	1
24	1.000000	3.060000	0.000000	-0.000000	0.000000	1
24	1.000000	3.080000	0.000000	-0.000000	0.000000	1
24	1.000000	3.100000	0.000000	-0.000000	0.000000	1
24	1.000000	3.120000	0.000000	-0.000000	0.000000	1
24	1.000000	3.140000	0.000000	-0.000000	0.000000	1
24	1.000000	3.160000	0.000000	-0.000000	0.000000	1
24	1.000000	3.180000	0.000000	-0.000000	0.000000	1
24	1.000000	3.200000	0.000000	-0.000000	0.000000	1
24	1.000000	3.220000	0.000000	-0.000000	0.000000	1
24	1.000000	3.240000	0.000000	-0.000000	0.000000	1
24	1.000000	3.260000	0.000000	-0.000000	0.000000	1
24	1.000000	3.280000	0.000000	-0.000000	0.000000	1
24	1.000000	3.300000	0.000000	-0.000000	0.000000	1
24	1.000000	3.320000	0.000000	-0.000000	0.000000	1
24	1.000000	3.340000	0.000000	-0.000000	0.000000	1
24	1.000000	3.360000	0.000000	-0.000000	0.000000	1
24	1.000000	3.380000	0.000000	-0.000000	0.000000	1
24	1.000000	3.400000	0.000000	-0.000000	0.000000	1
24	1.000000	3.420000	0.000000	-0.000000	0.000000	1
24	1.000000	3.440000	0.000000	-0.000000	0.000000	1
24	1.000000	3.460000	0.000000	-0.000000	0.000000	1
24	1.000000	3.480000	0.000000	-0.000000	0.000000	1
24	1.000000	3.500000	0.000000	-0.000000	0.000000	1
24	1.000000	3.520000	0.000000	-0.000000	0.000000	1
24	1.000000	3.540000	0.000000	-0.000000	0.000000	1
24	1.000000	3.560000	0.000000	-0.000000	0.000000	1
24	1.000000	3.580000	0.000000	-0.000000	0.000000	1
24	1.000000	3.600000	0.000000	-0.000000	0.000000	1
24	1.000000	3.620000	0.000000	-0.000000	0.000000	1
24	1.000000	3.640000	0.000000	-0.000000	0.000000	1
24	1.000000	3.660000	0.000000	-0.000000	0.000000	1
24	1.000000	3.680000	0.000000	-0.000000	0.000000	1
24	1.000000	3.700000	0.000000	-0.000000	0.000000	1
24	1.000000	3.720000	0.000000	-0.000000	0.000000	1
24	1.000000	3.740000	0.000000	-0.000000	0.000000	1
24	1.000000	3.760000	0.000000	-0.000000	0.000000	1
24	1.000000	3.780000	0.000000	-0.000000	0.000000	1
24	1.000000	3.800000	0.000000	-0.000000	0.000000	1
24	1.000000	3.820000	0.000000	-0.000000	0.000000	1
24	1.000000	3.840000	0.000000	-0.000000	0.000000	1
24	1.000000	3.860000	0.000000	-0.000000	0.000000	1
24	1.000000	3.880000	0.000000	-0.000000	0.000000	1
24	1.000000	3.900000	0.000000	-0.000000	0.000000	1
24	1.000000	3.920000	0.000000	-0.000000	0.000000	1
24	1.000000	3.940000	0.000000	-0.000000	0.000000	1
24	1.000000	3.960000	0.000000	-0.000000	0.000000	1
24	1.000000	3.980000	0.000000	-0.000000	0.000000	1
30	0.000000	0.000000	0.000000	-0.000000	0.000000	1
30	0.000000	0.020000	0.000000	-0.000000	0.000000	1
30	0.000000	0.040000	0.000000	-0.000000	0.000000	1
30	0.000000	0.060000	0.000000	-0.000000	0.000000	1
30	0.000000	0.080000	0.000000	-0.000000	0.000000	1
30	0.000000	0.100000	0.000000	-0.000000	0.000000	1
30	0.000000	0.120000	0.002405	-0.000000	0.000000	1
30	0.000000	0.140000	0.002405	-0.000000	0.000000	1
30	0.000000	0.160000	0.002405	-0.000000	0.000000	1
30	0.000000	0.180000	0.002405	-0.000000	0.000000	1
30	0.000000	0.200000	0.002405	-0.000000	0.000000	1
30	0.000000	0.220000	0.002405	-0.000000	0.000000	1
30	0.000000	0.240000	0.002405	-0.000000	0.000000	1
30	0.000000	0.260000	0.002394	-0.000000	0.000000	1
30	0.000000	0.280000	0.002240	-0.000000	0.000000	1
30	0.000000	0.300000	0.002232	-0.000000	0.000000	1
30	0.000000	0.320000	0.002223	-0.000000	0.000000	1
30	0.000000	0.340000	0.002175	-0.000000	0.000000	1
30	0.000000	0.360000	0.002140	-0.000000	0.000000	1
30	0.000000	0.380000	0.002038	-0.000000	0.000000	1
30	0.000000	0.400000	0.001980	-0.000000	0.000000	1
30	0.000000	0.420000	0.002073	-0.000000	0.000000	1
30	0.000000	0.440000	0.002128	-0.000000	0.000000	1
30	0.000000	0.460000	0.002136	-0.000000	0.000000	1
30	0.000000	0.480000	0.002171	-0.000000	0.000000	1
30	0.000000	0.500000	0.002221	-0.000000	0.000000	1
30	0.000000	0.520000	0.002233	-0.000000	0.000000	1
30	0.000000	0.540000	0.002248	-0.000000	0.000000	1
30	0.000000	0.560000	0.002259	-0.000000	0.000000	1
30	0.000000	0.580000	0.002177	-0.000000	0.000000	1
30	0.000000	0.600000	0.002169	-0.000000	0.000000	1
30	0.000000	0.620000	0.002167	-0.000000	0.000000	1
30	0.000000	0.640000	0.002166	-0.000000	0.000000	1
30	0.000000	0.660000	0.002170	-0.000000	0.000000	1
30	0.000000	0.680000	0.002200	-0.000000	0.000000	1
30	0.000000	0.700000	0.002207	-0.000000	0.000000	1
30	0.000000	0.720000	0.002211	-0.000000	0.000000	1
30	0.000000	0.740000	0.002248	-0.000000	0.000000	1
30	0.000000	0.760000	0.002242	-0.000000	0.000000	1
30	0.000000	0.780000	0.002189	-0.000000	0.000000	1
30	0.000000	0.800000	0.002098	-0.000000	0.000000	1
30	0.000000	0.820000	0.002053	-0.000000	0.000000	1
30	0.000000	0.840000	0.002044	-0.000000	0.000000	1
30	0.000000	0.860000	0.002063	-0.000000	0.000000	1
30	0.000000	0.880000	0.002114	-0.000000	0.000000	1
30	0.000000	0.900000	0.002129	-0.000000	0.000000	1
30	0.000000	0.920000	0.002118	-0.000000	0.000000	1
30	0.000000	0.940000	0.002078	-0.000000	0.000000	1
30	0.000000	0.960000	0.002104	-0.000000	0.000000	1
30	0.000000	0.980000	0.002207	-0.000000	0.000000	1
30	0.000000	1.000000	0.002219	-0.000000	0.000000	1
30	0.000000	1.020000	0.002196	-0.000000	0.000000	1
30	0.000000	1.040000	0.002134	-0.000000	0.000000	1
30	0.000000	1.060000	0.002149	-0.000000	0.000000	1
30	0.000000	1.080000	0.002167	-0.000000	0.000000	1
30	0.000000	1.100000	0.002164	-0.000000	0.000000	1
30	0.000000	1.120000	0.002204	-0.000000	0.000000	1
30	0.000000	1.140000	0.002209	-0.000000	0.000000	1
30	0.000000	1.160000	0.002148	-0.000000	0.000000	1
30	0.000000	1.180000	0.002122	-0.000000	0.000000	1
30	0.000000	1.200000	0.002135	-0.000000	0.000000	1
30	0.000000	1.220000	0.002113	-0.000000	0.000000	1
30	0.000000	1.240000	0.002111	-0.000000	0.000000	1
30	0.000000	1.260000	0.002134	-0.000000	0.000000	1
30	0.000000	1.280000	0.002123	-0.000000	0.000000	1
30	0.000000	1.300000	0.002078	-0.000000	0.000000	1
30	0.000000	1.320000	0.002071	-0.000000	0.000000	1
30	0.000000	1.340000	0.002100	-0.000000	0.000000	1
30	0.000000	1.360000	0.002165	-0.000000	0.000000	1
30	0.000000	1.380000	0.002166	-0.000000	0.000000	1
30	0.000000	1.400000	0.002140	-0.000000	0.000000	1
30	0.000000	1.420000	0.002115	-0.000000	0.000000	1
30	0.000000	1.440000	0.002106	-0.000000	0.000000	1
30	0.000000	1.460000	0.002089	-0.000000	0.000000	1
30	0.000000	1.480000	0.002079	-0.000000	0.000000	1
30	0.000000	1.500000	0.002118	-0.000000	0.000000	1
30	0.000000	1.520000	0.002147	-0.000000	0.000000	1
30	0.000000	1.540000	0.002140	-0.000000	0.000000	1
30	0.000000	1.560000	0.002112	-0.000000	0.000000	1
30	0.000000	1.580000	0.002101	-0.000000	0.000000	1
30	0.000000	1.600000	0.000000	-0.000000	0.000000	1
30	0.000000	1.620000	0.000000	-0.000000	0.000000	1
30	0.000000	1.640000	0.000000	-0.000000	0.000000	1
30	0.000000	1.660000	0.000000	-0.000000	0.000000	1
30	0.000000	1.680000	0.000000	-0.000000	0.000000	1
30	0.000000	1.700000	0.000000	-0.000000	0.000000	1
30	0.000000	1.720000	0.000000	-0.000000	0.000000	1
30	0.000000	1.740000	0.000000	-0.000000	0.000000	1
30	0.000000	1.760000	0.000000	-0.000000	0.000000	1
30	0.000000	1.780000	0.000000	-0.000000	0.000000	1
30	0.000000	1.800000	0.000000	-0.000000	0.000000	1
30	0.000000	1.820000	0.000000	-0.000000	0.000000	1
30	0.000000	1.840000	0.000000	-0.000000	0.000000	1
30	0.000000	1.860000	0.000000	-0.000000	0.000000	1
30	0.000000	1.880000	0.000000	-0.000000	0.000000	1
30	0.000000	1.900000	0.000000	-0.000000	0.000000	1
30	0.000000	1.920000	0.000000	-0.000000	0.000000	1
30	0.000000	1.940000	0.000000	-0.000000	0.000000	1
30	0.000000	1.960000	0.000000	-0.000000	0.000000	1
30	0.000000	1.980000	0.000000	-0.000000	0.000000	1
30	0.000000	2.000000	0.000000	-0.000000	0.000000	1
30	0.000000	2.020000	0.000000	-0.000000	0.000000	1
30	0.000000	2.040000	0.000000	-0.000000	0.000000	1
30	0.000000	2.060000	0.000000	-0.000000	0.000000	1
30	0.000000	2.080000	0.000000	-0.000000	0.000000	1
30	0.000000	2.100000	0.000000	-0.000000	0.000000	1
30	0.000000	2.120000	0.000000	-0.000000	0.000000	1
30	0.000000	2.140000	0.000000	-0.000000	0.000000	1
30	0.000000	2.160000	0.000000	-0.000000	0.000000	1
30	0.000000	2.180000	0.000000	-0.000000	0.000000	1
30	0.000000	2.200000	0.000000	-0.000000	0.000000	1
30	0.000000	2.220000	0.000000	-0.000000	0.000000	1
30	0.000000	2.240000	0.000000	-0.000000	0.000000	1
30	0.000000	2.260000	0.000000	-0.000000	0.000000	1
30	0.000000	2.280000	0.000000	-0.000000	0.000000	1
30	0.000000	2.300000	0.000000	-0.000000	0.000000	1
30	0.000000	2.320000	0.000000	-0.000000	0.000000	1
30	0.000000	2.340000	0.000000	-0.000000	0.000000	1
30	0.000000	2.360000	0.000000	-0.000000	0.000000	1
30	0.000000	2.380000	0.000000	-0.000000	0.000000	1
30	0.000000	2.400000	0.000000	-0.000000	0.000000	1
30	0.000000	2.420000	0.000000	-0.000000	0.000000	1
30	0.000000	2.440000	0.000000	-0.000000	0.000000	1
30	0.000000	2.460000	0.000000	-0.000000	0.000000	1
30	0.000000	2.480000	0.000000	-0.000000	0.000000	1
30	0.000000	2.500000	0.000000	-0.000000	0.000000	1
30	0.000000	2.520000	0.000000	-0.000000	0.000000	1
30	0.000000	2.540000	0.000000	-0.000000	0.000000	1
30	0.000000	2.560000	0.000000	-0.000000	0.000000	1
30	0.000000	2.580000	0.000000	-0.000000	0.000000	1
30	0.000000	2.600000	0.000000	-0.000000	0.000000	1
30	0.000000	2.620000	0.000000	-0.000000	0.000000	1
30	0.000000	2.640000	0.000000	-0.000000	0.000000	1
30	0.000000	2.660000	0.000000	-0.000000	0.000000	1
30	0.000000	2.680000	0.000000	-0.000000	0.000000	1
30	0.000000	2.700000	0.000000	-0.000000	0.000000	1
30	0.000000	2.720000	0.000000	-0.000000	0.000000	1
30	0.000000	2.740000	0.000000	-0.000000	0.000000	1
30	0.000000	2.760000	0.000000	-0.000000	0.000000	1
30	0.000000	2.780000	0.000000	-0.000000	0.000000	1
30	0.000000	2.800000	0.000000	-0.000000	0.000000	1
30	0.000000	2.820000	0.000000	-0.000000	0.000000	1
30	0.000000	2.840000	0.000000	-0.000000	0.000000	1
30	0.000000	2.860000	0.000000	-0.000000	0.000000	1
30	0.000000	2.880000	0.000000	-0.000000	0.000000	1
30	0.000000	2.900000	0.000000	-0.000000	0.000000	1
30	0.000000	2.920000	0.000000	-0.000000	0.000000	1
30	0.000000	2.940000	0.000000	-0.000000	0.000000	1
30	0.000000	2.960000	0.000000	-0.000000	0.000000	1
30	0.000000	2.980000	0.000000	-0.000000	0.000000	1
30	0.000000	3.000000	0.000000	-0.000000	0.000000	1
30	0.000000	3.020000	0.000000	-0.000000	0.000000	1
30	0.000000	3.040000	0.000000	-0.000000	0.000000	1
30	0.000000	3.060000	0.000000	-0.000000	0.000000	1
30	0.000000	3.080000	0.000000	-0.000000	0.000000	1
30	0.000000	3.100000	0.000000	-0.000000	0.000000	1
30	0.000000	3.120000	0.000000	-0.000000	0.000000	1
30	0.000000	3.140000	0.000000	-0.000000	0.000000	1
30	0.000000	3.160000	0.000000	-0.000000	0.000000	1
30	0.000000	3.180000	0.000000	-0.000000	0.000000	1
30	0.000000	3.200000	0.000000	-0.000000	0.000000	1
30	0.000000	3.220000	0.000000	-0.000000	0.000000	1
30	0.000000	3.240000	0.000000	-0.000000	0.000000	1
30	0.000000	3.260000	0.000000	-0.000000	0.000000	1
30	0.000000	3.280000	0.000000	-0.000000	0.000000	1
30	0.000000	3.300000	0.000000	-0.000000	0.000000	1
30	0.000000	3.320000	0.000000	-0.000000	0.000000	1
30	0.000000	3.340000	0.000000	-0.000000	0.000000	1
30	0.000000	3.360000	0.000000	-0.000000	0.000000	1
30	0.000000	3.380000	0.000000	-0.000000	0.000000	1
30	0.000000	3.400000	0.000000	-0.000000	0.000000	1
30	0.000000	3.420000	0.000000	-0.000000	0.000000	1
30	0.000000	3.440000	0.000000	-0.000000	0.000000	1
30	0.000000	3.460000	0.000000	-0.000000	0.000000	1
30	0.000000	3.480000	0.000000	-0.000000	0.000000	1
30	0.000000	3.500000	0.000000	-0.000000	0.000000	1
30	0.000000	3.520000	0.000000	-0.000000	0.000000	1
30	0.000000	3.540000	0.000000	-0.000000	0.000000	1
30	0.000000	3.560000	0.000000	-0.000000	0.000000	1
30	0.000000	3.580000	0.000000	-0.000000	0.000000	1
30	0.000000	3.600000	0.000000	-0.000000	0.000000	1
30	0.000000	3.620000	0.000000	-0.000000	0.000000	1
30	0.000000	3.640000	0.000000	-0.000000	0.000000	1
30	0.000000	3.660000	0.000000	-0.000000	0.000000	1
30	0.000000	3.680000	0.000000	-0.000000	0.000000	1
30	0.000000	3.700000	0.000000	-0.000000	0.000000	1
30	0.000000	3.720000	0.000000	-0.000000	0.000000	1
30	0.000000	3.740000	0.000000	-0.000000	0.000000	1
30	0.000000	3.760000	0.000000	-0.000000	0.000000	1
30	0.000000	3.780000	0.000000	-0.000000	0.000000	1
30	0.000000	3.800000	0.000000	-0.000000	0.000000	1
30	0.000000	3.820000	0.000000	-0.000000	0.000000	1
30	0.000000	3.840000	0.000000	-0.000000	0.000000	1
30	0.000000	3.860000	0.000000	-0.000000	0.000000	1
30	0.000000	3.880000	0.000000	-0.000000	0.000000	1
30	0.000000	3.900000	0.000000	-0.000000	0.000000	1
30	0.000000	3.920000	0.000000	-0.000000	0.000000	1
30	0.000000	3.940000	0.000000	-0.000000	0.000000	1
30	0.000000	3.960000	0.000000	-0.000000	0.000000	1
30	0.000000	3.980000	0.000000	-0.000000	0.000000	1
30	0.100000	0.000000	0.000000	-0.000000	0.000000	1
30	0.100000	0.020000	0.000000	-0.000000	0.000000	1
30	0.100000	0.040000	0.000000	-0.000000	0.000000	1
30	0.100000	0.060000	0.000000	-0.000000	0.000000	1
30	0.100000	0.080000	0.000000	-0.000000	0.000000	1
30	0.100000	0.100000	0.000000	-0.000000	0.000000	1
30	0.100000	0.120000	0.003289	-0.000000	0.000000	1
30	0.100000	0.140000	0.003290	-0.000000	0.000000	1
30	0.100000	0.160000	0.003291	-0.000000	0.000000	1
30	0.100000	0.180000	0.003292	-0.000000	0.000000	1
30	0.100000	0.200000	0.003293	-0.000000	0.000000	1
30	0.100000	0.220000	0.003293	-0.000000	0.000000	1
30	0.100000	0.240000	0.003294	-0.000000	0.000000	1
30	0.100000	0.260000	0.003245	-0.000000	0.000000	1
30	0.100000	0.280000	0.002587	-0.000000	0.000000	1
30	0.100000	0.300000	0.002556	-0.000000	0.000000	1
30	0.100000	0.320000	0.002528	-0.000000	0.000000	1
30	0.100000	0.340000	0.002382	-0.000000	0.000000	1
30	0.100000	0.360000	0.002314	-0.000000	0.000000	1
30	0.100000	0.380000	0.002332	-0.000000	0.000000	1
30	0.100000	0.400000	0.002495	-0.000000	0.000000	1
30	0.100000	0.420000	0.002967	-0.000000	0.000000	1
30	0.100000	0.440000	0.003222	-0.000000	0.000000	1
30	0.100000	0.460000	0.003261	-0.000000	0.000000	1
30	0.100000	0.480000	0.003085	-0.000000	0.000000	1
30	0.100000	0.500000	0.002843	-0.000000	0.000000	1
30	0.100000	0.520000	0.002815	-0.000000	0.000000	1
30	0.100000	0.540000	0.002782	-0.000000	0.000000	1
30	0.100000	0.560000	0.002754	-0.000000	0.000000	1
30	0.100000	0.580000	0.002867	-0.000000	0.000000	1
30	0.100000	0.600000	0.002909	-0.000000	0.000000	1
30	0.100000	0.620000	0.003043	-0.000000	0.000000	1
30	0.100000	0.640000	0.003253	-0.000000	0.000000	1
30	0.100000	0.660000	0.003285	-0.000000	0.000000	1
30	0.100000	0.680000	0.002979	-0.000000	0.000000	1
30	0.100000	0.700000	0.002904	-0.000000	0.000000	1
30	0.100000	0.720000	0.002900	-0.000000	0.000000	1
30	0.100000	0.740000	0.002878	-0.000000	0.000000	1
30	0.100000	0.760000	0.002875	-0.000000	0.000000	1
30	0.100000	0.780000	0.002855	-0.000000	0.000000	1
30	0.100000	0.800000	0.002832	-0.000000	0.000000	1
30	0.100000	0.820000	0.002877	-0.000000	0.000000	1
30	0.100000	0.840000	0.002880	-0.000000	0.000000	1
30	0.100000	0.860000	0.002857	-0.000000	0.000000	1
30	0.100000	0.880000	0.002892	-0.000000	0.000000	1
30	0.100000	0.900000	0.002904	-0.000000	0.000000	1
30	0.100000	0.920000	0.002894	-0.000000	0.000000	1
30	0.100000	0.940000	0.002786	-0.000000	0.000000	1
30	0.100000	0.960000	0.003235	-0.000000	0.000000	1
30	0.100000	0.980000	0.003919	-0.000000	0.000000	1
30	0.100000	1.000000	0.003978	-0.000000	0.000000	1
30	0.100000	1.020000	0.003798	-0.000000	0.000000	1
30	0.100000	1.040000	0.003250	-0.000000	0.000000	1
30	0.100000	1.060000	0.002976	-0.000000	0.000000	1
30	0.100000	1.080000	0.002930	-0.000000	0.000000	1
30	0.100000	1.100000	0.002899	-0.000000	0.000000	1
30	0.100000	1.120000	0.002872	-0.000000	0.000000	1
30	0.100000	1.140000	0.002907	-0.000000	0.000000	1
30	0.100000	1.160000	0.002906	-0.000000	0.000000	1
30	0.100000	1.180000	0.002871	-0.000000	0.000000	1
30	0.100000	1.200000	0.002886	-0.000000	0.000000	1
30	0.100000	1.220000	0.002912	-0.000000	0.000000	1
30	0.100000	1.240000	0.002912	-0.000000	0.000000	1
30	0.100000	1.260000	0.002926	-0.000000	0.000000	1
30	0.100000	1.280000	0.002950	-0.000000	0.000000	1
30	0.100000	1.300000	0.002899	-0.000000	0.000000	1
30	0.100000	1.320000	0.002868	-0.000000	0.000000	1
30	0.100000	1.340000	0.002872	-0.000000	0.000000	1
30	0.100000	1.360000	0.002965	-0.000000	0.000000	1
30	0.100000	1.380000	0.002965	-0.000000	0.000000	1
30	0.100000	1.400000	0.002907	-0.000000	0.000000	1
30	0.100000	1.420000	0.002935	-0.000000	0.000000	1
30	0.100000	1.440000	0.002977	-0.000000	0.000000	1
30	0.100000	1.460000	0.002947	-0.000000	0.000000	1
30	0.100000	1.480000	0.002937	-0.000000	0.000000	1
30	0.100000	1.500000	0.002994	-0.000000	0.000000	1
30	0.100000	1.520000	0.003026	-0.000000	0.000000	1
30	0.100000	1.540000	0.002996	-0.000000	0.000000	1
30	0.100000	1.560000	0.002968	-0.000000	0.000000	1
30	0.100000	1.580000	0.003002	-0.000000	0.000000	1
30	0.100000	1.600000	0.000000	-0.000000	0.000000	1
30	0.100000	1.620000	0.000000	-0.000000	0.000000	1
30	0.100000	1.640000	0.000000	-0.000000	0.000000	1
30	0.100000	1.660000	0.000000	-0.000000	0.000000	1
30	0.100000	1.680000	0.000000	-0.000000	0.000000	1
30	0.100000	1.700000	0.000000	-0.000000	0.000000	1
30	0.100000	1.720000	0.000000	-0.000000	0.000000	1
30	0.100000	1.740000	0.000000	-0.000000	0.000000	1
30	0.100000	1.760000	0.000000	-0.000000	0.000000	1
30	0.100000	1.780000	0.000000	-0.000000	0.000000	1
30	0.100000	1.800000	0.000000	-0.000000	0.000000	1
30	0.100000	1.820000	0.000000	-0.000000	0.000000	1
30	0.100000	1.840000	0.000000	-0.000000	0.000000	1
30	0.100000	1.860000	0.000000	-0.000000	0.000000	1
30	0.100000	1.880000	0.000000	-0.000000	0.000000	1
30	0.100000	1.900000	0.000000	-0.000000	0.000000	1
30	0.100000	1.920000	0.000000	-0.000000	0.000000	1
30	0.100000	1.940000	0.000000	-0.000000	0.000000	1
30	0.100000	1.960000	0.000000	-0.000000	0.000000	1
30	0.100000	1.980000	0.000000	-0.000000	0.000000	1
30	0.100000	2.000000	0.000000	-0.000000	0.000000	1
30	0.100000	2.020000	0.000000	-0.000000	0.000000	1
30	0.100000	2.040000	0.000000	-0.000000	0.000000	1
30	0.100000	2.060000	0.000000	-0.000000	0.000000	1
30	0.100000	2.080000	0.000000	-0.000000	0.000000	1
30	0.100000	2.100000	0.000000	-0.000000	0.000000	1
30	0.100000	2.120000	0.000000	-0.000000	0.000000	1
30	0.100000	2.140000	0.000000	-0.000000	0.000000	1
30	0.100000	2.160000	0.000000	-0.000000	0.000000	1
30	0.100000	2.180000	0.000000	-0.000000	0.000000	1
30	0.100000	2.200000	0.000000	-0.000000	0.000000	1
30	0.100000	2.220000	0.000000	-0.000000	0.000000	1
30	0.100000	2.240000	0.000000	-0.000000	0.000000	1
30	0.100000	2.260000	0.000000	-0.000000	0.000000	1
30	0.100000	2.280000	0.000000	-0.000000	0.000000	1
30	0.100000	2.300000	0.000000	-0.000000	0.000000	1
30	0.100000	2.320000	0.000000	-0.000000	0.000000	1
30	0.100000	2.340000	0.000000	-0.000000	0.000000	1
30	0.100000	2.360000	0.000000	-0.000000	0.000000	1
30	0.100000	2.380000	0.000000	-0.000000	0.000000	1
30	0.100000	2.400000	0.000000	-0.000000	0.000000	1
30	0.100000	2.420000	0.000000	-0.000000	0.000000	1
30	0.100000	2.440000	0.000000	-0.000000	0.000000	1
30	0.100000	2.460000	0.000000	-0.000000	0.000000	1
30	0.100000	2.480000	0.000000	-0.000000	0.000000	1
30	0.100000	2.500000	0.000000	-0.000000	0.000000	1
30	0.100000	2.520000	0.000000	-0.000000	0.000000	1
30	0.100000	2.540000	0.000000	-0.000000	0.000000	1
30	0.100000	2.560000	0.000000	-0.000000	0.000000	1
30	0.100000	2.580000	0.000000	-0.000000	0.000000	1
30	0.100000	2.600000	0.000000	-0.000000	0.000000	1
30	0.100000	2.620000	0.000000	-0.000000	0.000000	1
30	0.100000	2.640000	0.000000	-0.000000	0.000000	1
30	0.100000	2.660000	0.000000	-0.000000	0.000000	1
30	0.100000	2.680000	0.000000	-0.000000	0.000000	1
30	0.100000	2.700000	0.000000	-0.000000	0.000000	1
30	0.100000	2.720000	0.000000	-0.000000	0.000000	1
30	0.100000	2.740000	0.000000	-0.000000	0.000000	1
30	0.100000	2.760000	0.000000	-0.000000	0.000000	1
30	0.100000	2.780000	0.000000	-0.000000	0.000000	1
30	0.100000	2.800000	0.000000	-0.000000	0.000000	1
30	0.100000	2.820000	0.000000	-0.000000	0.000000	1
30	0.100000	2.840000	0.000000	-0.000000	0.000000	1
30	0.100000	2.860000	0.000000	-0.000000	0.000000	1
30	0.100000	2.880000	0.000000	-0.000000	0.000000	1
30	0.100000	2.900000	0.000000	-0.000000	0.000000	1
30	0.100000	2.920000	0.000000	-0.000000	0.000000	1
30	0.100000	2.940000	0.000000	-0.000000	0.000000	1
30	0.100000	2.960000	0.000000	-0.000000	0.000000	1
30	0.100000	2.980000	0.000000	-0.000000	0.000000	1
30	0.100000	3.000000	0.000000	-0.000000	0.000000	1
30	0.100000	3.020000	0.000000	-0.000000	0.000000	1
30	0.100000	3.040000	0.000000	-0.000000	0.000000	1
30	0.100000	3.060000	0.000000	-0.000000	0.000000	1
30	0.100000	3.080000	0.000000	-0.000000	0.000000	1
30	0.100000	3.100000	0.000000	-0.000000	0.000000	1
30	0.100000	3.120000	0.000000	-0.000000	0.000000	1
30	0.100000	3.140000	0.000000	-0.000000	0.000000	1
30	0.100000	3.160000	0.000000	-0.000000	0.000000	1
30	0.100000	3.180000	0.000000	-0.000000	0.000000	1
30	0.100000	3.200000	0.000000	-0.000000	0.000000	1
30	0.100000	3.220000	0.000000	-0.000000	0.000000	1
30	0.100000	3.240000	0.000000	-0.000000	0.000000	1
30	0.100000	3.260000	0.000000	-0.000000	0.000000	1
30	0.100000	3.280000	0.000000	-0.000000	0.000000	1
30	0.100000	3.300000	0.000000	-0.000000	0.000000	1
30	0.100000	3.320000	0.000000	-0.000000	0.000000	1
30	0.100000	3.340000	0.000000	-0.000000	0.000000	1
30	0.100000	3.360000	0.000000	-0.000000	0.000000	1
30	0.100000	3.380000	0.000000	-0.000000	0.000000	1
30	0.100000	3.400000	0.000000	-0.000000	0.000000	1
30	0.100000	3.420000	0.000000	-0.000000	0.000000	1
30	0.100000	3.440000	0.000000	-0.000000	0.000000	1
30	0.100000	3.460000	0.000000	-0.000000	0.000000	1
30	0.100000	3.480000	0.000000	-0.000000	0.000000	1
30	0.100000	3.500000	0.000000	-0.000000	0.000000	1
30	0.100000	3.520000	0.000000	-0.000000	0.000000	1
30	0.100000	3.540000	0.000000	-0.000000	0.000000	1
30	0.100000	3.560000	0.000000	-0.000000	0.000000	1
30	0.100000	3.580000	0.000000	-0.000000	0.000000	1
30	0.100000	3.600000	0.000000	-0.000000	0.000000	1
30	0.100000	3.620000	0.000000	-0.000000	0.000000	1
30	0.100000	3.640000	0.000000	-0.000000	0.000000	1
30	0.100000	3.660000	0.000000	-0.000000	0.000000	1
30	0.100000	3.680000	0.000000	-0.000000	0.000000	1
30	0.100000	3.700000	0.000000	-0.000000	0.000000	1
30	0.100000	3.720000	0.000000	-0.000000	0.000000	1
30	0.100000	3.740000	0.000000	-0.000000	0.000000	1
30	0.100000	3.760000	0.000000	-0.000000	0.000000	1
30	0.100000	3.780000	0.000000	-0.000000	0.000000	1
30	0.100000	3.800000	0.000000	-0.000000	0.000000	1
30	0.100000	3.820000	0.000000	-0.000000	0.000000	1
30	0.100000	3.840000	0.000000	-0.000000	0.000000	1
30	0.100000	3.860000	0.000000	-0.000000	0.000000	1
30	0.100000	3.880000	0.000000	-0.000000	0.000000	1
30	0.100000	3.900000	0.000000	-0.000000	0.000000	1
30	0.100000	3.920000	0.000000	-0.000000	0.000000	1
30	0.100000	3.940000	0.000000	-0.000000	0.000000	1
30	0.100000	3.960000	0.000000	-0.000000	0.000000	1
30	0.100000	3.980000	0.000000	-0.000000	0.000000	1
30	0.200000	0.000000	0.000000	-0.000000	0.000000	1
30	0.200000	0.020000	0.000000	-0.000000	0.000000	1
30	0.200000	0.040000	0.000000	-0.000000	0.000000	1
30	0.200000	0.060000	0.000000	-0.000000	0.000000	1
30	0.200000	0.080000	0.000000	-0.000000	0.000000	1
30	0.200000	0.100000	0.000000	-0.000000	0.000000	1
30	0.200000	0.120000	0.003299	-0.000000	0.000000	1
30	0.200000	0.140000	0.003302	-0.000000	0.000000	1
30	0.200000	0.160000	0.003304	-0.000000	0.000000	1
30	0.200000	0.180000	0.003306	-0.000000	0.000000	1
30	0.200000	0.200000	0.003308	-0.000000	0.000000	1
30	0.200000	0.220000	0.003310	-0.000000	0.000000	1
30	0.200000	0.240000	0.003311	-0.000000	0.000000	1
30	0.200000	0.260000	0.003260	-0.000000	0.000000	1
30	0.200000	0.280000	0.002576	-0.000000	0.000000	1
30	0.200000	0.300000	0.002544	-0.000000	0.000000	1
30	0.200000	0.320000	0.002517	-0.000000	0.000000	1
30	0.200000	0.340000	0.002374	-0.000000	0.000000	1
30	0.200000	0.360000	0.002311	-0.000000	0.000000	1
30	0.200000	0.380000	0.002334	-0.000000	0.000000	1
30	0.200000	0.400000	0.002499	-0.000000	0.000000	1
30	0.200000	0.420000	0.002972	-0.000000	0.000000	1
30	0.200000	0.440000	0.003228	-0.000000	0.000000	1
30	0.200000	0.460000	0.003269	-0.000000	0.000000	1
30	0.200000	0.480000	0.003089	-0.000000	0.000000	1
30	0.200000	0.500000	0.002844	-0.000000	0.000000	1
30	0.200000	0.520000	0.002817	-0.000000	0.000000	1
30	0.200000	0.540000	0.002785	-0.000000	0.000000	1
30	0.200000	0.560000	0.002757	-0.000000	0.000000	1
30	0.200000	0.580000	0.002862	-0.000000	0.000000	1
30	0.200000	0.600000	0.002903	-0.000000	0.000000	1
30	0.200000	0.620000	0.003038	-0.000000	0.000000	1
30	0.200000	0.640000	0.003251	-0.000000	0.000000	1
30	0.200000	0.660000	0.003283	-0.000000	0.000000	1
30	0.200000	0.680000	0.002971	-0.000000	0.000000	1
30	0.200000	0.700000	0.002896	-0.000000	0.000000	1
30	0.200000	0.720000	0.002892	-0.000000	0.000000	1
30	0.200000	0.740000	0.002876	-0.000000	0.000000	1
30	0.200000	0.760000	0.002874	-0.000000	0.000000	1
30	0.200000	0.780000	0.002857	-0.000000	0.000000	1
30	0.200000	0.800000	0.002836	-0.000000	0.000000	1
30	0.200000	0.820000	0.002879	-0.000000	0.000000	1
30	0.200000	0.840000	0.002883	-0.000000	0.000000	1
30	0.200000	0.860000	0.002863	-0.000000	0.000000	1
30	0.200000	0.880000	0.002895	-0.000000	0.000000	1
30	0.200000	0.900000	0.002902	-0.000000	0.000000	1
30	0.200000	0.920000	0.002885	-0.000000	0.000000	1
30	0.200000	0.940000	0.002784	-0.000000	0.000000	1
30	0.200000	0.960000	0.003287	-0.000000	0.000000	1
30	0.200000	0.980000	0.003955	-0.000000	0.000000	1
30	0.200000	1.000000	0.003987	-0.000000	0.000000	1
30	0.200000	1.020000	0.003794	-0.000000	0.000000	1
30	0.200000	1.040000	0.003249	-0.000000	0.000000	1
30	0.200000	1.060000	0.002977	-0.000000	0.000000	1
30	0.200000	1.080000	0.002931	-0.000000	0.000000	1
30	0.200000	1.100000	0.002898	-0.000000	0.000000	1
30	0.200000	1.120000	0.002872	-0.000000	0.000000	1
30	0.200000	1.140000	0.002910	-0.000000	0.000000	1
30	0.200000	1.160000	0.002914	-0.000000	0.000000	1
30	0.200000	1.180000	0.002879	-0.000000	0.000000	1
30	0.200000	1.200000	0.002891	-0.000000	0.000000	1
30	0.200000	1.220000	0.002921	-0.000000	0.000000	1
30	0.200000	1.240000	0.002922	-0.000000	0.000000	1
30	0.200000	1.260000	0.002934	-0.000000	0.000000	1
30	0.200000	1.280000	0.002957	-0.000000	0.000000	1
30	0.200000	1.300000	0.002906	-0.000000	0.000000	1
30	0.200000	1.320000	0.002872	-0.000000	0.000000	1
30	0.200000	1.340000	0.002865	-0.000000	0.000000	1
30	0.200000	1.360000	0.002932	-0.000000	0.000000	1
30	0.200000	1.380000	0.002948	-0.000000	0.000000	1
30	0.200000	1.400000	0.002932	-0.000000	0.000000	1
30	0.200000	1.420000	0.002984	-0.000000	0.000000	1
30	0.200000	1.440000	0.003055	-0.000000	0.000000	1
30	0.200000	1.460000	0.003007	-0.000000	0.000000	1
30	0.200000	1.480000	0.002943	-0.000000	0.000000	1
30	0.200000	1.500000	0.002986	-0.000000	0.000000	1
30	0.200000	1.520000	0.003025	-0.000000	0.000000	1
30	0.200000	1.540000	0.003008	-0.000000	0.000000	1
30	0.200000	1.560000	0.003004	-0.000000	0.000000	1
30	0.200000	1.580000	0.003103	-0.000000	0.000000	1
30	0.200000	1.600000	0.000000	-0.000000	0.000000	1
30	0.200000	1.620000	0.000000	-0.000000	0.000000	1
30	0.200000	1.640000	0.000000	-0.000000	0.000000	1
30	0.200000	1.660000	0.000000	-0.000000	0.000000	1
30	0.200000	1.680000	0.000000	-0.000000	0.000000	1
30	0.200000	1.700000	0.000000	-0.000000	0.000000	1
30	0.200000	1.720000	0.000000	-0.000000	0.000000	1
30	0.200000	1.740000	0.000000	-0.000000	0.000000	1
30	0.200000	1.760000	0.000000	-0.000000	0.000000	1
30	0.200000	1.780000	0.000000	-0.000000	0.000000	1
30	0.200000	1.800000	0.000000	-0.000000	0.000000	1
30	0.200000	1.820000	0.000000	-0.000000	0.000000	1
30	0.200000	1.840000	0.000000	-0.000000	0.000000	1
30	0.200000	1.860000	0.000000	-0.000000	0.000000	1
30	0.200000	1.880000	0.000000	-0.000000	0.000000	1
30	0.200000	1.900000	0.000000	-0.000000	0.000000	1
30	0.200000	1.920000	0.000000	-0.000000	0.000000	1
30	0.200000	1.940000	0.000000	-0.000000	0.000000	1
30	0.200000	1.960000	0.000000	-0.000000	0.000000	1
30	0.200000	1.980000	0.000000	-0.000000	0.000000	1
30	0.200000	2.000000	0.000000	-0.000000	0.000000	1
30	0.200000	2.020000	0.000000	-0.000000	0.000000	1
30	0.200000	2.040000	0.000000	-0.000000	0.000000	1
30	0.200000	2.060000	0.000000	-0.000000	0.000000	1
30	0.200000	2.080000	0.000000	-0.000000	0.000000	1
30	0.200000	2.100000	0.000000	-0.000000	0.000000	1
30	0.200000	2.120000	0.000000	-0.000000	0.000000	1
30	0.200000	2.140000	0.000000	-0.000000	0.000000	1
30	0.200000	2.160000	0.000000	-0.000000	0.000000	1
30	0.200000	2.180000	0.000000	-0.000000	0.000000	1
30	0.200000	2.200000	0.000000	-0.000000	0.000000	1
30	0.200000	2.220000	0.000000	-0.000000	0.000000	1
30	0.200000	2.240000	0.000000	-0.000000	0.000000	1
30	0.200000	2.260000	0.000000	-0.000000	0.000000	1
30	0.200000	2.280000	0.000000	-0.000000	0.000000	1
30	0.200000	2.300000	0.000000	-0.000000	0.000000	1
30	0.200000	2.320000	0.000000	-0.000000	0.000000	1
30	0.200000	2.340000	0.000000	-0.000000	0.000000	1
30	0.200000	2.360000	0.000000	-0.000000	0.000000	1
30	0.200000	2.380000	0.000000	-0.000000	0.000000	1
30	0.200000	2.400000	0.000000	-0.000000	0.000000	1
30	0.200000	2.420000	0.000000	-0.000000	0.000000	1
30	0.200000	2.440000	0.000000	-0.000000	0.000000	1
30	0.200000	2.460000	0.000000	-0.000000	0.000000	1
30	0.200000	2.480000	0.000000	-0.000000	0.000000	1
30	0.200000	2.500000	0.000000	-0.000000	0.000000	1
30	0.200000	2.520000	0.000000	-0.000000	0.000000	1
30	0.200000	2.540000	0.000000	-0.000000	0.000000	1
30	0.200000	2.560000	0.000000	-0.000000	0.000000	1
30	0.200000	2.580000	0.000000	-0.000000	0.000000	1
30	0.200000	2.600000	0.000000	-0.000000	0.000000	1
30	0.200000	2.620000	0.000000	-0.000000	0.000000	1
30	0.200000	2.640000	0.000000	-0.000000	0.000000	1
30	0.200000	2.660000	0.000000	-0.000000	0.000000	1
30	0.200000	2.680000	0.000000	-0.000000	0.000000	1
30	0.200000	2.700000	0.000000	-0.000000	0.000000	1
30	0.200000	2.720000	0.000000	-0.000000	0.000000	1
30	0.200000	2.740000	0.000000	-0.000000	0.000000	1
30	0.200000	2.760000	0.000000	-0.000000	0.000000	1
30	0.200000	2.780000	0.000000	-0.000000	0.000000	1
30	0.200000	2.800000	0.000000	-0.000000	0.000000	1
30	0.200000	2.820000	0.000000	-0.000000	0.000000	1
30	0.200000	2.840000	0.000000	-0.000000	0.000000	1
30	0.200000	2.860000	0.000000	-0.000000	0.000000	1
30	0.200000	2.880000	0.000000	-0.000000	0.000000	1
30	0.200000	2.900000	0.000000	-0.000000	0.000000	1
30	0.200000	2.920000	0.000000	-0.000000	0.000000	1
30	0.200000	2.940000	0.000000	-0.000000	0.000000	1
30	0.200000	2.960000	0.000000	-0.000000	0.000000	1
30	0.200000	2.980000	0.000000	-0.000000	0.000000	1
30	0.200000	3.000000	0.000000	-0.000000	0.000000	1
30	0.200000	3.020000	0.000000	-0.000000	0.000000	1
30	0.200000	3.040000	0.000000	-0.000000	0.000000	1
30	0.200000	3.060000	0.000000	-0.000000	0.000000	1
30	0.200000	3.080000	0.000000	-0.000000	0.000000	1
30	0.200000	3.100000	0.000000	-0.000000	0.000000	1
30	0.200000	3.120000	0.000000	-0.000000	0.000000	1
30	0.200000	3.140000	0.000000	-0.000000	0.000000	1
30	0.200000	3.160000	0.000000	-0.000000	0.000000	1
30	0.200000	3.180000	0.000000	-0.000000	0.000000	1
30	0.200000	3.200000	0.000000	-0.000000	0.000000	1
30	0.200000	3.220000	0.000000	-0.000000	0.000000	1
30	0.200000	3.240000	0.000000	-0.000000	0.000000	1
30	0.200000	3.260000	0.000000	-0.000000	0.000000	1
30	0.200000	3.280000	0.000000	-0.000000	0.000000	1
30	0.200000	3.300000	0.000000	-0.000000	0.000000	1
30	0.200000	3.320000	0.000000	-0.000000	0.000000	1
30	0.200000	3.340000	0.000000	-0.000000	0.000000	1
30	0.200000	3.360000	0.000000	-0.000000	0.000000	1
30	0.200000	3.380000	0.000000	-0.000000	0.000000	1
30	0.200000	3.400000	0.000000	-0.000000	0.000000	1
30	0.200000	3.420000	0.000000	-0.000000	0.000000	1
30	0.200000	3.440000	0.000000	-0.000000	0.000000	1
30	0.200000	3.460000	0.000000	-0.000000	0.000000	1
30	0.200000	3.480000	0.000000	-0.000000	0.000000	1
30	0.200000	3.500000	0.000000	-0.000000	0.000000	1
30	0.200000	3.520000	0.000000	-0.000000	0.000000	1
30	0.200000	3.540000	0.000000	-0.000000	0.000000	1
30	0.200000	3.560000	0.000000	-0.000000	0.000000	1
30	0.200000	3.580000	0.000000	-0.000000	0.000000	1
30	0.200000	3.600000	0.000000	-0.000000	0.000000	1
30	0.200000	3.620000	0.000000	-0.000000	0.000000	1
30	0.200000	3.640000	0.000000	-0.000000	0.000000	1
30	0.200000	3.660000	0.000000	-0.000000	0.000000	1
30	0.200000	3.680000	0.000000	-0.000000	0.000000	1
30	0.200000	3.700000	0.000000	-0.000000	0.000000	1
30	0.200000	3.720000	0.000000	-0.000000	0.000000	1
30	0.200000	3.740000	0.000000	-0.000000	0.000000	1
30	0.200000	3.760000	0.000000	-0.000000	0.000000	1
30	0.200000	3.780000	0.000000	-0.000000	0.000000	1
30	0.200000	3.800000	0.000000	-0.000000	0.000000	1
30	0.200000	3.820000	0.000000	-0.000000	0.000000	1
30	0.200000	3.840000	0.000000	-0.000000	0.000000	1
30	0.200000	3.860000	0.000000	-0.000000	0.000000	1
30	0.200000	3.880000	0.000000	-0.000000	0.000000	1
30	0.200000	3.900000	0.000000	-0.000000	0.000000	1
30	0.200000	3.920000	0.000000	-0.000000	0.000000	1
30	0.200000	3.940000	0.000000	-0.000000	0.000000	1
30	0.200000	3.960000	0.000000	-0.000000	0.000000	1
30	0.200000	3.980000	0.000000	-0.000000	0.000000	1
30	0.300000	0.000000	0.000000	-0.000000	0.000000	1
30	0.300000	0.020000	0.000000	-0.000000	0.000000	1
30	0.300000	0.040000	0.000000	-0.000000	0.000000	1
30	0.300000	0.060000	0.000000	-0.000000	0.000000	1
30	0.300000	0.080000	0.000000	-0.000000	0.000000	1
30	0.300000	0.100000	0.000000	-0.000000	0.000000	1
30	0.300000	0.120000	0.003306	-0.000000	0.000000	1
30	0.300000	0.140000	0.003311	-0.000000	0.000000	1
30	0.300000	0.160000	0.003315	-0.000000	0.000000	1
30	0.300000	0.180000	0.003319	-0.000000	0.000000	1
30	0.300000	0.200000	0.003322	-0.000000	0.000000	1
30	0.300000	0.220000	0.003325	-0.000000	0.000000	1
30	0.300000	0.240000	0.003327	-0.000000	0.000000	1
30	0.300000	0.260000	0.003274	-0.000000	0.000000	1
30	0.300000	0.280000	0.002563	-0.000000	0.000000	1
30	0.300000	0.300000	0.002530	-0.000000	0.000000	1
30	0.300000	0.320000	0.002503	-0.000000	0.000000	1
30	0.300000	0.340000	0.002365	-0.000000	0.000000	1
30	0.300000	0.360000	0.002309	-0.000000	0.000000	1
30	0.300000	0.380000	0.002338	-0.000000	0.000000	1
30	0.300000	0.400000	0.002504	-0.000000	0.000000	1
30	0.300000	0.420000	0.002977	-0.000000	0.000000	1
30	0.300000	0.440000	0.003235	-0.000000	0.000000	1
30	0.300000	0.460000	0.003278	-0.000000	0.000000	1
30	0.300000	0.480000	0.003095	-0.000000	0.000000	1
30	0.300000	0.500000	0.002848	-0.000000	0.000000	1
30	0.300000	0.520000	0.002822	-0.000000	0.000000	1
30	0.300000	0.540000	0.002791	-0.000000	0.000000	1
30	0.300000	0.560000	0.002762	-0.000000	0.000000	1
30	0.300000	0.580000	0.002859	-0.000000	0.000000	1
30	0.300000	0.600000	0.002897	-0.000000	0.000000	1
30	0.300000	0.620000	0.003033	-0.000000	0.000000	1
30	0.300000	0.640000	0.003250	-0.000000	0.000000	1
30	0.300000	0.660000	0.003282	-0.000000	0.000000	1
30	0.300000	0.680000	0.002964	-0.000000	0.000000	1
30	0.300000	0.700000	0.002888	-0.000000	0.000000	1
30	0.300000	0.720000	0.002886	-0.000000	0.000000	1
30	0.300000	0.740000	0.002874	-0.000000	0.000000	1
30	0.300000	0.760000	0.002875	-0.000000	0.000000	1
30	0.300000	0.780000	0.002861	-0.000000	0.000000	1
30	0.300000	0.800000	0.002845	-0.000000	0.000000	1
30	0.300000	0.820000	0.002887	-0.000000	0.000000	1
30	0.300000	0.840000	0.002888	-0.000000	0.000000	1
30	0.300000	0.860000	0.002870	-0.000000	0.000000	1
30	0.300000	0.880000	0.002898	-0.000000	0.000000	1
30	0.300000	0.900000	0.002900	-0.000000	0.000000	1
30	0.300000	0.920000	0.002878	-0.000000	0.000000	1
30	0.300000	0.940000	0.002789	-0.000000	0.000000	1
30	0.300000	0.960000	0.003319	-0.000000	0.000000	1
30	0.300000	0.980000	0.003945	-0.000000	0.000000	1
30	0.300000	1.000000	0.003968	-0.000000	0.000000	1
30	0.300000	1.020000	0.003784	-0.000000	0.000000	1
30	0.300000	1.040000	0.003252	-0.000000	0.000000	1
30	0.300000	1.060000	0.002981	-0.000000	0.000000	1
30	0.300000	1.080000	0.002932	-0.000000	0.000000	1
30	0.300000	1.100000	0.002898	-0.000000	0.000000	1
30	0.300000	1.120000	0.002877	-0.000000	0.000000	1
30	0.300000	1.140000	0.002918	-0.000000	0.000000	1
30	0.300000	1.160000	0.002927	-0.000000	0.000000	1
30	0.300000	1.180000	0.002890	-0.000000	0.000000	1
30	0.300000	1.200000	0.002896	-0.000000	0.000000	1
30	0.300000	1.220000	0.002934	-0.000000	0.000000	1
30	0.300000	1.240000	0.002938	-0.000000	0.000000	1
30	0.300000	1.260000	0.002948	-0.000000	0.000000	1
30	0.300000	1.280000	0.002971	-0.000000	0.000000	1
30	0.300000	1.300000	0.002918	-0.000000	0.000000	1
30	0.300000	1.320000	0.002881	-0.000000	0.000000	1
30	0.300000	1.340000	0.002865	-0.000000	0.000000	1
30	0.300000	1.360000	0.002916	-0.000000	0.000000	1
30	0.300000	1.380000	0.002946	-0.000000	0.000000	1
30	0.300000	1.400000	0.002963	-0.000000	0.000000	1
30	0.300000	1.420000	0.003034	-0.000000	0.000000	1
30	0.300000	1.440000	0.003138	-0.000000	0.000000	1
30	0.300000	1.460000	0.003074	-0.000000	0.000000	1
30	0.300000	1.480000	0.002949	-0.000000	0.000000	1
30	0.300000	1.500000	0.002977	-0.000000	0.000000	1
30	0.300000	1.520000	0.003017	-0.000000	0.000000	1
30	0.300000	1.540000	0.003008	-0.000000	0.000000	1
30	0.300000	1.560000	0.003015	-0.000000	0.000000	1
30	0.300000	1.580000	0.003157	-0.000000	0.000000	1
30	0.300000	1.600000	0.003492	-0.000000	0.000000	1
30	0.300000	1.620000	0.000000	-0.000000	0.000000	1
30	0.300000	1.640000	0.000000	-0.000000	0.000000	1
30	0.300000	1.660000	0.000000	-0.000000	0.000000	1
30	0.300000	1.680000	0.000000	-0.000000	0.000000	1
30	0.300000	1.700000	0.000000	-0.000000	0.000000	1
30	0.300000	1.720000	0.000000	-0.000000	0.000000	1
30	0.300000	1.740000	0.000000	-0.000000	0.000000	1
30	0.300000	1.760000	0.000000	-0.000000	0.000000	1
30	0.300000	1.780000	0.000000	-0.000000	0.000000	1
30	0.300000	1.800000	0.000000	-0.000000	0.000000	1
30	0.300000	1.820000	0.000000	-0.000000	0.000000	1
30	0.300000	1.840000	0.000000	-0.000000	0.000000	1
30	0.300000	1.860000	0.000000	-0.000000	0.000000	1
30	0.300000	1.880000	0.000000	-0.000000	0.000000	1
30	0.300000	1.900000	0.000000	-0.000000	0.000000	1
30	0.300000	1.920000	0.000000	-0.000000	0.000000	1
30	0.300000	1.940000	0.000000	-0.000000	0.000000	1
30	0.300000	1.960000	0.000000	-0.000000	0.000000	1
30	0.300000	1.980000	0.000000	-0.000000	0.000000	1
30	0.300000	2.000000	0.000000	-0.000000	0.000000	1
30	0.300000	2.020000	0.000000	-0.000000	0.000000	1
30	0.300000	2.040000	0.000000	-0.000000	0.000000	1
30	0.300000	2.060000	0.000000	-0.000000	0.000000	1
30	0.300000	2.080000	0.000000	-0.000000	0.000000	1
30	0.300000	2.100000	0.000000	-0.000000	0.000000	1
30	0.300000	2.120000	0.000000	-0.000000	0.000000	1
30	0.300000	2.140000	0.000000	-0.000000	0.000000	1
30	0.300000	2.160000	0.000000	-0.000000	0.000000	1
30	0.300000	2.180000	0.000000	-0.000000	0.000000	1
30	0.300000	2.200000	0.000000	-0.000000	0.000000	1
30	0.300000	2.220000	0.000000	-0.000000	0.000000	1
30	0.300000	2.240000	0.000000	-0.000000	0.000000	1
30	0.300000	2.260000	0.000000	-0.000000	0.000000	1
30	0.300000	2.280000	0.000000	-0.000000	0.000000	1
30	0.300000	2.300000	0.000000	-0.000000	0.000000	1
30	0.300000	2.320000	0.000000	-0.000000	0.000000	1
30	0.300000	2.340000	0.000000	-0.000000	0.000000	1
30	0.300000	2.360000	0.000000	-0.000000	0.000000	1
30	0.300000	2.380000	0.000000	-0.000000	0.000000	1
30	0.300000	2.400000	0.000000	-0.000000	0.000000	1
30	0.300000	2.420000	0.000000	-0.000000	0.000000	1
30	0.300000	2.440000	0.000000	-0.000000	0.000000	1
30	0.300000	2.460000	0.000000	-0.000000	0.000000	1
30	0.300000	2.480000	0.000000	-0.000000	0.000000	1
30	0.300000	2.500000	0.000000	-0.000000	0.000000	1
30	0.300000	2.520000	0.000000	-0.000000	0.000000	1
30	0.300000	2.540000	0.000000	-0.000000	0.000000	1
30	0.300000	2.560000	0.000000	-0.000000	0.000000	1
30	0.300000	2.580000	0.000000	-0.000000	0.000000	1
30	0.300000	2.600000	0.000000	-0.000000	0.000000	1
30	0.300000	2.620000	0.000000	-0.000000	0.000000	1
30	0.300000	2.640000	0.000000	-0.000000	0.000000	1
30	0.300000	2.660000	0.000000	-0.000000	0.000000	1
30	0.300000	2.680000	0.000000	-0.000000	0.000000	1
30	0.300000	2.700000	0.000000	-0.000000	0.000000	1
30	0.300000	2.720000	0.000000	-0.000000	0.000000	1
30	0.300000	2.740000	0.000000	-0.000000	0.000000	1
30	0.300000	2.760000	0.000000	-0.000000	0.000000	1
30	0.300000	2.780000	0.000000	-0.000000	0.000000	1
30	0.300000	2.800000	0.000000	-0.000000	0.000000	1
30	0.300000	2.820000	0.000000	-0.000000	0.000000	1
30	0.300000	2.840000	0.000000	-0.000000	0.000000	1
30	0.300000	2.860000	0.000000	-0.000000	0.000000	1
30	0.300000	2.880000	0.000000	-0.000000	0.000000	1
30	0.300000	2.900000	0.000000	-0.000000	0.000000	1
30	0.300000	2.920000	0.000000	-0.000000	0.000000	1
30	0.300000	2.940000	0.000000	-0.000000	0.000000	1
30	0.300000	2.960000	0.000000	-0.000000	0.000000	1
30	0.300000	2.980000	0.000000	-0.000000	0.000000	1
30	0.300000	3.000000	0.000000	-0.000000	0.000000	1
30	0.300000	3.020000	0.000000	-0.000000	0.000000	1
30	0.300000	3.040000	0.000000	-0.000000	0.000000	1
30	0.300000	3.060000	0.000000	-0.000000	0.000000	1
30	0.300000	3.080000	0.000000	-0.000000	0.000000	1
30	0.300000	3.100000	0.000000	-0.000000	0.000000	1
30	0.300000	3.120000	0.000000	-0.000000	0.000000	1
30	0.300000	3.140000	0.000000	-0.000000	0.000000	1
30	0.300000	3.160000	0.000000	-0.000000	0.000000	1
30	0.300000	3.180000	0.000000	-0.000000	0.000000	1
30	0.300000	3.200000	0.000000	-0.000000	0.000000	1
30	0.300000	3.220000	0.000000	-0.000000	0.000000	1
30	0.300000	3.240000	0.000000	-0.000000	0.000000	1
30	0.300000	3.260000	0.000000	-0.000000	0.000000	1
30	0.300000	3.280000	0.000000	-0.000000	0.000000	1
30	0.300000	3.300000	0.000000	-0.000000	0.000000	1
30	0.300000	3.320000	0.000000	-0.000000	0.000000	1
30	0.300000	3.340000	0.000000	-0.000000	0.000000	1
30	0.300000	3.360000	0.000000	-0.000000	0.000000	1
30	0.300000	3.380000	0.000000	-0.000000	0.000000	1
30	0.300000	3.400000	0.000000	-0.000000	0.000000	1
30	0.300000	3.420000	0.000000	-0.000000	0.000000	1
30	0.300000	3.440000	0.000000	-0.000000	0.000000	1
30	0.300000	3.460000	0.000000	-0.000000	0.000000	1
30	0.300000	3.480000	0.000000	-0.000000	0.000000	1
30	0.300000	3.500000	0.000000	-0.000000	0.000000	1
30	0.300000	3.520000	0.000000	-0.000000	0.000000	1
30	0.300000	3.540000	0.000000	-0.000000	0.000000	1
30	0.300000	3.560000	0.000000	-0.000000	0.000000	1
30	0.300000	3.580000	0.000000	-0.000000	0.000000	1
30	0.300000	3.600000	0.000000	-0.000000	0.000000	1
30	0.300000	3.620000	0.000000	-0.000000	0.000000	1
30	0.300000	3.640000	0.000000	-0.000000	0.000000	1
30	0.300000	3.660000	0.000000	-0.000000	0.000000	1
30	0.300000	3.680000	0.000000	-0.000000	0.000000	1
30	0.300000	3.700000	0.000000	-0.000000	0.000000	1
30	0.300000	3.720000	0.000000	-0.000000	0.000000	1
30	0.300000	3.740000	0.000000	-0.000000	0.000000	1
30	0.300000	3.760000	0.000000	-0.000000	0.000000	1
30	0.300000	3.780000	0.000000	-0.000000	0.000000	1
30	0.300000	3.800000	0.000000	-0.000000	0.000000	1
30	0.300000	3.820000	0.000000	-0.000000	0.000000	1
30	0.300000	3.840000	0.000000	-0.000000	0.000000	1
30	0.300000	3.860000	0.000000	-0.000000	0.000000	1
30	0.300000	3.880000	0.000000	-0.000000	0.000000	1
30	0.300000	3.900000	0.000000	-0.000000	0.000000	1
30	0.300000	3.920000	0.000000	-0.000000	0.000000	1
30	0.300000	3.940000	0.000000	-0.000000	0.000000	1
30	0.300000	3.960000	0.000000	-0.000000	0.000000	1
30	0.300000	3.980000	0.000000	-0.000000	0.000000	1
30	0.400000	0.000000	0.000000	-0.000000	0.000000	1
30	0.400000	0.020000	0.000000	-0.000000	0.000000	1
30	0.400000	0.040000	0.000000	-0.000000	0.000000	1
30	0.400000	0.060000	0.000000	-0.000000	0.000000	1
30	0.400000	0.080000	0.000000	-0.000000	0.000000	1
30	0.400000	0.100000	0.000000	-0.000000	0.000000	1
30	0.400000	0.120000	0.003307	-0.000000	0.000000	1
30	0.400000	0.140000	0.003316	-0.000000	0.000000	1
30	0.400000	0.160000	0.003323	-0.000000	0.000000	1
30	0.400000	0.180000	0.003330	-0.000000	0.000000	1
30	0.400000	0.200000	0.003335	-0.000000	0.000000	1
30	0.400000	0.220000	0.003339	-0.000000	0.000000	1
30	0.400000	0.240000	0.003341	-0.000000	0.000000	1
30	0.400000	0.260000	0.003286	-0.000000	0.000000	1
30	0.400000	0.280000	0.002548	-0.000000	0.000000	1
30	0.400000	0.300000	0.002514	-0.000000	0.000000	1
30	0.400000	0.320000	0.002487	-0.000000	0.000000	1
30	0.400000	0.340000	0.002356	-0.000000	0.000000	1
30	0.400000	0.360000	0.002307	-0.000000	0.000000	1
30	0.400000	0.380000	0.002343	-0.000000	0.000000	1
30	0.400000	0.400000	0.002510	-0.000000	0.000000	1
30	0.400000	0.420000	0.002984	-0.000000	0.000000	1
30	0.400000	0.440000	0.003244	-0.000000	0.000000	1
30	0.400000	0.460000	0.003288	-0.000000	0.000000	1
30	0.400000	0.480000	0.003102	-0.000000	0.000000	1
30	0.400000	0.500000	0.002856	-0.000000	0.000000	1
30	0.400000	0.520000	0.002831	-0.000000	0.000000	1
30	0.400000	0.540000	0.002801	-0.000000	0.000000	1
30	0.400000	0.560000	0.002773	-0.000000	0.000000	1
30	0.400000	0.580000	0.002858	-0.000000	0.000000	1
30	0.400000	0.600000	0.002893	-0.000000	0.000000	1
30	0.400000	0.620000	0.003029	-0.000000	0.000000	1
30	0.400000	0.640000	0.003248	-0.000000	0.000000	1
30	0.400000	0.660000	0.003281	-0.000000	0.000000	1
30	0.400000	0.680000	0.002957	-0.000000	0.000000	1
30	0.400000	0.700000	0.002882	-0.000000	0.000000	1
30	0.400000	0.720000	0.002882	-0.000000	0.000000	1
30	0.400000	0.740000	0.002876	-0.000000	0.000000	1
30	0.400000	0.760000	0.002878	-0.000000	0.000000	1
30	0.400000	0.780000	0.002869	-0.000000	0.000000	1
30	0.400000	0.800000	0.002863	-0.000000	0.000000	1
30	0.400000	0.820000	0.002901	-0.000000	0.000000	1
30	0.400000	0.840000	0.002896	-0.000000	0.000000	1
30	0.400000	0.860000	0.002874	-0.000000	0.000000	1
30	0.400000	0.880000	0.002887	-0.000000	0.000000	1
30	0.400000	0.900000	0.002886	-0.000000	0.000000	1
30	0.400000	0.920000	0.002872	-0.000000	0.000000	1
30	0.400000	0.940000	0.002803	-0.000000	0.000000	1
30	0.400000	0.960000	0.003340	-0.000000	0.000000	1
30	0.400000	0.980000	0.003943	-0.000000	0.000000	1
30	0.400000	1.000000	0.003981	-0.000000	0.000000	1
30	0.400000	1.020000	0.003814	-0.000000	0.000000	1
30	0.400000	1.040000	0.003276	-0.000000	0.000000	1
30	0.400000	1.060000	0.002987	-0.000000	0.000000	1
30	0.400000	1.080000	0.002933	-0.000000	0.000000	1
30	0.400000	1.100000	0.002897	-0.000000	0.000000	1
30	0.400000	1.120000	0.002884	-0.000000	0.000000	1
30	0.400000	1.140000	0.002930	-0.000000	0.000000	1
30	0.400000	1.160000	0.002942	-0.000000	0.000000	1
30	0.400000	1.180000	0.002906	-0.000000	0.000000	1
30	0.400000	1.200000	0.002905	-0.000000	0.000000	1
30	0.400000	1.220000	0.002948	-0.000000	0.000000	1
30	0.400000	1.240000	0.002956	-0.000000	0.000000	1
30	0.400000	1.260000	0.002965	-0.000000	0.000000	1
30	0.400000	1.280000	0.002988	-0.000000	0.000000	1
30	0.400000	1.300000	0.002934	-0.000000	0.000000	1
30	0.400000	1.320000	0.002893	-0.000000	0.000000	1
30	0.400000	1.340000	0.002872	-0.000000	0.000000	1
30	0.400000	1.360000	0.002916	-0.000000	0.000000	1
30	0.400000	1.380000	0.002957	-0.000000	0.000000	1
30	0.400000	1.400000	0.002992	-0.000000	0.000000	1
30	0.400000	1.420000	0.003072	-0.000000	0.000000	1
30	0.400000	1.440000	0.003200	-0.000000	0.000000	1
30	0.400000	1.460000	0.003129	-0.000000	0.000000	1
30	0.400000	1.480000	0.002959	-0.000000	0.000000	1
30	0.400000	1.500000	0.002976	-0.000000	0.000000	1
30	0.400000	1.520000	0.003018	-0.000000	0.000000	1
30	0.400000	1.540000	0.003014	-0.000000	0.000000	1
30	0.400000	1.560000	0.003017	-0.000000	0.000000	1
30	0.400000	1.580000	0.003152	-0.000000	0.000000	1
30	0.400000	1.600000	0.003639	-0.000000	0.000000	1
30	0.400000	1.620000	0.000000	-0.000000	0.000000	1
30	0.400000	1.640000	0.000000	-0.000000	0.000000	1
30	0.400000	1.660000	0.000000	-0.000000	0.000000	1
30	0.400000	1.680000	0.000000	-0.000000	0.000000	1
30	0.400000	1.700000	0.000000	-0.000000	0.000000	1
30	0.400000	1.720000	0.000000	-0.000000	0.000000	1
30	0.400000	1.740000	0.000000	-0.000000	0.000000	1
30	0.400000	1.760000	0.000000	-0.000000	0.000000	1
30	0.400000	1.780000	0.000000	-0.000000	0.000000	1
30	0.400000	1.800000	0.000000	-0.000000	0.000000	1
30	0.400000	1.820000	0.000000	-0.000000	0.000000	1
30	0.400000	1.840000	0.000000	-0.000000	0.000000	1
30	0.400000	1.860000	0.000000	-0.000000	0.000000	1
30	0.400000	1.880000	0.000000	-0.000000	0.000000	1
30	0.400000	1.900000	0.000000	-0.000000	0.000000	1
30	0.400000	1.920000	0.000000	-0.000000	0.000000	1
30	0.400000	1.940000	0.000000	-0.000000	0.000000	1
30	0.400000	1.960000	0.000000	-0.000000	0.000000	1
30	0.400000	1.980000	0.000000	-0.000000	0.000000	1
30	0.400000	2.000000	0.000000	-0.000000	0.000000	1
30	0.400000	2.020000	0.000000	-0.000000	0.000000	1
30	0.400000	2.040000	0.000000	-0.000000	0.000000	1
30	0.400000	2.060000	0.000000	-0.000000	0.000000	1
30	0.400000	2.080000	0.000000	-0.000000	0.000000	1
30	0.400000	2.100000	0.000000	-0.000000	0.000000	1
30	0.400000	2.120000	0.000000	-0.000000	0.000000	1
30	0.400000	2.140000	0.000000	-0.000000	0.000000	1
30	0.400000	2.160000	0.000000	-0.000000	0.000000	1
30	0.400000	2.180000	0.000000	-0.000000	0.000000	1
30	0.400000	2.200000	0.000000	-0.000000	0.000000	1
30	0.400000	2.220000	0.000000	-0.000000	0.000000	1
30	0.400000	2.240000	0.000000	-0.000000	0.000000	1
30	0.400000	2.260000	0.000000	-0.000000	0.000000	1
30	0.400000	2.280000	0.000000	-0.000000	0.000000	1
30	0.400000	2.300000	0.000000	-0.000000	0.000000	1
30	0.400000	2.320000	0.000000	-0.000000	0.000000	1
30	0.400000	2.340000	0.000000	-0.000000	0.000000	1
30	0.400000	2.360000	0.000000	-0.000000	0.000000	1
30	0.400000	2.380000	0.000000	-0.000000	0.000000	1
30	0.400000	2.400000	0.000000	-0.000000	0.000000	1
30	0.400000	2.420000	0.000000	-0.000000	0.000000	1
30	0.400000	2.440000	0.000000	-0.000000	0.000000	1
30	0.400000	2.460000	0.000000	-0.000000	0.000000	1
30	0.400000	2.480000	0.000000	-0.000000	0.000000	1
30	0.400000	2.500000	0.000000	-0.000000	0.000000	1
30	0.400000	2.520000	0.000000	-0.000000	0.000000	1
30	0.400000	2.540000	0.000000	-0.000000	0.000000	1
30	0.400000	2.560000	0.000000	-0.000000	0.000000	1
30	0.400000	2.580000	0.000000	-0.000000	0.000000	1
30	0.400000	2.600000	0.000000	-0.000000	0.000000	1
30	0.400000	2.620000	0.000000	-0.000000	0.000000	1
30	0.400000	2.640000	0.000000	-0.000000	0.000000	1
30	0.400000	2.660000	0.000000	-0.000000	0.000000	1
30	0.400000	2.680000	0.000000	-0.000000	0.000000	1
30	0.400000	2.700000	0.000000	-0.000000	0.000000	1
30	0.400000	2.720000	0.000000	-0.000000	0.000000	1
30	0.400000	2.740000	0.000000	-0.000000	0.000000	1
30	0.400000	2.760000	0.000000	-0.000000	0.000000	1
30	0.400000	2.780000	0.000000	-0.000000	0.000000	1
30	0.400000	2.800000	0.000000	-0.000000	0.000000	1
30	0.400000	2.820000	0.000000	-0.000000	0.000000	1
30	0.400000	2.840000	0.000000	-0.000000	0.000000	1
30	0.400000	2.860000	0.000000	-0.000000	0.000000	1
30	0.400000	2.880000	0.000000	-0.000000	0.000000	1
30	0.400000	2.900000	0.000000	-0.000000	0.000000	1
30	0.400000	2.920000	0.000000	-0.000000	0.000000	1
30	0.400000	2.940000	0.000000	-0.000000	0.000000	1
30	0.400000	2.960000	0.000000	-0.000000	0.000000	1
30	0.400000	2.980000	0.000000	-0.000000	0.000000	1
30	0.400000	3.000000	0.000000	-0.000000	0.000000	1
30	0.400000	3.020000	0.000000	-0.000000	0.000000	1
30	0.400000	3.040000	0.000000	-0.000000	0.000000	1
30	0.400000	3.060000	0.000000	-0.000000	0.000000	1
30	0.400000	3.080000	0.000000	-0.000000	0.000000	1
30	0.400000	3.100000	0.000000	-0.000000	0.000000	1
30	0.400000	3.120000	0.000000	-0.000000	0.000000	1
30	0.400000	3.140000	0.000000	-0.000000	0.000000	1
30	0.400000	3.160000	0.000000	-0.000000	0.000000	1
30	0.400000	3.180000	0.000000	-0.000000	0.000000	1
30	0.400000	3.200000	0.000000	-0.000000	0.000000	1
30	0.400000	3.220000	0.000000	-0.000000	0.000000	1
30	0.400000	3.240000	0.000000	-0.000000	0.000000	1
30	0.400000	3.260000	0.000000	-0.000000	0.000000	1
30	0.400000	3.280000	0.000000	-0.000000	0.000000	1
30	0.400000	3.300000	0.000000	-0.000000	0.000000	1
30	0.400000	3.320000	0.000000	-0.000000	0.000000	1
30	0.400000	3.340000	0.000000	-0.000000	0.000000	1
30	0.400000	3.360000	0.000000	-0.000000	0.000000	1
30	0.400000	3.380000	0.000000	-0.000000	0.000000	1
30	0.400000	3.400000	0.000000	-0.000000	0.000000	1
30	0.400000	3.420000	0.000000	-0.000000	0.000000	1
30	0.400000	3.440000	0.000000	-0.000000	0.000000	1
30	0.400000	3.460000	0.000000	-0.000000	0.000000	1
30	0.400000	3.480000	0.000000	-0.000000	0.000000	1
30	0.400000	3.500000	0.000000	-0.000000	0.000000	1
30	0.400000	3.520000	0.000000	-0.000000	0.000000	1
30	0.400000	3.540000	0.000000	-0.000000	0.000000	1
30	0.400000	3.560000	0.000000	-0.000000	0.000000	1
30	0.400000	3.580000	0.000000	-0.000000	0.000000	1
30	0.400000	3.600000	0.000000	-0.000000	0.000000	1
30	0.400000	3.620000	0.000000	-0.000000	0.000000	1
30	0.400000	3.640000	0.000000	-0.000000	0.000000	1
30	0.400000	3.660000	0.000000	-0.000000	0.000000	1
30	0.400000	3.680000	0.000000	-0.000000	0.000000	1
30	0.400000	3.700000	0.000000	-0.000000	0.000000	1
30	0.400000	3.720000	0.000000	-0.000000	0.000000	1
30	0.400000	3.740000	0.000000	-0.000000	0.000000	1
30	0.400000	3.760000	0.000000	-0.000000	0.000000	1
30	0.400000	3.780000	0.000000	-0.000000	0.000000	1
30	0.400000	3.800000	0.000000	-0.000000	0.000000	1
30	0.400000	3.820000	0.000000	-0.000000	0.000000	1
30	0.400000	3.840000	0.000000	-0.000000	0.000000	1
30	0.400000	3.860000	0.000000	-0.000000	0.000000	1
30	0.400000	3.880000	0.000000	-0.000000	0.000000	1
30	0.400000	3.900000	0.000000	-0.000000	0.000000	1
30	0.400000	3.920000	0.000000	-0.000000	0.000000	1
30	0.400000	3.940000	0.000000	-0.000000	0.000000	1
30	0.400000	3.960000	0.000000	-0.000000	0.000000	1
30	0.400000	3.980000	0.000000	-0.000000	0.000000	1
30	0.500000	0.000000	0.000000	-0.000000	0.000000	1
30	0.500000	0.020000	0.000000	-0.000000	0.000000	1
30	0.500000	0.040000	0.000000	-0.000000	0.000000	1
30	0.500000	0.060000	0.000000	-0.000000	0.000000	1
30	0.500000	0.080000	0.000000	-0.000000	0.000000	1
30	0.500000	0.100000	0.000000	-0.000000	0.000000	1
30	0.500000	0.120000	0.003302	-0.000000	0.000000	1
30	0.500000	0.140000	0.003316	-0.000000	0.000000	1
30	0.500000	0.160000	0.003328	-0.000000	0.000000	1
30	0.500000	0.180000	0.003337	-0.000000	0.000000	1
30	0.500000	0.200000	0.003345	-0.000000	0.000000	1
30	0.500000	0.220000	0.003350	-0.000000	0.000000	1
30	0.500000	0.240000	0.003354	-0.000000	0.000000	1
30	0.500000	0.260000	0.003296	-0.000000	0.000000	1
30	0.500000	0.280000	0.002532	-0.000000	0.000000	1
30	0.500000	0.300000	0.002497	-0.000000	0.000000	1
30	0.500000	0.320000	0.002470	-0.000000	0.000000	1
30	0.500000	0.340000	0.002347	-0.000000	0.000000	1
30	0.500000	0.360000	0.002305	-0.000000	0.000000	1
30	0.500000	0.380000	0.002349	-0.000000	0.000000	1
30	0.500000	0.400000	0.002518	-0.000000	0.000000	1
30	0.500000	0.420000	0.002991	-0.000000	0.000000	1
30	0.500000	0.440000	0.003253	-0.000000	0.000000	1
30	0.500000	0.460000	0.003298	-0.000000	0.000000	1
30	0.500000	0.480000	0.003106	-0.000000	0.000000	1
30	0.500000	0.500000	0.002853	-0.000000	0.000000	1
30	0.500000	0.520000	0.002823	-0.000000	0.000000	1
30	0.500000	0.540000	0.002787	-0.000000	0.000000	1
30	0.500000	0.560000	0.002755	-0.000000	0.000000	1
30	0.500000	0.580000	0.002860	-0.000000	0.000000	1
30	0.500000	0.600000	0.002892	-0.000000	0.000000	1
30	0.500000	0.620000	0.003026	-0.000000	0.000000	1
30	0.500000	0.640000	0.003247	-0.000000	0.000000	1
30	0.500000	0.660000	0.003279	-0.000000	0.000000	1
30	0.500000	0.680000	0.002952	-0.000000	0.000000	1
30	0.500000	0.700000	0.002878	-0.000000	0.000000	1
30	0.500000	0.720000	0.002880	-0.000000	0.000000	1
30	0.500000	0.740000	0.002889	-0.000000	0.000000	1
30	0.500000	0.760000	0.002889	-0.000000	0.000000	1
30	0.500000	0.780000	0.002884	-0.000000	0.000000	1
30	0.500000	0.800000	0.002886	-0.000000	0.000000	1
30	0.500000	0.820000	0.002918	-0.000000	0.000000	1
30	0.500000	0.840000	0.002907	-0.000000	0.000000	1
30	0.500000	0.860000	0.002886	-0.000000	0.000000	1
30	0.500000	0.880000	0.002899	-0.000000	0.000000	1
30	0.500000	0.900000	0.002896	-0.000000	0.000000	1
30	0.500000	0.920000	0.002875	-0.000000	0.000000	1
30	0.500000	0.940000	0.002824	-0.000000	0.000000	1
30	0.500000	0.960000	0.003376	-0.000000	0.000000	1
30	0.500000	0.980000	0.004016	-0.000000	0.000000	1
30	0.500000	1.000000	0.004081	-0.000000	0.000000	1
30	0.500000	1.020000	0.003921	-0.000000	0.000000	1
30	0.500000	1.040000	0.003332	-0.000000	0.000000	1
30	0.500000	1.060000	0.002997	-0.000000	0.000000	1
30	0.500000	1.080000	0.002934	-0.000000	0.000000	1
30	0.500000	1.100000	0.002897	-0.000000	0.000000	1
30	0.500000	1.120000	0.002891	-0.000000	0.000000	1
30	0.500000	1.140000	0.002941	-0.000000	0.000000	1
30	0.500000	1.160000	0.002963	-0.000000	0.000000	1
30	0.500000	1.180000	0.002939	-0.000000	0.000000	1
30	0.500000	1.200000	0.002932	-0.000000	0.000000	1
30	0.500000	1.220000	0.002968	-0.000000	0.000000	1
30	0.500000	1.240000	0.002972	-0.000000	0.000000	1
30	0.500000	1.260000	0.002980	-0.000000	0.000000	1
30	0.500000	1.280000	0.003006	-0.000000	0.000000	1
30	0.500000	1.300000	0.002951	-0.000000	0.000000	1
30	0.500000	1.320000	0.002907	-0.000000	0.000000	1
30	0.500000	1.340000	0.002884	-0.000000	0.000000	1
30	0.500000	1.360000	0.002927	-0.000000	0.000000	1
30	0.500000	1.380000	0.002975	-0.000000	0.000000	1
30	0.500000	1.400000	0.003015	-0.000000	0.000000	1
30	0.500000	1.420000	0.003098	-0.000000	0.000000	1
30	0.500000	1.440000	0.003241	-0.000000	0.000000	1
30	0.500000	1.460000	0.003167	-0.000000	0.000000	1
30	0.500000	1.480000	0.002970	-0.000000	0.000000	1
30	0.500000	1.500000	0.002977	-0.000000	0.000000	1
30	0.500000	1.520000	0.003018	-0.000000	0.000000	1
30	0.500000	1.540000	0.003020	-0.000000	0.000000	1
30	0.500000	1.560000	0.003019	-0.000000	0.000000	1
30	0.500000	1.580000	0.003115	-0.000000	0.000000	1
30	0.500000	1.600000	0.003609	-0.000000	0.000000	1
30	0.500000	1.620000	0.000000	-0.000000	0.000000	1
30	0.500000	1.640000	0.000000	-0.000000	0.000000	1
30	0.500000	1.660000	0.000000	-0.000000	0.000000	1
30	0.500000	1.680000	0.000000	-0.000000	0.000000	1
30	0.500000	1.700000	0.000000	-0.000000	0.000000	1
30	0.500000	1.720000	0.000000	-0.000000	0.000000	1
30	0.500000	1.740000	0.000000	-0.000000	0.000000	1
30	0.500000	1.760000	0.000000	-0.000000	0.000000	1
30	0.500000	1.780000	0.000000	-0.000000	0.000000	1
30	0.500000	1.800000	0.000000	-0.000000	0.000000	1
30	0.500000	1.820000	0.000000	-0.000000	0.000000	1
30	0.500000	1.840000	0.000000	-0.000000	0.000000	1
30	0.500000	1.860000	0.000000	-0.000000	0.000000	1
30	0.500000	1.880000	0.000000	-0.000000	0.000000	1
30	0.500000	1.900000	0.000000	-0.000000	0.000000	1
30	0.500000	1.920000	0.000000	-0.000000	0.000000	1
30	0.500000	1.940000	0.000000	-0.000000	0.000000	1
30	0.500000	1.960000	0.000000	-0.000000	0.000000	1
30	0.500000	1.980000	0.000000	-0.000000	0.000000	1
30	0.500000	2.000000	0.000000	-0.000000	0.000000	1
30	0.500000	2.020000	0.000000	-0.000000	0.000000	1
30	0.500000	2.040000	0.000000	-0.000000	0.000000	1
30	0.500000	2.060000	0.000000	-0.000000	0.000000	1
30	0.500000	2.080000	0.000000	-0.000000	0.000000	1
30	0.500000	2.100000	0.000000	-0.000000	0.000000	1
30	0.500000	2.120000	0.000000	-0.000000	0.000000	1
30	0.500000	2.140000	0.000000	-0.000000	0.000000	1
30	0.500000	2.160000	0.000000	-0.000000	0.000000	1
30	0.500000	2.180000	0.000000	-0.000000	0.000000	1
30	0.500000	2.200000	0.000000	-0.000000	0.000000	1
30	0.500000	2.220000	0.000000	-0.000000	0.000000	1
30	0.500000	2.240000	0.000000	-0.000000	0.000000	1
30	0.500000	2.260000	0.000000	-0.000000	0.000000	1
30	0.500000	2.280000	0.000000	-0.000000	0.000000	1
30	0.500000	2.300000	0.000000	-0.000000	0.000000	1
30	0.500000	2.320000	0.000000	-0.000000	0.000000	1
30	0.500000	2.340000	0.000000	-0.000000	0.000000	1
30	0.500000	2.360000	0.000000	-0.000000	0.000000	1
30	0.500000	2.380000	0.000000	-0.000000	0.000000	1
30	0.500000	2.400000	0.000000	-0.000000	0.000000	1
30	0.500000	2.420000	0.000000	-0.000000	0.000000	1
30	0.500000	2.440000	0.000000	-0.000000	0.000000	1
30	0.500000	2.460000	0.000000	-0.000000	0.000000	1
30	0.500000	2.480000	0.000000	-0.000000	0.000000	1
30	0.500000	2.500000	0.000000	-0.000000	0.000000	1
30	0.500000	2.520000	0.000000	-0.000000	0.000000	1
30	0.500000	2.540000	0.000000	-0.000000	0.000000	1
30	0.500000	2.560000	0.000000	-0.000000	0.000000	1
30	0.500000	2.580000	0.000000	-0.000000	0.000000	1
30	0.500000	2.600000	0.000000	-0.000000	0.000000	1
30	0.500000	2.620000	0.000000	-0.000000	0.000000	1
30	0.500000	2.640000	0.000000	-0.000000	0.000000	1
30	0.500000	2.660000	0.000000	-0.000000	0.000000	1
30	0.500000	2.680000	0.000000	-0.000000	0.000000	1
30	0.500000	2.700000	0.000000	-0.000000	0.000000	1
30	0.500000	2.720000	0.000000	-0.000000	0.000000	1
30	0.500000	2.740000	0.000000	-0.000000	0.000000	1
30	0.500000	2.760000	0.000000	-0.000000	0.000000	1
30	0.500000	2.780000	0.000000	-0.000000	0.000000	1
30	0.500000	2.800000	0.000000	-0.000000	0.000000	1
30	0.500000	2.820000	0.000000	-0.000000	0.000000	1
30	0.500000	2.840000	0.000000	-0.000000	0.000000	1
30	0.500000	2.860000	0.000000	-0.000000	0.000000	1
30	0.500000	2.880000	0.000000	-0.000000	0.000000	1
30	0.500000	2.900000	0.000000	-0.000000	0.000000	1
30	0.500000	2.920000	0.000000	-0.000000	0.000000	1
30	0.500000	2.940000	0.000000	-0.000000	0.000000	1
30	0.500000	2.960000	0.000000	-0.000000	0.000000	1
30	0.500000	2.980000	0.000000	-0.000000	0.000000	1
30	0.500000	3.000000	0.000000	-0.000000	0.000000	1
30	0.500000	3.020000	0.000000	-0.000000	0.000000	1
30	0.500000	3.040000	0.000000	-0.000000	0.000000	1
30	0.500000	3.060000	0.000000	-0.000000	0.000000	1
30	0.500000	3.080000	0.000000	-0.000000	0.000000	1
30	0.500000	3.100000	0.000000	-0.000000	0.000000	1
30	0.500000	3.120000	0.000000	-0.000000	0.000000	1
30	0.500000	3.140000	0.000000	-0.000000	0.000000	1
30	0.500000	3.160000	0.000000	-0.000000	0.000000	1
30	0.500000	3.180000	0.000000	-0.000000	0.000000	1
30	0.500000	3.200000	0.000000	-0.000000	0.000000	1
30	0.500000	3.220000	0.000000	-0.000000	0.000000	1
30	0.500000	3.240000	0.000000	-0.000000	0.000000	1
30	0.500000	3.260000	0.000000	-0.000000	0.000000	1
30	0.500000	3.280000	0.000000	-0.000000	0.000000	1
30	0.500000	3.300000	0.000000	-0.000000	0.000000	1
30	0.500000	3.320000	0.000000	-0.000000	0.000000	1
30	0.500000	3.340000	0.000000	-0.000000	0.000000	1
30	0.500000	3.360000	0.000000	-0.000000	0.000000	1
30	0.500000	3.380000	0.000000	-0.000000	0.000000	1
30	0.500000	3.400000	0.000000	-0.000000	0.000000	1
30	0.500000	3.420000	0.000000	-0.000000	0.000000	1
30	0.500000	3.440000	0.000000	-0.000000	0.000000	1
30	0.500000	3.460000	0.000000	-0.000000	0.000000	1
30	0.500000	3.480000	0.000000	-0.000000	0.000000	1
30	0.500000	3.500000	0.000000	-0.000000	0.000000	1
30	0.500000	3.520000	0.000000	-0.000000	0.000000	1
30	0.500000	3.540000	0.000000	-0.000000	0.000000	1
30	0.500000	3.560000	0.000000	-0.000000	0.000000	1
30	0.500000	3.580000	0.000000	-0.000000	0.000000	1
30	0.500000	3.600000	0.000000	-0.000000	0.000000	1
30	0.500000	3.620000	0.000000	-0.000000	0.000000	1
30	0.500000	3.640000	0.000000	-0.000000	0.000000	1
30	0.500000	3.660000	0.000000	-0.000000	0.000000	1
30	0.500000	3.680000	0.000000	-0.000000	0.000000	1
30	0.500000	3.700000	0.000000	-0.000000	0.000000	1
30	0.500000	3.720000	0.000000	-0.000000	0.000000	1
30	0.500000	3.740000	0.000000	-0.000000	0.000000	1
30	0.500000	3.760000	0.000000	-0.000000	0.000000	1
30	0.500000	3.780000	0.000000	-0.000000	0.000000	1
30	0.500000	3.800000	0.000000	-0.000000	0.000000	1
30	0.500000	3.820000	0.000000	-0.000000	0.000000	1
30	0.500000	3.840000	0.000000	-0.000000	0.000000	1
30	0.500000	3.860000	0.000000	-0.000000	0.000000	1
30	0.500000	3.880000	0.000000	-0.000000	0.000000	1
30	0.500000	3.900000	0.000000	-0.000000	0.000000	1
30	0.500000	3.920000	0.000000	-0.000000	0.000000	1
30	0.500000	3.940000	0.000000	-0.000000	0.000000	1
30	0.500000	3.960000	0.000000	-0.000000	0.000000	1
30	0.500000	3.980000	0.000000	-0.000000	0.000000	1
30	0.600000	0.000000	0.000000	-0.000000	0.000000	1
30	0.600000	0.020000	0.000000	-0.000000	0.000000	1
30	0.600000	0.040000	0.000000	-0.000000	0.000000	1
30	0.600000	0.060000	0.000000	-0.000000	0.000000	1
30	0.600000	0.080000	0.000000	-0.000000	0.000000	1
30	0.600000	0.100000	0.000000	-0.000000	0.000000	1
30	0.600000	0.120000	0.003292	-0.000000	0.000000	1
30	0.600000	0.140000	0.003311	-0.000000	0.000000	1
30	0.600000	0.160000	0.003328	-0.000000	0.000000	1
30	0.600000	0.180000	0.003342	-0.000000	0.000000	1
30	0.600000	0.200000	0.003353	-0.000000	0.000000	1
30	0.600000	0.220000	0.003360	-0.000000	0.000000	1
30	0.600000	0.240000	0.003364	-0.000000	0.000000	1
30	0.600000	0.260000	0.003304	-0.000000	0.000000	1
30	0.600000	0.280000	0.002516	-0.000000	0.000000	1
30	0.600000	0.300000	0.002479	-0.000000	0.000000	1
30	0.600000	0.320000	0.002454	-0.000000	0.000000	1
30	0.600000	0.340000	0.002338	-0.000000	0.000000	1
30	0.600000	0.360000	0.002305	-0.000000	0.000000	1
30	0.600000	0.380000	0.002358	-0.000000	0.000000	1
30	0.600000	0.400000	0.002527	-0.000000	0.000000	1
30	0.600000	0.420000	0.002999	-0.000000	0.000000	1
30	0.600000	0.440000	0.003263	-0.000000	0.000000	1
30	0.600000	0.460000	0.003309	-0.000000	0.000000	1
30	0.600000	0.480000	0.003113	-0.000000	0.000000	1
30	0.600000	0.500000	0.002863	-0.000000	0.000000	1
30	0.600000	0.520000	0.002835	-0.000000	0.000000	1
30	0.600000	0.540000	0.002800	-0.000000	0.000000	1
30	0.600000	0.560000	0.002771	-0.000000	0.000000	1
30	0.600000	0.580000	0.002870	-0.000000	0.000000	1
30	0.600000	0.600000	0.002894	-0.000000	0.000000	1
30	0.600000	0.620000	0.003024	-0.000000	0.000000	1
30	0.600000	0.640000	0.003243	-0.000000	0.000000	1
30	0.600000	0.660000	0.003274	-0.000000	0.000000	1
30	0.600000	0.680000	0.002947	-0.000000	0.000000	1
30	0.600000	0.700000	0.002875	-0.000000	0.000000	1
30	0.600000	0.720000	0.002885	-0.000000	0.000000	1
30	0.600000	0.740000	0.002923	-0.000000	0.000000	1
30	0.600000	0.760000	0.002910	-0.000000	0.000000	1
30	0.600000	0.780000	0.002898	-0.000000	0.000000	1
30	0.600000	0.800000	0.002902	-0.000000	0.000000	1
30	0.600000	0.820000	0.002929	-0.000000	0.000000	1
30	0.600000	0.840000	0.002916	-0.000000	0.000000	1
30	0.600000	0.860000	0.002894	-0.000000	0.000000	1
30	0.600000	0.880000	0.002904	-0.000000	0.000000	1
30	0.600000	0.900000	0.002901	-0.000000	0.000000	1
30	0.600000	0.920000	0.002881	-0.000000	0.000000	1
30	0.600000	0.940000	0.002839	-0.000000	0.000000	1
30	0.600000	0.960000	0.003403	-0.000000	0.000000	1
30	0.600000	0.980000	0.004091	-0.000000	0.000000	1
30	0.600000	1.000000	0.004173	-0.000000	0.000000	1
30	0.600000	1.020000	0.004024	-0.000000	0.000000	1
30	0.600000	1.040000	0.003397	-0.000000	0.000000	1
30	0.600000	1.060000	0.003010	-0.000000	0.000000	1
30	0.600000	1.080000	0.002934	-0.000000	0.000000	1
30	0.600000	1.100000	0.002897	-0.000000	0.000000	1
30	0.600000	1.120000	0.002899	-0.000000	0.000000	1
30	0.600000	1.140000	0.002951	-0.000000	0.000000	1
30	0.600000	1.160000	0.002985	-0.000000	0.000000	1
30	0.600000	1.180000	0.002977	-0.000000	0.000000	1
30	0.600000	1.200000	0.002962	-0.000000	0.000000	1
30	0.600000	1.220000	0.002990	-0.000000	0.000000	1
30	0.600000	1.240000	0.002990	-0.000000	0.000000	1
30	0.600000	1.260000	0.002992	-0.000000	0.000000	1
30	0.600000	1.280000	0.003019	-0.000000	0.000000	1
30	0.600000	1.300000	0.002967	-0.000000	0.000000	1
30	0.600000	1.320000	0.002921	-0.000000	0.000000	1
30	0.600000	1.340000	0.002899	-0.000000	0.000000	1
30	0.600000	1.360000	0.002943	-0.000000	0.000000	1
30	0.600000	1.380000	0.002993	-0.000000	0.000000	1
30	0.600000	1.400000	0.003033	-0.000000	0.000000	1
30	0.600000	1.420000	0.003117	-0.000000	0.000000	1
30	0.600000	1.440000	0.003268	-0.000000	0.000000	1
30	0.600000	1.460000	0.003192	-0.000000	0.000000	1
30	0.600000	1.480000	0.002979	-0.000000	0.000000	1
30	0.600000	1.500000	0.002979	-0.000000	0.000000	1
30	0.600000	1.520000	0.003016	-0.000000	0.000000	1
30	0.600000	1.540000	0.003024	-0.000000	0.000000	1
30	0.600000	1.560000	0.003027	-0.000000	0.000000	1
30	0.600000	1.580000	0.003096	-0.000000	0.000000	1
30	0.600000	1.600000	0.003460	-0.000000	0.000000	1
30	0.600000	1.620000	0.006568	-0.000000	0.000000	1
30	0.600000	1.640000	0.000000	-0.000000	0.000000	1
30	0.600000	1.660000	0.000000	-0.000000	0.000000	1
30	0.600000	1.680000	0.000000	-0.000000	0.000000	1
30	0.600000	1.700000	0.000000	-0.000000	0.000000	1
30	0.600000	1.720000	0.000000	-0.000000	0.000000	1
30	0.600000	1.740000	0.000000	-0.000000	0.000000	1
30	0.600000	1.760000	0.000000	-0.000000	0.000000	1
30	0.600000	1.780000	0.000000	-0.000000	0.000000	1
30	0.600000	1.800000	0.000000	-0.000000	0.000000	1
30	0.600000	1.820000	0.000000	-0.000000	0.000000	1
30	0.600000	1.840000	0.000000	-0.000000	0.000000	1
30	0.600000	1.860000	0.000000	-0.000000	0.000000	1
30	0.600000	1.880000	0.000000	-0.000000	0.000000	1
30	0.600000	1.900000	0.000000	-0.000000	0.000000	1
30	0.600000	1.920000	0.000000	-0.000000	0.000000	1
30	0.600000	1.940000	0.000000	-0.000000	0.000000	1
30	0.600000	1.960000	0.000000	-0.000000	0.000000	1
30	0.600000	1.980000	0.000000	-0.000000	0.000000	1
30	0.600000	2.000000	0.000000	-0.000000	0.000000	1
30	0.600000	2.020000	0.000000	-0.000000	0.000000	1
30	0.600000	2.040000	0.000000	-0.000000	0.000000	1
30	0.600000	2.060000	0.000000	-0.000000	0.000000	1
30	0.600000	2.080000	0.000000	-0.000000	0.000000	1
30	0.600000	2.100000	0.000000	-0.000000	0.000000	1
30	0.600000	2.120000	0.000000	-0.000000	0.000000	1
30	0.600000	2.140000	0.000000	-0.000000	0.000000	1
30	0.600000	2.160000	0.000000	-0.000000	0.000000	1
30	0.600000	2.180000	0.000000	-0.000000	0.000000	1
30	0.600000	2.200000	0.000000	-0.000000	0.000000	1
30	0.600000	2.220000	0.000000	-0.000000	0.000000	1
30	0.600000	2.240000	0.000000	-0.000000	0.000000	1
30	0.600000	2.260000	0.000000	-0.000000	0.000000	1
30	0.600000	2.280000	0.000000	-0.000000	0.000000	1
30	0.600000	2.300000	0.000000	-0.000000	0.000000	1
30	0.600000	2.320000	0.000000	-0.000000	0.000000	1
30	0.600000	2.340000	0.000000	-0.000000	0.000000	1
30	0.600000	2.360000	0.000000	-0.000000	0.000000	1
30	0.600000	2.380000	0.000000	-0.000000	0.000000	1
30	0.600000	2.400000	0.000000	-0.000000	0.000000	1
30	0.600000	2.420000	0.000000	-0.000000	0.000000	1
30	0.600000	2.440000	0.000000	-0.000000	0.000000	1
30	0.600000	2.460000	0.000000	-0.000000	0.000000	1
30	0.600000	2.480000	0.000000	-0.000000	0.000000	1
30	0.600000	2.500000	0.000000	-0.000000	0.000000	1
30	0.600000	2.520000	0.000000	-0.000000	0.000000	1
30	0.600000	2.540000	0.000000	-0.000000	0.000000	1
30	0.600000	2.560000	0.000000	-0.000000	0.000000	1
30	0.600000	2.580000	0.000000	-0.000000	0.000000	1
30	0.600000	2.600000	0.000000	-0.000000	0.000000	1
30	0.600000	2.620000	0.000000	-0.000000	0.000000	1
30	0.600000	2.640000	0.000000	-0.000000	0.000000	1
30	0.600000	2.660000	0.000000	-0.000000	0.000000	1
30	0.600000	2.680000	0.000000	-0.000000	0.000000	1
30	0.600000	2.700000	0.000000	-0.000000	0.000000	1
30	0.600000	2.720000	0.000000	-0.000000	0.000000	1
30	0.600000	2.740000	0.000000	-0.000000	0.000000	1
30	0.600000	2.760000	0.000000	-0.000000	0.000000	1
30	0.600000	2.780000	0.000000	-0.000000	0.000000	1
30	0.600000	2.800000	0.000000	-0.000000	0.000000	1
30	0.600000	2.820000	0.000000	-0.000000	0.000000	1
30	0.600000	2.840000	0.000000	-0.000000	0.000000	1
30	0.600000	2.860000	0.000000	-0.000000	0.000000	1
30	0.600000	2.880000	0.000000	-0.000000	0.000000	1
30	0.600000	2.900000	0.000000	-0.000000	0.000000	1
30	0.600000	2.920000	0.000000	-0.000000	0.000000	1
30	0.600000	2.940000	0.000000	-0.000000	0.000000	1
30	0.600000	2.960000	0.000000	-0.000000	0.000000	1
30	0.600000	2.980000	0.000000	-0.000000	0.000000	1
30	0.600000	3.000000	0.000000	-0.000000	0.000000	1
30	0.600000	3.020000	0.000000	-0.000000	0.000000	1
30	0.600000	3.040000	0.000000	-0.000000	0.000000	1
30	0.600000	3.060000	0.000000	-0.000000	0.000000	1
30	0.600000	3.080000	0.000000	-0.000000	0.000000	1
30	0.600000	3.100000	0.000000	-0.000000	0.000000	1
30	0.600000	3.120000	0.000000	-0.000000	0.000000	1
30	0.600000	3.140000	0.000000	-0.000000	0.000000	1
30	0.600000	3.160000	0.000000	-0.000000	0.000000	1
30	0.600000	3.180000	0.000000	-0.000000	0.000000	1
30	0.600000	3.200000	0.000000	-0.000000	0.000000	1
30	0.600000	3.220000	0.000000	-0.000000	0.000000	1
30	0.600000	3.240000	0.000000	-0.000000	0.000000	1
30	0.600000	3.260000	0.000000	-0.000000	0.000000	1
30	0.600000	3.280000	0.000000	-0.000000	0.000000	1
30	0.600000	3.300000	0.000000	-0.000000	0.000000	1
30	0.600000	3.320000	0.000000	-0.000000	0.000000	1
30	0.600000	3.340000	0.000000	-0.000000	0.000000	1
30	0.600000	3.360000	0.000000	-0.000000	0.000000	1
30	0.600000	3.380000	0.000000	-0.000000	0.000000	1
30	0.600000	3.400000	0.000000	-0.000000	0.000000	1
30	0.600000	3.420000	0.000000	-0.000000	0.000000	1
30	0.600000	3.440000	0.000000	-0.000000	0.000000	1
30	0.600000	3.460000	0.000000	-0.000000	0.000000	1
30	0.600000	3.480000	0.000000	-0.000000	0.000000	1
30	0.600000	3.500000	0.000000	-0.000000	0.000000	1
30	0.600000	3.520000	0.000000	-0.000000	0.000000	1
30	0.600000	3.540000	0.000000	-0.000000	0.000000	1
30	0.600000	3.560000	0.000000	-0.000000	0.000000	1
30	0.600000	3.580000	0.000000	-0.000000	0.000000	1
30	0.600000	3.600000	0.000000	-0.000000	0.000000	1
30	0.600000	3.620000	0.000000	-0.000000	0.000000	1
30	0.600000	3.640000	0.000000	-0.000000	0.000000	1
30	0.600000	3.660000	0.000000	-0.000000	0.000000	1
30	0.600000	3.680000	0.000000	-0.000000	0.000000	1
30	0.600000	3.700000	0.000000	-0.000000	0.000000	1
30	0.600000	3.720000	0.000000	-0.000000	0.000000	1
30	0.600000	3.740000	0.000000	-0.000000	0.000000	1
30	0.600000	3.760000	0.000000	-0.000000	0.000000	1
30	0.600000	3.780000	0.000000	-0.000000	0.000000	1
30	0.600000	3.800000	0.000000	-0.000000	0.000000	1
30	0.600000	3.820000	0.000000	-0.000000	0.000000	1
30	0.600000	3.840000	0.000000	-0.000000	0.000000	1
30	0.600000	3.860000	0.000000	-0.000000	0.000000	1
30	0.600000	3.880000	0.000000	-0.000000	0.000000	1
30	0.600000	3.900000	0.000000	-0.000000	0.000000	1
30	0.600000	3.920000	0.000000	-0.000000	0.000000	1
30	0.600000	3.940000	0.000000	-0.000000	0.000000	1
30	0.600000	3.960000	0.000000	-0.000000	0.000000	1
30	0.600000	3.980000	0.000000	-0.000000	0.000000	1
30	0.700000	0.000000	0.000000	-0.000000	0.000000	1
30	0.700000	0.020000	0.000000	-0.000000	0.000000	1
30	0.700000	0.040000	0.000000	-0.000000	0.000000	1
30	0.700000	0.060000	0.000000	-0.000000	0.000000	1
30	0.700000	0.080000	0.000000	-0.000000	0.000000	1
30	0.700000	0.100000	0.000000	-0.000000	0.000000	1
30	0.700000	0.120000	0.003275	-0.000000	0.000000	1
30	0.700000	0.140000	0.003302	-0.000000	0.000000	1
30	0.700000	0.160000	0.003325	-0.000000	0.000000	1
30	0.700000	0.180000	0.003344	-0.000000	0.000000	1
30	0.700000	0.200000	0.003358	-0.000000	0.000000	1
30	0.700000	0.220000	0.003367	-0.000000	0.000000	1
30	0.700000	0.240000	0.003372	-0.000000	0.000000	1
30	0.700000	0.260000	0.003309	-0.000000	0.000000	1
30	0.700000	0.280000	0.002501	-0.000000	0.000000	1
30	0.700000	0.300000	0.002463	-0.000000	0.000000	1
30	0.700000	0.320000	0.002438	-0.000000	0.000000	1
30	0.700000	0.340000	0.002330	-0.000000	0.000000	1
30	0.700000	0.360000	0.002307	-0.000000	0.000000	1
30	0.700000	0.380000	0.002368	-0.000000	0.000000	1
30	0.700000	0.400000	0.002538	-0.000000	0.000000	1
30	0.700000	0.420000	0.003008	-0.000000	0.000000	1
30	0.700000	0.440000	0.003272	-0.000000	0.000000	1
30	0.700000	0.460000	0.003319	-0.000000	0.000000	1
30	0.700000	0.480000	0.003119	-0.000000	0.000000	1
30	0.700000	0.500000	0.002870	-0.000000	0.000000	1
30	0.700000	0.520000	0.002840	-0.000000	0.000000	1
30	0.700000	0.540000	0.002804	-0.000000	0.000000	1
30	0.700000	0.560000	0.002777	-0.000000	0.000000	1
30	0.700000	0.580000	0.002887	-0.000000	0.000000	1
30	0.700000	0.600000	0.002898	-0.000000	0.000000	1
30	0.700000	0.620000	0.003021	-0.000000	0.000000	1
30	0.700000	0.640000	0.003236	-0.000000	0.000000	1
30	0.700000	0.660000	0.003264	-0.000000	0.000000	1
30	0.700000	0.680000	0.002943	-0.000000	0.000000	1
30	0.700000	0.700000	0.002874	-0.000000	0.000000	1
30	0.700000	0.720000	0.002902	-0.000000	0.000000	1
30	0.700000	0.740000	0.002989	-0.000000	0.000000	1
30	0.700000	0.760000	0.002938	-0.000000	0.000000	1
30	0.700000	0.780000	0.002904	-0.000000	0.000000	1
30	0.700000	0.800000	0.002902	-0.000000	0.000000	1
30	0.700000	0.820000	0.002931	-0.000000	0.000000	1
30	0.700000	0.840000	0.002923	-0.000000	0.000000	1
30	0.700000	0.860000	0.002901	-0.000000	0.000000	1
30	0.700000	0.880000	0.002905	-0.000000	0.000000	1
30	0.700000	0.900000	0.002904	-0.000000	0.000000	1
30	0.700000	0.920000	0.002884	-0.000000	0.000000	1
30	0.700000	0.940000	0.002832	-0.000000	0.000000	1
30	0.700000	0.960000	0.003357	-0.000000	0.000000	1
30	0.700000	0.980000	0.004018	-0.000000	0.000000	1
30	0.700000	1.000000	0.004099	-0.000000	0.000000	1
30	0.700000	1.020000	0.003985	-0.000000	0.000000	1
30	0.700000	1.040000	0.003426	-0.000000	0.000000	1
30	0.700000	1.060000	0.003024	-0.000000	0.000000	1
30	0.700000	1.080000	0.002934	-0.000000	0.000000	1
30	0.700000	1.100000	0.002895	-0.000000	0.000000	1
30	0.700000	1.120000	0.002903	-0.000000	0.000000	1
30	0.700000	1.140000	0.002955	-0.000000	0.000000	1
30	0.700000	1.160000	0.003005	-0.000000	0.000000	1
30	0.700000	1.180000	0.003018	-0.000000	0.000000	1
30	0.700000	1.200000	0.002993	-0.000000	0.000000	1
30	0.700000	1.220000	0.003006	-0.000000	0.000000	1
30	0.700000	1.240000	0.003002	-0.000000	0.000000	1
30	0.700000	1.260000	0.002995	-0.000000	0.000000	1
30	0.700000	1.280000	0.003022	-0.000000	0.000000	1
30	0.700000	1.300000	0.002977	-0.000000	0.000000	1
30	0.700000	1.320000	0.002933	-0.000000	0.000000	1
30	0.700000	1.340000	0.002912	-0.000000	0.000000	1
30	0.700000	1.360000	0.002956	-0.000000	0.000000	1
30	0.700000	1.380000	0.003008	-0.000000	0.000000	1
30	0.700000	1.400000	0.003047	-0.000000	0.000000	1
30	0.700000	1.420000	0.003137	-0.000000	0.000000	1
30	0.700000	1.440000	0.003298	-0.000000	0.000000	1
30	0.700000	1.460000	0.003214	-0.000000	0.000000	1
30	0.700000	1.480000	0.002987	-0.000000	0.000000	1
30	0.700000	1.500000	0.002989	-0.000000	0.000000	1
30	0.700000	1.520000	0.003026	-0.000000	0.000000	1
30	0.700000	1.540000	0.003033	-0.000000	0.000000	1
30	0.700000	1.560000	0.003038	-0.000000	0.000000	1
30	0.700000	1.580000	0.003096	-0.000000	0.000000	1
30	0.700000	1.600000	0.003329	-0.000000	0.000000	1
30	0.700000	1.620000	0.005888	-0.000000	0.000000	1
30	0.700000	1.640000	0.027517	-0.000000	0.000000	1
30	0.700000	1.660000	0.000000	-0.000000	0.000000	1
30	0.700000	1.680000	0.000000	-0.000000	0.000000	1
30	0.700000	1.700000	0.000000	-0.000000	0.000000	1
30	0.700000	1.720000	0.000000	-0.000000	0.000000	1
30	0.700000	1.740000	0.000000	-0.000000	0.000000	1
30	0.700000	1.760000	0.000000	-0.000000	0.000000	1
30	0.700000	1.780000	0.000000	-0.000000	0.000000	1
30	0.700000	1.800000	0.000000	-0.000000	0.000000	1
30	0.700000	1.820000	0.000000	-0.000000	0.000000	1
30	0.700000	1.840000	0.000000	-0.000000	0.000000	1
30	0.700000	1.860000	0.000000	-0.000000	0.000000	1
30	0.700000	1.880000	0.000000	-0.000000	0.000000	1
30	0.700000	1.900000	0.000000	-0.000000	0.000000	1
30	0.700000	1.920000	0.000000	-0.000000	0.000000	1
30	0.700000	1.940000	0.000000	-0.000000	0.000000	1
30	0.700000	1.960000	0.000000	-0.000000	0.000000	1
30	0.700000	1.980000	0.000000	-0.000000	0.000000	1
30	0.700000	2.000000	0.000000	-0.000000	0.000000	1
30	0.700000	2.020000	0.000000	-0.000000	0.000000	1
30	0.700000	2.040000	0.000000	-0.000000	0.000000	1
30	0.700000	2.060000	0.000000	-0.000000	0.000000	1
30	0.700000	2.080000	0.000000	-0.000000	0.000000	1
30	0.700000	2.100000	0.000000	-0.000000	0.000000	1
30	0.700000	2.120000	0.000000	-0.000000	0.000000	1
30	0.700000	2.140000	0.000000	-0.000000	0.000000	1
30	0.700000	2.160000	0.000000	-0.000000	0.000000	1
30	0.700000	2.180000	0.000000	-0.000000	0.000000	1
30	0.700000	2.200000	0.000000	-0.000000	0.000000	1
30	0.700000	2.220000	0.000000	-0.000000	0.000000	1
30	0.700000	2.240000	0.000000	-0.000000	0.000000	1
30	0.700000	2.260000	0.000000	-0.000000	0.000000	1
30	0.700000	2.280000	0.000000	-0.000000	0.000000	1
30	0.700000	2.300000	0.000000	-0.000000	0.000000	1
30	0.700000	2.320000	0.000000	-0.000000	0.000000	1
30	0.700000	2.340000	0.000000	-0.000000	0.000000	1
30	0.700000	2.360000	0.000000	-0.000000	0.000000	1
30	0.700000	2.380000	0.000000	-0.000000	0.000000	1
30	0.700000	2.400000	0.000000	-0.000000	0.000000	1
30	0.700000	2.420000	0.000000	-0.000000	0.000000	1
30	0.700000	2.440000	0.000000	-0.000000	0.000000	1
30	0.700000	2.460000	0.000000	-0.000000	0.000000	1
30	0.700000	2.480000	0.000000	-0.000000	0.000000	1
30	0.700000	2.500000	0.000000	-0.000000	0.000000	1
30	0.700000	2.520000	0.000000	-0.000000	0.000000	1
30	0.700000	2.540000	0.000000	-0.000000	0.000000	1
30	0.700000	2.560000	0.000000	-0.000000	0.000000	1
30	0.700000	2.580000	0.000000	-0.000000	0.000000	1
30	0.700000	2.600000	0.000000	-0.000000	0.000000	1
30	0.700000	2.620000	0.000000	-0.000000	0.000000	1
30	0.700000	2.640000	0.000000	-0.000000	0.000000	1
30	0.700000	2.660000	0.000000	-0.000000	0.000000	1
30	0.700000	2.680000	0.000000	-0.000000	0.000000	1
30	0.700000	2.700000	0.000000	-0.000000	0.000000	1
30	0.700000	2.720000	0.000000	-0.000000	0.000000	1
30	0.700000	2.740000	0.000000	-0.000000	0.000000	1
30	0.700000	2.760000	0.000000	-0.000000	0.000000	1
30	0.700000	2.780000	0.000000	-0.000000	0.000000	1
30	0.700000	2.800000	0.000000	-0.000000	0.000000	1
30	0.700000	2.820000	0.000000	-0.000000	0.000000	1
30	0.700000	2.840000	0.000000	-0.000000	0.000000	1
30	0.700000	2.860000	0.000000	-0.000000	0.000000	1
30	0.700000	2.880000	0.000000	-0.000000	0.000000	1
30	0.700000	2.900000	0.000000	-0.000000	0.000000	1
30	0.700000	2.920000	0.000000	-0.000000	0.000000	1
30	0.700000	2.940000	0.000000	-0.000000	0.000000	1
30	0.700000	2.960000	0.000000	-0.000000	0.000000	1
30	0.700000	2.980000	0.000000	-0.000000	0.000000	1
30	0.700000	3.000000	0.000000	-0.000000	0.000000	1
30	0.700000	3.020000	0.000000	-0.000000	0.000000	1
30	0.700000	3.040000	0.000000	-0.000000	0.000000	1
30	0.700000	3.060000	0.000000	-0.000000	0.000000	1
30	0.700000	3.080000	0.000000	-0.000000	0.000000	1
30	0.700000	3.100000	0.000000	-0.000000	0.000000	1
30	0.700000	3.120000	0.000000	-0.000000	0.000000	1
30	0.700000	3.140000	0.000000	-0.000000	0.000000	1
30	0.700000	3.160000	0.000000	-0.000000	0.000000	1
30	0.700000	3.180000	0.000000	-0.000000	0.000000	1
30	0.700000	3.200000	0.000000	-0.000000	0.000000	1
30	0.700000	3.220000	0.000000	-0.000000	0.000000	1
30	0.700000	3.240000	0.000000	-0.000000	0.000000	1
30	0.700000	3.260000	0.000000	-0.000000	0.000000	1
30	0.700000	3.280000	0.000000	-0.000000	0.000000	1
30	0.700000	3.300000	0.000000	-0.000000	0.000000	1
30	0.700000	3.320000	0.000000	-0.000000	0.000000	1
30	0.700000	3.340000	0.000000	-0.000000	0.000000	1
30	0.700000	3.360000	0.000000	-0.000000	0.000000	1
30	0.700000	3.380000	0.000000	-0.000000	0.000000	1
30	0.700000	3.400000	0.000000	-0.000000	0.000000	1
30	0.700000	3.420000	0.000000	-0.000000	0.000000	1
30	0.700000	3.440000	0.000000	-0.000000	0.000000	1
30	0.700000	3.460000	0.000000	-0.000000	0.000000	1
30	0.700000	3.480000	0.000000	-0.000000	0.000000	1
30	0.700000	3.500000	0.000000	-0.000000	0.000000	1
30	0.700000	3.520000	0.000000	-0.000000	0.000000	1
30	0.700000	3.540000	0.000000	-0.000000	0.000000	1
30	0.700000	3.560000	0.000000	-0.000000	0.000000	1
30	0.700000	3.580000	0.000000	-0.000000	0.000000	1
30	0.700000	3.600000	0.000000	-0.000000	0.000000	1
30	0.700000	3.620000	0.000000	-0.000000	0.000000	1
30	0.700000	3.640000	0.000000	-0.000000	0.000000	1
30	0.700000	3.660000	0.000000	-0.000000	0.000000	1
30	0.700000	3.680000	0.000000	-0.000000	0.000000	1
30	0.700000	3.700000	0.000000	-0.000000	0.000000	1
30	0.700000	3.720000	0.000000	-0.000000	0.000000	1
30	0.700000	3.740000	0.000000	-0.000000	0.000000	1
30	0.700000	3.760000	0.000000	-0.000000	0.000000	1
30	0.700000	3.780000	0.000000	-0.000000	0.000000	1
30	0.700000	3.800000	0.000000	-0.000000	0.000000	1
30	0.700000	3.820000	0.000000	-0.000000	0.000000	1
30	0.700000	3.840000	0.000000	-0.000000	0.000000	1
30	0.700000	3.860000	0.000000	-0.000000	0.000000	1
30	0.700000	3.880000	0.000000	-0.000000	0.000000	1
30	0.700000	3.900000	0.000000	-0.000000	0.000000	1
30	0.700000	3.920000	0.000000	-0.000000	0.000000	1
30	0.700000	3.940000	0.000000	-0.000000	0.000000	1
30	0.700000	3.960000	0.000000	-0.000000	0.000000	1
30	0.700000	3.980000	0.000000	-0.000000	0.000000	1
30	0.800000	0.000000	0.000000	-0.000000	0.000000	1
30	0.800000	0.020000	0.000000	-0.000000	0.000000	1
30	0.800000	0.040000	0.000000	-0.000000	0.000000	1
30	0.800000	0.060000	0.000000	-0.000000	0.000000	1
30	0.800000	0.080000	0.000000	-0.000000	0.000000	1
30	0.800000	0.100000	0.000000	-0.000000	0.000000	1
30	0.800000	0.120000	0.003253	-0.000000	0.000000	1
30	0.800000	0.140000	0.003288	-0.000000	0.000000	1
30	0.800000	0.160000	0.003318	-0.000000	0.000000	1
30	0.800000	0.180000	0.003343	-0.000000	0.000000	1
30	0.800000	0.200000	0.003361	-0.000000	0.000000	1
30	0.800000	0.220000	0.003373	-0.000000	0.000000	1
30	0.800000	0.240000	0.003378	-0.000000	0.000000	1
30	0.800000	0.260000	0.003313	-0.000000	0.000000	1
30	0.800000	0.280000	0.002489	-0.000000	0.000000	1
30	0.800000	0.300000	0.002450	-0.000000	0.000000	1
30	0.800000	0.320000	0.002425	-0.000000	0.000000	1
30	0.800000	0.340000	0.002325	-0.000000	0.000000	1
30	0.800000	0.360000	0.002311	-0.000000	0.000000	1
30	0.800000	0.380000	0.002380	-0.000000	0.000000	1
30	0.800000	0.400000	0.002550	-0.000000	0.000000	1
30	0.800000	0.420000	0.003017	-0.000000	0.000000	1
30	0.800000	0.440000	0.003281	-0.000000	0.000000	1
30	0.800000	0.460000	0.003328	-0.000000	0.000000	1
30	0.800000	0.480000	0.003117	-0.000000	0.000000	1
30	0.800000	0.500000	0.002859	-0.000000	0.000000	1
30	0.800000	0.520000	0.002825	-0.000000	0.000000	1
30	0.800000	0.540000	0.002789	-0.000000	0.000000	1
30	0.800000	0.560000	0.002773	-0.000000	0.000000	1
30	0.800000	0.580000	0.002912	-0.000000	0.000000	1
30	0.800000	0.600000	0.002905	-0.000000	0.000000	1
30	0.800000	0.620000	0.003018	-0.000000	0.000000	1
30	0.800000	0.640000	0.003225	-0.000000	0.000000	1
30	0.800000	0.660000	0.003250	-0.000000	0.000000	1
30	0.800000	0.680000	0.002940	-0.000000	0.000000	1
30	0.800000	0.700000	0.002875	-0.000000	0.000000	1
30	0.800000	0.720000	0.002939	-0.000000	0.000000	1
30	0.800000	0.740000	0.003079	-0.000000	0.000000	1
30	0.800000	0.760000	0.002962	-0.000000	0.000000	1
30	0.800000	0.780000	0.002903	-0.000000	0.000000	1
30	0.800000	0.800000	0.002895	-0.000000	0.000000	1
30	0.800000	0.820000	0.002932	-0.000000	0.000000	1
30	0.800000	0.840000	0.002930	-0.000000	0.000000	1
30	0.800000	0.860000	0.002906	-0.000000	0.000000	1
30	0.800000	0.880000	0.002907	-0.000000	0.000000	1
30	0.800000	0.900000	0.002908	-0.000000	0.000000	1
30	0.800000	0.920000	0.002882	-0.000000	0.000000	1
30	0.800000	0.940000	0.002819	-0.000000	0.000000	1
30	0.800000	0.960000	0.003352	-0.000000	0.000000	1
30	0.800000	0.980000	0.004011	-0.000000	0.000000	1
30	0.800000	1.000000	0.004085	-0.000000	0.000000	1
30	0.800000	1.020000	0.003982	-0.000000	0.000000	1
30	0.800000	1.040000	0.003462	-0.000000	0.000000	1
30	0.800000	1.060000	0.003041	-0.000000	0.000000	1
30	0.800000	1.080000	0.002932	-0.000000	0.000000	1
30	0.800000	1.100000	0.002893	-0.000000	0.000000	1
30	0.800000	1.120000	0.002904	-0.000000	0.000000	1
30	0.800000	1.140000	0.002956	-0.000000	0.000000	1
30	0.800000	1.160000	0.003018	-0.000000	0.000000	1
30	0.800000	1.180000	0.003053	-0.000000	0.000000	1
30	0.800000	1.200000	0.003025	-0.000000	0.000000	1
30	0.800000	1.220000	0.003019	-0.000000	0.000000	1
30	0.800000	1.240000	0.003008	-0.000000	0.000000	1
30	0.800000	1.260000	0.002992	-0.000000	0.000000	1
30	0.800000	1.280000	0.003014	-0.000000	0.000000	1
30	0.800000	1.300000	0.002977	-0.000000	0.000000	1
30	0.800000	1.320000	0.002940	-0.000000	0.000000	1
30	0.800000	1.340000	0.002926	-0.000000	0.000000	1
30	0.800000	1.360000	0.002972	-0.000000	0.000000	1
30	0.800000	1.380000	0.003025	-0.000000	0.000000	1
30	0.800000	1.400000	0.003065	-0.000000	0.000000	1
30	0.800000	1.420000	0.003172	-0.000000	0.000000	1
30	0.800000	1.440000	0.003346	-0.000000	0.000000	1
30	0.800000	1.460000	0.003243	-0.000000	0.000000	1
30	0.800000	1.480000	0.003001	-0.000000	0.000000	1
30	0.800000	1.500000	0.003019	-0.000000	0.000000	1
30	0.800000	1.520000	0.003056	-0.000000	0.000000	1
30	0.800000	1.540000	0.003046	-0.000000	0.000000	1
30	0.800000	1.560000	0.003046	-0.000000	0.000000	1
30	0.800000	1.580000	0.003107	-0.000000	0.000000	1
30	0.800000	1.600000	0.003263	-0.000000	0.000000	1
30	0.800000	1.620000	0.005086	-0.000000	0.000000	1
30	0.800000	1.640000	0.025737	-0.000000	0.000000	1
30	0.800000	1.660000	0.051258	-0.000000	0.000000	1
30	0.800000	1.680000	0.000000	-0.000000	0.000000	1
30	0.800000	1.700000	0.000000	-0.000000	0.000000	1
30	0.800000	1.720000	0.000000	-0.000000	0.000000	1
30	0.800000	1.740000	0.000000	-0.000000	0.000000	1
30	0.800000	1.760000	0.000000	-0.000000	0.000000	1
30	0.800000	1.780000	0.000000	-0.000000	0.000000	1
30	0.800000	1.800000	0.000000	-0.000000	0.000000	1
30	0.800000	1.820000	0.000000	-0.000000	0.000000	1
30	0.800000	1.840000	0.000000	-0.000000	0.000000	1
30	0.800000	1.860000	0.000000	-0.000000	0.000000	1
30	0.800000	1.880000	0.000000	-0.000000	0.000000	1
30	0.800000	1.900000	0.000000	-0.000000	0.000000	1
30	0.800000	1.920000	0.000000	-0.000000	0.000000	1
30	0.800000	1.940000	0.000000	-0.000000	0.000000	1
30	0.800000	1.960000	0.000000	-0.000000	0.000000	1
30	0.800000	1.980000	0.000000	-0.000000	0.000000	1
30	0.800000	2.000000	0.000000	-0.000000	0.000000	1
30	0.800000	2.020000	0.000000	-0.000000	0.000000	1
30	0.800000	2.040000	0.000000	-0.000000	0.000000	1
30	0.800000	2.060000	0.000000	-0.000000	0.000000	1
30	0.800000	2.080000	0.000000	-0.000000	0.000000	1
30	0.800000	2.100000	0.000000	-0.000000	0.000000	1
30	0.800000	2.120000	0.000000	-0.000000	0.000000	1
30	0.800000	2.140000	0.000000	-0.000000	0.000000	1
30	0.800000	2.160000	0.000000	-0.000000	0.000000	1
30	0.800000	2.180000	0.000000	-0.000000	0.000000	1
30	0.800000	2.200000	0.000000	-0.000000	0.000000	1
30	0.800000	2.220000	0.000000	-0.000000	0.000000	1
30	0.800000	2.240000	0.000000	-0.000000	0.000000	1
30	0.800000	2.260000	0.000000	-0.000000	0.000000	1
30	0.800000	2.280000	0.000000	-0.000000	0.000000	1
30	0.800000	2.300000	0.000000	-0.000000	0.000000	1
30	0.800000	2.320000	0.000000	-0.000000	0.000000	1
30	0.800000	2.340000	0.000000	-0.000000	0.000000	1
30	0.800000	2.360000	0.000000	-0.000000	0.000000	1
30	0.800000	2.380000	0.000000	-0.000000	0.000000	1
30	0.800000	2.400000	0.000000	-0.000000	0.000000	1
30	0.800000	2.420000	0.000000	-0.000000	0.000000	1
30	0.800000	2.440000	0.000000	-0.000000	0.000000	1
30	0.800000	2.460000	0.000000	-0.000000	0.000000	1
30	0.800000	2.480000	0.000000	-0.000000	0.000000	1
30	0.800000	2.500000	0.000000	-0.000000	0.000000	1
30	0.800000	2.520000	0.000000	-0.000000	0.000000	1
30	0.800000	2.540000	0.000000	-0.000000	0.000000	1
30	0.800000	2.560000	0.000000	-0.000000	0.000000	1
30	0.800000	2.580000	0.000000	-0.000000	0.000000	1
30	0.800000	2.600000	0.000000	-0.000000	0.000000	1
30	0.800000	2.620000	0.000000	-0.000000	0.000000	1
30	0.800000	2.640000	0.000000	-0.000000	0.000000	1
30	0.800000	2.660000	0.000000	-0.000000	0.000000	1
30	0.800000	2.680000	0.000000	-0.000000	0.000000	1
30	0.800000	2.700000	0.000000	-0.000000	0.000000	1
30	0.800000	2.720000	0.000000	-0.000000	0.000000	1
30	0.800000	2.740000	0.000000	-0.000000	0.000000	1
30	0.800000	2.760000	0.000000	-0.000000	0.000000	1
30	0.800000	2.780000	0.000000	-0.000000	0.000000	1
30	0.800000	2.800000	0.000000	-0.000000	0.000000	1
30	0.800000	2.820000	0.000000	-0.000000	0.000000	1
30	0.800000	2.840000	0.000000	-0.000000	0.000000	1
30	0.800000	2.860000	0.000000	-0.000000	0.000000	1
30	0.800000	2.880000	0.000000	-0.000000	0.000000	1
30	0.800000	2.900000	0.000000	-0.000000	0.000000	1
30	0.800000	2.920000	0.000000	-0.000000	0.000000	1
30	0.800000	2.940000	0.000000	-0.000000	0.000000	1
30	0.800000	2.960000	0.000000	-0.000000	0.000000	1
30	0.800000	2.980000	0.000000	-0.000000	0.000000	1
30	0.800000	3.000000	0.000000	-0.000000	0.000000	1
30	0.800000	3.020000	0.000000	-0.000000	0.000000	1
30	0.800000	3.040000	0.000000	-0.000000	0.000000	1
30	0.800000	3.060000	0.000000	-0.000000	0.000000	1
30	0.800000	3.080000	0.000000	-0.000000	0.000000	1
30	0.800000	3.100000	0.000000	-0.000000	0.000000	1
30	0.800000	3.120000	0.000000	-0.000000	0.000000	1
30	0.800000	3.140000	0.000000	-0.000000	0.000000	1
30	0.800000	3.160000	0.000000	-0.000000	0.000000	1
30	0.800000	3.180000	0.000000	-0.000000	0.000000	1
30	0.800000	3.200000	0.000000	-0.000000	0.000000	1
30	0.800000	3.220000	0.000000	-0.000000	0.000000	1
30	0.800000	3.240000	0.000000	-0.000000	0.000000	1
30	0.800000	3.260000	0.000000	-0.000000	0.000000	1
30	0.800000	3.280000	0.000000	-0.000000	0.000000	1
30	0.800000	3.300000	0.000000	-0.000000	0.000000	1
30	0.800000	3.320000	0.000000	-0.000000	0.000000	1
30	0.800000	3.340000	0.000000	-0.000000	0.000000	1
30	0.800000	3.360000	0.000000	-0.000000	0.000000	1
30	0.800000	3.380000	0.000000	-0.000000	0.000000	1
30	0.800000	3.400000	0.000000	-0.000000	0.000000	1
30	0.800000	3.420000	0.000000	-0.000000	0.000000	1
30	0.800000	3.440000	0.000000	-0.000000	0.000000	1
30	0.800000	3.460000	0.000000	-0.000000	0.000000	1
30	0.800000	3.480000	0.000000	-0.000000	0.000000	1
30	0.800000	3.500000	0.000000	-0.000000	0.000000	1
30	0.800000	3.520000	0.000000	-0.000000	0.000000	1
30	0.800000	3.540000	0.000000	-0.000000	0.000000	1
30	0.800000	3.560000	0.000000	-0.000000	0.000000	1
30	0.800000	3.580000	0.000000	-0.000000	0.000000	1
30	0.800000	3.600000	0.000000	-0.000000	0.000000	1
30	0.800000	3.620000	0.000000	-0.000000	0.000000	1
30	0.800000	3.640000	0.000000	-0.000000	0.000000	1
30	0.800000	3.660000	0.000000	-0.000000	0.000000	1
30	0.800000	3.680000	0.000000	-0.000000	0.000000	1
30	0.800000	3.700000	0.000000	-0.000000	0.000000	1
30	0.800000	3.720000	0.000000	-0.000000	0.000000	1
30	0.800000	3.740000	0.000000	-0.000000	0.000000	1
30	0.800000	3.760000	0.000000	-0.000000	0.000000	1
30	0.800000	3.780000	0.000000	-0.000000	0.000000	1
30	0.800000	3.800000	0.000000	-0.000000	0.000000	1
30	0.800000	3.820000	0.000000	-0.000000	0.000000	1
30	0.800000	3.840000	0.000000	-0.000000	0.000000	1
30	0.800000	3.860000	0.000000	-0.000000	0.000000	1
30	0.800000	3.880000	0.000000	-0.000000	0.000000	1
30	0.800000	3.900000	0.000000	-0.000000	0.000000	1
30	0.800000	3.920000	0.000000	-0.000000	0.000000	1
30	0.800000	3.940000	0.000000	-0.000000	0.000000	1
30	0.800000	3.960000	0.000000	-0.000000	0.000000	1
30	0.800000	3.980000	0.000000	-0.000000	0.000000	1
30	0.900000	0.000000	0.000000	-0.000000	0.000000	1
30	0.900000	0.020000	0.000000	-0.000000	0.000000	1
30	0.900000	0.040000	0.000000	-0.000000	0.000000	1
30	0.900000	0.060000	0.000000	-0.000000	0.000000	1
30	0.900000	0.080000	0.000000	-0.000000	0.000000	1
30	0.900000	0.100000	0.000000	-0.000000	0.000000	1
30	0.900000	0.120000	0.003227	-0.000000	0.000000	1
30	0.900000	0.140000	0.003271	-0.000000	0.000000	1
30	0.900000	0.160000	0.003308	-0.000000	0.000000	1
30	0.900000	0.180000	0.003339	-0.000000	0.000000	1
30	0.900000	0.200000	0.003362	-0.000000	0.000000	1
30	0.900000	0.220000	0.003376	-0.000000	0.000000	1
30	0.900000	0.240000	0.003382	-0.000000	0.000000	1
30	0.900000	0.260000	0.003314	-0.000000	0.000000	1
30	0.900000	0.280000	0.002481	-0.000000	0.000000	1
30	0.900000	0.300000	0.002441	-0.000000	0.000000	1
30	0.900000	0.320000	0.002416	-0.000000	0.000000	1
30	0.900000	0.340000	0.002323	-0.000000	0.000000	1
30	0.900000	0.360000	0.002317	-0.000000	0.000000	1
30	0.900000	0.380000	0.002395	-0.000000	0.000000	1
30	0.900000	0.400000	0.002565	-0.000000	0.000000	1
30	0.900000	0.420000	0.003027	-0.000000	0.000000	1
30	0.900000	0.440000	0.003290	-0.000000	0.000000	1
30	0.900000	0.460000	0.003337	-0.000000	0.000000	1
30	0.900000	0.480000	0.003130	-0.000000	0.000000	1
30	0.900000	0.500000	0.002875	-0.000000	0.000000	1
30	0.900000	0.520000	0.002832	-0.000000	0.000000	1
30	0.900000	0.540000	0.002792	-0.000000	0.000000	1
30	0.900000	0.560000	0.002787	-0.000000	0.000000	1
30	0.900000	0.580000	0.002951	-0.000000	0.000000	1
30	0.900000	0.600000	0.002915	-0.000000	0.000000	1
30	0.900000	0.620000	0.003014	-0.000000	0.000000	1
30	0.900000	0.640000	0.003211	-0.000000	0.000000	1
30	0.900000	0.660000	0.003234	-0.000000	0.000000	1
30	0.900000	0.680000	0.002938	-0.000000	0.000000	1
30	0.900000	0.700000	0.002880	-0.000000	0.000000	1
30	0.900000	0.720000	0.002996	-0.000000	0.000000	1
30	0.900000	0.740000	0.003154	-0.000000	0.000000	1
30	0.900000	0.760000	0.002971	-0.000000	0.000000	1
30	0.900000	0.780000	0.002905	-0.000000	0.000000	1
30	0.900000	0.800000	0.002899	-0.000000	0.000000	1
30	0.900000	0.820000	0.002938	-0.000000	0.000000	1
30	0.900000	0.840000	0.002938	-0.000000	0.000000	1
30	0.900000	0.860000	0.002913	-0.000000	0.000000	1
30	0.900000	0.880000	0.002911	-0.000000	0.000000	1
30	0.900000	0.900000	0.002914	-0.000000	0.000000	1
30	0.900000	0.920000	0.002876	-0.000000	0.000000	1
30	0.900000	0.940000	0.002807	-0.000000	0.000000	1
30	0.900000	0.960000	0.003367	-0.000000	0.000000	1
30	0.900000	0.980000	0.004029	-0.000000	0.000000	1
30	0.900000	1.000000	0.004094	-0.000000	0.000000	1
30	0.900000	1.020000	0.003980	-0.000000	0.000000	1
30	0.900000	1.040000	0.003483	-0.000000	0.000000	1
30	0.900000	1.060000	0.003055	-0.000000	0.000000	1
30	0.900000	1.080000	0.002928	-0.000000	0.000000	1
30	0.900000	1.100000	0.002892	-0.000000	0.000000	1
30	0.900000	1.120000	0.002907	-0.000000	0.000000	1
30	0.900000	1.140000	0.002955	-0.000000	0.000000	1
30	0.900000	1.160000	0.003015	-0.000000	0.000000	1
30	0.900000	1.180000	0.003065	-0.000000	0.000000	1
30	0.900000	1.200000	0.003054	-0.000000	0.000000	1
30	0.900000	1.220000	0.003041	-0.000000	0.000000	1
30	0.900000	1.240000	0.003016	-0.000000	0.000000	1
30	0.900000	1.260000	0.002990	-0.000000	0.000000	1
30	0.900000	1.280000	0.003002	-0.000000	0.000000	1
30	0.900000	1.300000	0.002976	-0.000000	0.000000	1
30	0.900000	1.320000	0.002956	-0.000000	0.000000	1
30	0.900000	1.340000	0.002958	-0.000000	0.000000	1
30	0.900000	1.360000	0.003003	-0.000000	0.000000	1
30	0.900000	1.380000	0.003046	-0.000000	0.000000	1
30	0.900000	1.400000	0.003081	-0.000000	0.000000	1
30	0.900000	1.420000	0.003216	-0.000000	0.000000	1
30	0.900000	1.440000	0.003414	-0.000000	0.000000	1
30	0.900000	1.460000	0.003292	-0.000000	0.000000	1
30	0.900000	1.480000	0.003067	-0.000000	0.000000	1
30	0.900000	1.500000	0.003170	-0.000000	0.000000	1
30	0.900000	1.520000	0.003177	-0.000000	0.000000	1
30	0.900000	1.540000	0.003080	-0.000000	0.000000	1
30	0.900000	1.560000	0.003055	-0.000000	0.000000	1
30	0.900000	1.580000	0.003128	-0.000000	0.000000	1
30	0.900000	1.600000	0.003261	-0.000000	0.000000	1
30	0.900000	1.620000	0.004540	-0.000000	0.000000	1
30	0.900000	1.640000	0.022215	-0.000000	0.000000	1
30	0.900000	1.660000	0.050339	-0.000000	0.000000	1
30	0.900000	1.680000	0.000000	-0.000000	0.000000	1
30	0.900000	1.700000	0.000000	-0.000000	0.000000	1
30	0.900000	1.720000	0.000000	-0.000000	0.000000	1
30	0.900000	1.740000	0.000000	-0.000000	0.000000	1
30	0.900000	1.760000	0.000000	-0.000000	0.000000	1
30	0.900000	1.780000	0.000000	-0.000000	0.000000	1
30	0.900000	1.800000	0.000000	-0.000000	0.000000	1
30	0.900000	1.820000	0.000000	-0.000000	0.000000	1
30	0.900000	1.840000	0.000000	-0.000000	0.000000	1
30	0.900000	1.860000	0.000000	-0.000000	0.000000	1
30	0.900000	1.880000	0.000000	-0.000000	0.000000	1
30	0.900000	1.900000	0.000000	-0.000000	0.000000	1
30	0.900000	1.920000	0.000000	-0.000000	0.000000	1
30	0.900000	1.940000	0.000000	-0.000000	0.000000	1
30	0.900000	1.960000	0.000000	-0.000000	0.000000	1
30	0.900000	1.980000	0.000000	-0.000000	0.000000	1
30	0.900000	2.000000	0.000000	-0.000000	0.000000	1
30	0.900000	2.020000	0.000000	-0.000000	0.000000	1
30	0.900000	2.040000	0.000000	-0.000000	0.000000	1
30	0.900000	2.060000	0.000000	-0.000000	0.000000	1
30	0.900000	2.080000	0.000000	-0.000000	0.000000	1
30	0.900000	2.100000	0.000000	-0.000000	0.000000	1
30	0.900000	2.120000	0.000000	-0.000000	0.000000	1
30	0.900000	2.140000	0.000000	-0.000000	0.000000	1
30	0.900000	2.160000	0.000000	-0.000000	0.000000	1
30	0.900000	2.180000	0.000000	-0.000000	0.000000	1
30	0.900000	2.200000	0.000000	-0.000000	0.000000	1
30	0.900000	2.220000	0.000000	-0.000000	0.000000	1
30	0.900000	2.240000	0.000000	-0.000000	0.000000	1
30	0.900000	2.260000	0.000000	-0.000000	0.000000	1
30	0.900000	2.280000	0.000000	-0.000000	0.000000	1
30	0.900000	2.300000	0.000000	-0.000000	0.000000	1
30	0.900000	2.320000	0.000000	-0.000000	0.000000	1
30	0.900000	2.340000	0.000000	-0.000000	0.000000	1
30	0.900000	2.360000	0.000000	-0.000000	0.000000	1
30	0.900000	2.380000	0.000000	-0.000000	0.000000	1
30	0.900000	2.400000	0.000000	-0.000000	0.000000	1
30	0.900000	2.420000	0.000000	-0.000000	0.000000	1
30	0.900000	2.440000	0.000000	-0.000000	0.000000	1
30	0.900000	2.460000	0.000000	-0.000000	0.000000	1
30	0.900000	2.480000	0.000000	-0.000000	0.000000	1
30	0.900000	2.500000	0.000000	-0.000000	0.000000	1
30	0.900000	2.520000	0.000000	-0.000000	0.000000	1
30	0.900000	2.540000	0.000000	-0.000000	0.000000	1
30	0.900000	2.560000	0.000000	-0.000000	0.000000	1
30	0.900000	2.580000	0.000000	-0.000000	0.000000	1
30	0.900000	2.600000	0.000000	-0.000000	0.000000	1
30	0.900000	2.620000	0.000000	-0.000000	0.000000	1
30	0.900000	2.640000	0.000000	-0.000000	0.000000	1
30	0.900000	2.660000	0.000000	-0.000000	0.000000	1
30	0.900000	2.680000	0.000000	-0.000000	0.000000	1
30	0.900000	2.700000	0.000000	-0.000000	0.000000	1
30	0.900000	2.720000	0.000000	-0.000000	0.000000	1
30	0.900000	2.740000	0.000000	-0.000000	0.000000	1
30	0.900000	2.760000	0.000000	-0.000000	0.000000	1
30	0.900000	2.780000	0.000000	-0.000000	0.000000	1
30	0.900000	2.800000	0.000000	-0.000000	0.000000	1
30	0.900000	2.820000	0.000000	-0.000000	0.000000	1
30	0.900000	2.840000	0.000000	-0.000000	0.000000	1
30	0.900000	2.860000	0.000000	-0.000000	0.000000	1
30	0.900000	2.880000	0.000000	-0.000000	0.000000	1
30	0.900000	2.900000	0.000000	-0.000000	0.000000	1
30	0.900000	2.920000	0.000000	-0.000000	0.000000	1
30	0.900000	2.940000	0.000000	-0.000000	0.000000	1
30	0.900000	2.960000	0.000000	-0.000000	0.000000	1
30	0.900000	2.980000	0.000000	-0.000000	0.000000	1
30	0.900000	3.000000	0.000000	-0.000000	0.000000	1
30	0.900000	3.020000	0.000000	-0.000000	0.000000	1
30	0.900000	3.040000	0.000000	-0.000000	0.000000	1
30	0.900000	3.060000	0.000000	-0.000000	0.000000	1
30	0.900000	3.080000	0.000000	-0.000000	0.000000	1
30	0.900000	3.100000	0.000000	-0.000000	0.000000	1
30	0.900000	3.120000	0.000000	-0.000000	0.000000	1
30	0.900000	3.140000	0.000000	-0.000000	0.000000	1
30	0.900000	3.160000	0.000000	-0.000000	0.000000	1
30	0.900000	3.180000	0.000000	-0.000000	0.000000	1
30	0.900000	3.200000	0.000000	-0.000000	0.000000	1
30	0.900000	3.220000	0.000000	-0.000000	0.000000	1
30	0.900000	3.240000	0.000000	-0.000000	0.000000	1
30	0.900000	3.260000	0.000000	-0.000000	0.000000	1
30	0.900000	3.280000	0.000000	-0.000000	0.000000	1
30	0.900000	3.300000	0.000000	-0.000000	0.000000	1
30	0.900000	3.320000	0.000000	-0.000000	0.000000	1
30	0.900000	3.340000	0.000000	-0.000000	0.000000	1
30	0.900000	3.360000	0.000000	-0.000000	0.000000	1
30	0.900000	3.380000	0.000000	-0.000000	0.000000	1
30	0.900000	3.400000	0.000000	-0.000000	0.000000	1
30	0.900000	3.420000	0.000000	-0.000000	0.000000	1
30	0.900000	3.440000	0.000000	-0.000000	0.000000	1
30	0.900000	3.460000	0.000000	-0.000000	0.000000	1
30	0.900000	3.480000	0.000000	-0.000000	0.000000	1
30	0.900000	3.500000	0.000000	-0.000000	0.000000	1
30	0.900000	3.520000	0.000000	-0.000000	0.000000	1
30	0.900000	3.540000	0.000000	-0.000000	0.000000	1
30	0.900000	3.560000	0.000000	-0.000000	0.000000	1
30	0.900000	3.580000	0.000000	-0.000000	0.000000	1
30	0.900000	3.600000	0.000000	-0.000000	0.000000	1
30	0.900000	3.620000	0.000000	-0.000000	0.000000	1
30	0.900000	3.640000	0.000000	-0.000000	0.000000	1
30	0.900000	3.660000	0.000000	-0.000000	0.000000	1
30	0.900000	3.680000	0.000000	-0.000000	0.000000	1
30	0.900000	3.700000	0.000000	-0.000000	0.000000	1
30	0.900000	3.720000	0.000000	-0.000000	0.000000	1
30	0.900000	3.740000	0.000000	-0.000000	0.000000	1
30	0.900000	3.760000	0.000000	-0.000000	0.000000	1
30	0.900000	3.780000	0.000000	-0.000000	0.000000	1
30	0.900000	3.800000	0.000000	-0.000000	0.000000	1
30	0.900000	3.820000	0.000000	-0.000000	0.000000	1
30	0.900000	3.840000	0.000000	-0.000000	0.000000	1
30	0.900000	3.860000	0.000000	-0.000000	0.000000	1
30	0.900000	3.880000	0.000000	-0.000000	0.000000	1
30	0.900000	3.900000	0.000000	-0.000000	0.000000	1
30	0.900000	3.920000	0.000000	-0.000000	0.000000	1
30	0.900000	3.940000	0.000000	-0.000000	0.000000	1
30	0.900000	3.960000	0.000000	-0.000000	0.000000	1
30	0.900000	3.980000	0.000000	-0.000000	0.000000	1
30	1.000000	0.000000	0.000000	-0.000000	0.000000	1
30	1.000000	0.020000	0.000000	-0.000000	0.000000	1
30	1.000000	0.040000	0.000000	-0.000000	0.000000	1
30	1.000000	0.060000	0.000000	-0.000000	0.000000	1
30	1.000000	0.080000	0.000000	-0.000000	0.000000	1
30	1.000000	0.100000	0.000000	-0.000000	0.000000	1
30	1.000000	0.120000	0.003200	-0.000000	0.000000	1
30	1.000000	0.140000	0.003251	-0.000000	0.000000	1
30	1.000000	0.160000	0.003296	-0.000000	0.000000	1
30	1.000000	0.180000	0.003333	-0.000000	0.000000	1
30	1.000000	0.200000	0.003361	-0.000000	0.000000	1
30	1.000000	0.220000	0.003378	-0.000000	0.000000	1
30	1.000000	0.240000	0.003384	-0.000000	0.000000	1
30	1.000000	0.260000	0.003314	-0.000000	0.000000	1
30	1.000000	0.280000	0.002478	-0.000000	0.000000	1
30	1.000000	0.300000	0.002437	-0.000000	0.000000	1
30	1.000000	0.320000	0.002411	-0.000000	0.000000	1
30	1.000000	0.340000	0.002325	-0.000000	0.000000	1
30	1.000000	0.360000	0.002327	-0.000000	0.000000	1
30	1.000000	0.380000	0.002412	-0.000000	0.000000	1
30	1.000000	0.400000	0.002580	-0.000000	0.000000	1
30	1.000000	0.420000	0.003037	-0.000000	0.000000	1
30	1.000000	0.440000	0.003298	-0.000000	0.000000	1
30	1.000000	0.460000	0.003344	-0.000000	0.000000	1
30	1.000000	0.480000	0.003156	-0.000000	0.000000	1
30	1.000000	0.500000	0.002911	-0.000000	0.000000	1
30	1.000000	0.520000	0.002853	-0.000000	0.000000	1
30	1.000000	0.540000	0.002807	-0.000000	0.000000	1
30	1.000000	0.560000	0.002821	-0.000000	0.000000	1
30	1.000000	0.580000	0.003014	-0.000000	0.000000	1
30	1.000000	0.600000	0.002942	-0.000000	0.000000	1
30	1.000000	0.620000	0.003024	-0.000000	0.000000	1
30	1.000000	0.640000	0.003205	-0.000000	0.000000	1
30	1.000000	0.660000	0.003221	-0.000000	0.000000	1
30	1.000000	0.680000	0.002939	-0.000000	0.000000	1
30	1.000000	0.700000	0.002888	-0.000000	0.000000	1
30	1.000000	0.720000	0.003048	-0.000000	0.000000	1
30	1.000000	0.740000	0.003172	-0.000000	0.000000	1
30	1.000000	0.760000	0.002963	-0.000000	0.000000	1
30	1.000000	0.780000	0.002913	-0.000000	0.000000	1
30	1.000000	0.800000	0.002911	-0.000000	0.000000	1
30	1.000000	0.820000	0.002948	-0.000000	0.000000	1
30	1.000000	0.840000	0.002948	-0.000000	0.000000	1
30	1.000000	0.860000	0.002922	-0.000000	0.000000	1
30	1.000000	0.880000	0.002920	-0.000000	0.000000	1
30	1.000000	0.900000	0.002921	-0.000000	0.000000	1
30	1.000000	0.920000	0.002870	-0.000000	0.000000	1
30	1.000000	0.940000	0.002802	-0.000000	0.000000	1
30	1.000000	0.960000	0.003406	-0.000000	0.000000	1
30	1.000000	0.980000	0.004082	-0.000000	0.000000	1
30	1.000000	1.000000	0.004139	-0.000000	0.000000	1
30	1.000000	1.020000	0.003997	-0.000000	0.000000	1
30	1.000000	1.040000	0.003488	-0.000000	0.000000	1
30	1.000000	1.060000	0.003063	-0.000000	0.000000	1
30	1.000000	1.080000	0.002921	-0.000000	0.000000	1
30	1.000000	1.100000	0.002894	-0.000000	0.000000	1
30	1.000000	1.120000	0.002917	-0.000000	0.000000	1
30	1.000000	1.140000	0.002960	-0.000000	0.000000	1
30	1.000000	1.160000	0.003003	-0.000000	0.000000	1
30	1.000000	1.180000	0.003044	-0.000000	0.000000	1
30	1.000000	1.200000	0.003048	-0.000000	0.000000	1
30	1.000000	1.220000	0.003052	-0.000000	0.000000	1
30	1.000000	1.240000	0.003024	-0.000000	0.000000	1
30	1.000000	1.260000	0.002993	-0.000000	0.000000	1
30	1.000000	1.280000	0.002996	-0.000000	0.000000	1
30	1.000000	1.300000	0.002980	-0.000000	0.000000	1
30	1.000000	1.320000	0.002998	-0.000000	0.000000	1
30	1.000000	1.340000	0.003038	-0.000000	0.000000	1
30	1.000000	1.360000	0.003025	-0.000000	0.000000	1
30	1.000000	1.380000	0.003041	-0.000000	0.000000	1
30	1.000000	1.400000	0.003083	-0.000000	0.000000	1
30	1.000000	1.420000	0.003226	-0.000000	0.000000	1
30	1.000000	1.440000	0.003449	-0.000000	0.000000	1
30	1.000000	1.460000	0.003361	-0.000000	0.000000	1
30	1.000000	1.480000	0.003278	-0.000000	0.000000	1
30	1.000000	1.500000	0.003671	-0.000000	0.000000	1
30	1.000000	1.520000	0.003573	-0.000000	0.000000	1
30	1.000000	1.540000	0.003194	-0.000000	0.000000	1
30	1.000000	1.560000	0.003074	-0.000000	0.000000	1
30	1.000000	1.580000	0.003149	-0.000000	0.000000	1
30	1.000000	1.600000	0.003301	-0.000000	0.000000	1
30	1.000000	1.620000	0.004186	-0.000000	0.000000	1
30	1.000000	1.640000	0.020223	-0.000000	0.000000	1
30	1.000000	1.660000	0.044276	-0.000000	0.000000	1
30	1.000000	1.680000	0.061756	-0.000000	0.000000	1
30	1.000000	1.700000	0.000000	-0.000000	0.000000	1
30	1.000000	1.720000	0.000000	-0.000000	0.000000	1
30	1.000000	1.740000	0.000000	-0.000000	0.000000	1
30	1.000000	1.760000	0.000000	-0.000000	0.000000	1
30	1.000000	1.780000	0.000000	-0.000000	0.000000	1
30	1.000000	1.800000	0.000000	-0.000000	0.000000	1
30	1.000000	1.820000	0.000000	-0.000000	0.000000	1
30	1.000000	1.840000	0.000000	-0.000000	0.000000	1
30	1.000000	1.860000	0.000000	-0.000000	0.000000	1
30	1.000000	1.880000	0.000000	-0.000000	0.000000	1
30	1.000000	1.900000	0.000000	-0.000000	0.000000	1
30	1.000000	1.920000	0.000000	-0.000000	0.000000	1
30	1.000000	1.940000	0.000000	-0.000000	0.000000	1
30	1.000000	1.960000	0.000000	-0.000000	0.000000	1
30	1.000000	1.980000	0.000000	-0.000000	0.000000	1
30	1.000000	2.000000	0.000000	-0.000000	0.000000	1
30	1.000000	2.020000	0.000000	-0.000000	0.000000	1
30	1.000000	2.040000	0.000000	-0.000000	0.000000	1
30	1.000000	2.060000	0.000000	-0.000000	0.000000	1
30	1.000000	2.080000	0.000000	-0.000000	0.000000	1
30	1.000000	2.100000	0.000000	-0.000000	0.000000	1
30	1.000000	2.120000	0.000000	-0.000000	0.000000	1
30	1.000000	2.140000	0.000000	-0.000000	0.000000	1
30	1.000000	2.160000	0.000000	-0.000000	0.000000	1
30	1.000000	2.180000	0.000000	-0.000000	0.000000	1
30	1.000000	2.200000	0.000000	-0.000000	0.000000	1
30	1.000000	2.220000	0.000000	-0.000000	0.000000	1
30	1.000000	2.240000	0.000000	-0.000000	0.000000	1
30	1.000000	2.260000	0.000000	-0.000000	0.000000	1
30	1.000000	2.280000	0.000000	-0.000000	0.000000	1
30	1.000000	2.300000	0.000000	-0.000000	0.000000	1
30	1.000000	2.320000	0.000000	-0.000000	0.000000	1
30	1.000000	2.340000	0.000000	-0.000000	0.000000	1
30	1.000000	2.360000	0.000000	-0.000000	0.000000	1
30	1.000000	2.380000	0.000000	-0.000000	0.000000	1
30	1.000000	2.400000	0.000000	-0.000000	0.000000	1
30	1.000000	2.420000	0.000000	-0.000000	0.000000	1
30	1.000000	2.440000	0.000000	-0.000000	0.000000	1
30	1.000000	2.460000	0.000000	-0.000000	0.000000	1
30	1.000000	2.480000	0.000000	-0.000000	0.000000	1
30	1.000000	2.500000	0.000000	-0.000000	0.000000	1
30	1.000000	2.520000	0.000000	-0.000000	0.000000	1
30	1.000000	2.540000	0.000000	-0.000000	0.000000	1
30	1.000000	2.560000	0.000000	-0.000000	0.000000	1
30	1.000000	2.580000	0.000000	-0.000000	0.000000	1
30	1.000000	2.600000	0.000000	-0.000000	0.000000	1
30	1.000000	2.620000	0.000000	-0.000000	0.000000	1
30	1.000000	2.640000	0.000000	-0.000000	0.000000	1
30	1.000000	2.660000	0.000000	-0.000000	0.000000	1
30	1.000000	2.680000	0.000000	-0.000000	0.000000	1
30	1.000000	2.700000	0.000000	-0.000000	0.000000	1
30	1.000000	2.720000	0.000000	-0.000000	0.000000	1
30	1.000000	2.740000	0.000000	-0.000000	0.000000	1
30	1.000000	2.760000	0.000000	-0.000000	0.000000	1
30	1.000000	2.780000	0.000000	-0.000000	0.000000	1
30	1.000000	2.800000	0.000000	-0.000000	0.000000	1
30	1.000000	2.820000	0.000000	-0.000000	0.000000	1
30	1.000000	2.840000	0.000000	-0.000000	0.000000	1
30	1.000000	2.860000	0.000000	-0.000000	0.000000	1
30	1.000000	2.880000	0.000000	-0.000000	0.000000	1
30	1.000000	2.900000	0.000000	-0.000000	0.000000	1
30	1.000000	2.920000	0.000000	-0.000000	0.000000	1
30	1.000000	2.940000	0.000000	-0.000000	0.000000	1
30	1.000000	2.960000	0.000000	-0.000000	0.000000	1
30	1.000000	2.980000	0.000000	-0.000000	0.000000	1
30	1.000000	3.000000	0.000000	-0.000000	0.000000	1
30	1.000000	3.020000	0.000000	-0.000000	0.000000	1
30	1.000000	3.040000	0.000000	-0.000000	0.000000	1
30	1.000000	3.060000	0.000000	-0.000000	0.000000	1
30	1.000000	3.080000	0.000000	-0.000000	0.000000	1
30	1.000000	3.100000	0.000000	-0.000000	0.000000	1
30	1.000000	3.120000	0.000000	-0.000000	0.000000	1
30	1.000000	3.140000	0.000000	-0.000000	0.000000	1
30	1.000000	3.160000	0.000000	-0.000000	0.000000	1
30	1.000000	3.180000	0.000000	-0.000000	0.000000	1
30	1.000000	3.200000	0.000000	-0.000000	0.000000	1
30	1.000000	3.220000	0.000000	-0.000000	0.000000	1
30	1.000000	3.240000	0.000000	-0.000000	0.000000	1
30	1.000000	3.260000	0.000000	-0.000000	0.000000	1
30	1.000000	3.280000	0.000000	-0.000000	0.000000	1
30	1.000000	3.300000	0.000000	-0.000000	0.000000	1
30	1.000000	3.320000	0.000000	-0.000000	0.000000	1
30	1.000000	3.340000	0.000000	-0.000000	0.000000	1
30	1.000000	3.360000	0.000000	-0.000000	0.000000	1
30	1.000000	3.380000	0.000000	-0.000000	0.000000	1
30	1.000000	3.400000	0.000000	-0.000000	0.000000	1
30	1.000000	3.420000	0.000000	-0.000000	0.000000	1
30	1.000000	3.440000	0.000000	-0.000000	0.000000	1
30	1.000000	3.460000	0.000000	-0.000000	0.000000	1
30	1.000000	3.480000	0.000000	-0.000000	0.000000	1
30	1.000000	3.500000	0.000000	-0.000000	0.000000	1
30	1.000000	3.520000	0.000000	-0.000000	0.000000	1
30	1.000000	3.540000	0.000000	-0.000000	0.000000	1
30	1.000000	3.560000	0.000000	-0.000000	0.000000	1
30	1.000000	3.580000	0.000000	-0.000000	0.000000	1
30	1.000000	3.600000	0.000000	-0.000000	0.000000	1
30	1.000000	3.620000	0.000000	-0.000000	0.000000	1
30	1.000000	3.640000	0.000000	-0.000000	0.000000	1
30	1.000000	3.660000	0.000000	-0.000000	0.000000	1
30	1.000000	3.680000	0.000000	-0.000000	0.000000	1
30	1.000000	3.700000	0.000000	-0.000000	0.000000	1
30	1.000000	3.720000	0.000000	-0.000000	0.000000	1
30	1.000000	3.740000	0.000000	-0.000000	0.000000	1
30	1.000000	3.760000	0.000000	-0.000000	0.000000	1
30	1.000000	3.780000	0.000000	-0.000000	0.000000	1
30	1.000000	3.800000	0.000000	-0.000000	0.000000	1
30	1.000000	3.820000	0.000000	-0.000000	0.000000	1
30	1.000000	3.840000	0.000000	-0.000000	0.000000	1
30	1.000000	3.860000	0.000000	-0.000000	0.000000	1
30	1.000000	3.880000	0.000000	-0.000000	0.000000	1
30	1.000000	3.900000	0.000000	-0.000000	0.000000	1
30	1.000000	3.920000	0.000000	-0.000000	0.000000	1
30	1.000000	3.940000	0.000000	-0.000000	0.000000	1
30	1.000000	3.960000	0.000000	-0.000000	0.000000	1
30	1.000000	3.980000	0.000000	-0.000000	0.000000	1
36	0.000000	0.000000	0.000000	-0.000000	0.000000	1
36	0.000000	0.020000	0.000000	-0.000000	0.000000	1
36	0.000000	0.040000	0.000000	-0.000000	0.000000	1
36	0.000000	0.060000	0.000000	-0.000000	0.000000	1
36	0.000000	0.080000	0.000000	-0.000000	0.000000	1
36	0.000000	0.100000	0.001579	-0.000000	0.000000	1
36	0.000000	0.120000	0.001579	-0.000000	0.000000	1
36	0.000000	0.140000	0.001579	-0.000000	0.000000	1
36	0.000000	0.160000	0.001579	-0.000000	0.000000	1
36	0.000000	0.180000	0.001579	-0.000000	0.000000	1
36	0.000000	0.200000	0.001579	-0.000000	0.000000	1
36	0.000000	0.220000	0.001594	-0.000000	0.000000	1
36	0.000000	0.240000	0.001647	-0.000000	0.000000	1
36	0.000000	0.260000	0.001645	-0.000000	0.000000	1
36	0.000000	0.280000	0.001621	-0.000000	0.000000	1
36	0.000000	0.300000	0.001577	-0.000000	0.000000	1
36	0.000000	0.320000	0.001523	-0.000000	0.000000	1
36	0.000000	0.340000	0.001551	-0.000000	0.000000	1
36	0.000000	0.360000	0.001642	-0.000000	0.000000	1
36	0.000000	0.380000	0.001668	-0.000000	0.000000	1
36	0.000000	0.400000	0.001648	-0.000000	0.000000	1
36	0.000000	0.420000	0.001556	-0.000000	0.000000	1
36	0.000000	0.440000	0.001557	-0.000000	0.000000	1
36	0.000000	0.460000	0.001561	-0.000000	0.000000	1
36	0.000000	0.480000	0.001570	-0.000000	0.000000	1
36	0.000000	0.500000	0.001577	-0.000000	0.000000	1
36	0.000000	0.520000	0.001550	-0.000000	0.000000	1
36	0.000000	0.540000	0.001477	-0.000000	0.000000	1
36	0.000000	0.560000	0.001440	-0.000000	0.000000	1
36	0.000000	0.580000	0.001488	-0.000000	0.000000	1
36	0.000000	0.600000	0.001520	-0.000000	0.000000	1
36	0.000000	0.620000	0.001521	-0.000000	0.000000	1
36	0.000000	0.640000	0.001493	-0.000000	0.000000	1
36	0.000000	0.660000	0.001483	-0.000000	0.000000	1
36	0.000000	0.680000	0.001480	-0.000000	0.000000	1
36	0.000000	0.700000	0.001492	-0.000000	0.000000	1
36	0.000000	0.720000	0.001519	-0.000000	0.000000	1
36	0.000000	0.740000	0.001540	-0.000000	0.000000	1
36	0.000000	0.760000	0.001531	-0.000000	0.000000	1
36	0.000000	0.780000	0.001454	-0.000000	0.000000	1
36	0.000000	0.800000	0.001424	-0.000000	0.000000	1
36	0.000000	0.820000	0.001474	-0.000000	0.000000	1
36	0.000000	0.840000	0.001483	-0.000000	0.000000	1
36	0.000000	0.860000	0.001486	-0.000000	0.000000	1
36	0.000000	0.880000	0.001498	-0.000000	0.000000	1
36	0.000000	0.900000	0.001492	-0.000000	0.000000	1
36	0.000000	0.920000	0.001463	-0.000000	0.000000	1
36	0.000000	0.940000	0.001492	-0.000000	0.000000	1
36	0.000000	0.960000	0.001523	-0.000000	0.000000	1
36	0.000000	0.980000	0.001565	-0.000000	0.000000	1
36	0.000000	1.000000	0.001582	-0.000000	0.000000	1
36	0.000000	1.020000	0.001576	-0.000000	0.000000	1
36	0.000000	1.040000	0.001555	-0.000000	0.000000	1
36	0.000000	1.060000	0.001540	-0.000000	0.000000	1
36	0.000000	1.080000	0.001494	-0.000000	0.000000	1
36	0.000000	1.100000	0.001473	-0.000000	0.000000	1
36	0.000000	1.120000	0.001476	-0.000000	0.000000	1
36	0.000000	1.140000	0.001467	-0.000000	0.000000	1
36	0.000000	1.160000	0.001456	-0.000000	0.000000	1
36	0.000000	1.180000	0.001455	-0.000000	0.000000	1
36	0.000000	1.200000	0.001470	-0.000000	0.000000	1
36	0.000000	1.220000	0.001473	-0.000000	0.000000	1
36	0.000000	1.240000	0.001458	-0.000000	0.000000	1
36	0.000000	1.260000	0.001452	-0.000000	0.000000	1
36	0.000000	1.280000	0.001435	-0.000000	0.000000	1
36	0.000000	1.300000	0.001448	-0.000000	0.000000	1
36	0.000000	1.320000	0.001487	-0.000000	0.000000	1
36	0.000000	1.340000	0.001486	-0.000000	0.000000	1
36	0.000000	1.360000	0.001466	-0.000000	0.000000	1
36	0.000000	1.380000	0.001461	-0.000000	0.000000	1
36	0.000000	1.400000	0.001470	-0.000000	0.000000	1
36	0.000000	1.420000	0.001480	-0.000000	0.000000	1
36	0.000000	1.440000	0.001472	-0.000000	0.000000	1
36	0.000000	1.460000	0.001467	-0.000000	0.000000	1
36	0.000000	1.480000	0.001454	-0.000000	0.000000	1
36	0.000000	1.500000	0.001446	-0.000000	0.000000	1
36	0.000000	1.520000	0.001462	-0.000000	0.000000	1
36	0.000000	1.540000	0.001476	-0.000000	0.000000	1
36	0.000000	1.560000	0.001478	-0.000000	0.000000	1
36	0.000000	1.580000	0.001471	-0.000000	0.000000	1
36	0.000000	1.600000	0.000000	-0.000000	0.000000	1
36	0.000000	1.620000	0.000000	-0.000000	0.000000	1
36	0.000000	1.640000	0.000000	-0.000000	0.000000	1
36	0.000000	1.660000	0.000000	-0.000000	0.000000	1
36	0.000000	1.680000	0.000000	-0.000000	0.000000	1
36	0.000000	1.700000	0.000000	-0.000000	0.000000	1
36	0.000000	1.720000	0.000000	-0.000000	0.000000	1
36	0.000000	1.740000	0.000000	-0.000000	0.000000	1
36	0.000000	1.760000	0.000000	-0.000000	0.000000	1
36	0.000000	1.780000	0.000000	-0.000000	0.000000	1
36	0.000000	1.800000	0.000000	-0.000000	0.000000	1
36	0.000000	1.820000	0.000000	-0.000000	0.000000	1
36	0.000000	1.840000	0.000000	-0.000000	0.000000	1
36	0.000000	1.860000	0.000000	-0.000000	0.000000	1
36	0.000000	1.880000	0.000000	-0.000000	0.000000	1
36	0.000000	1.900000	0.000000	-0.000000	0.000000	1
36	0.000000	1.920000	0.000000	-0.000000	0.000000	1
36	0.000000	1.940000	0.000000	-0.000000	0.000000	1
36	0.000000	1.960000	0.000000	-0.000000	0.000000	1
36	0.000000	1.980000	0.000000	-0.000000	0.000000	1
36	0.000000	2.000000	0.000000	-0.000000	0.000000	1
36	0.000000	2.020000	0.000000	-0.000000	0.000000	1
36	0.000000	2.040000	0.000000	-0.000000	0.000000	1
36	0.000000	2.060000	0.000000	-0.000000	0.000000	1
36	0.000000	2.080000	0.000000	-0.000000	0.000000	1
36	0.000000	2.100000	0.000000	-0.000000	0.000000	1
36	0.000000	2.120000	0.000000	-0.000000	0.000000	1
36	0.000000	2.140000	0.000000	-0.000000	0.000000	1
36	0.000000	2.160000	0.000000	-0.000000	0.000000	1
36	0.000000	2.180000	0.000000	-0.000000	0.000000	1
36	0.000000	2.200000	0.000000	-0.000000	0.000000	1
36	0.000000	2.220000	0.000000	-0.000000	0.000000	1
36	0.000000	2.240000	0.000000	-0.000000	0.000000	1
36	0.000000	2.260000	0.000000	-0.000000	0.000000	1
36	0.000000	2.280000	0.000000	-0.000000	0.000000	1
36	0.000000	2.300000	0.000000	-0.000000	0.000000	1
36	0.000000	2.320000	0.000000	-0.000000	0.000000	1
36	0.000000	2.340000	0.000000	-0.000000	0.000000	1
36	0.000000	2.360000	0.000000	-0.000000	0.000000	1
36	0.000000	2.380000	0.000000	-0.000000	0.000000	1
36	0.000000	2.400000	0.000000	-0.000000	0.000000	1
36	0.000000	2.420000	0.000000	-0.000000	0.000000	1
36	0.000000	2.440000	0.000000	-0.000000	0.000000	1
36	0.000000	2.460000	0.000000	-0.000000	0.000000	1
36	0.000000	2.480000	0.000000	-0.000000	0.000000	1
36	0.000000	2.500000	0.000000	-0.000000	0.000000	1
36	0.000000	2.520000	0.000000	-0.000000	0.000000	1
36	0.000000	2.540000	0.000000	-0.000000	0.000000	1
36	0.000000	2.560000	0.000000	-0.000000	0.000000	1
36	0.000000	2.580000	0.000000	-0.000000	0.000000	1
36	0.000000	2.600000	0.000000	-0.000000	0.000000	1
36	0.000000	2.620000	0.000000	-0.000000	0.000000	1
36	0.000000	2.640000	0.000000	-0.000000	0.000000	1
36	0.000000	2.660000	0.000000	-0.000000	0.000000	1
36	0.000000	2.680000	0.000000	-0.000000	0.000000	1
36	0.000000	2.700000	0.000000	-0.000000	0.000000	1
36	0.000000	2.720000	0.000000	-0.000000	0.000000	1
36	0.000000	2.740000	0.000000	-0.000000	0.000000	1
36	0.000000	2.760000	0.000000	-0.000000	0.000000	1
36	0.000000	2.780000	0.000000	-0.000000	0.000000	1
36	0.000000	2.800000	0.000000	-0.000000	0.000000	1
36	0.000000	2.820000	0.000000	-0.000000	0.000000	1
36	0.000000	2.840000	0.000000	-0.000000	0.000000	1
36	0.000000	2.860000	0.000000	-0.000000	0.000000	1
36	0.000000	2.880000	0.000000	-0.000000	0.000000	1
36	0.000000	2.900000	0.000000	-0.000000	0.000000	1
36	0.000000	2.920000	0.000000	-0.000000	0.000000	1
36	0.000000	2.940000	0.000000	-0.000000	0.000000	1
36	0.000000	2.960000	0.000000	-0.000000	0.000000	1
36	0.000000	2.980000	0.000000	-0.000000	0.000000	1
36	0.000000	3.000000	0.000000	-0.000000	0.000000	1
36	0.000000	3.020000	0.000000	-0.000000	0.000000	1
36	0.000000	3.040000	0.000000	-0.000000	0.000000	1
36	0.000000	3.060000	0.000000	-0.000000	0.000000	1
36	0.000000	3.080000	0.000000	-0.000000	0.000000	1
36	0.000000	3.100000	0.000000	-0.000000	0.000000	1
36	0.000000	3.120000	0.000000	-0.000000	0.000000	1
36	0.000000	3.140000	0.000000	-0.000000	0.000000	1
36	0.000000	3.160000	0.000000	-0.000000	0.000000	1
36	0.000000	3.180000	0.000000	-0.000000	0.000000	1
36	0.000000	3.200000	0.000000	-0.000000	0.000000	1
36	0.000000	3.220000	0.000000	-0.000000	0.000000	1
36	0.000000	3.240000	0.000000	-0.000000	0.000000	1
36	0.000000	3.260000	0.000000	-0.000000	0.000000	1
36	0.000000	3.280000	0.000000	-0.000000	0.000000	1
36	0.000000	3.300000	0.000000	-0.000000	0.000000	1
36	0.000000	3.320000	0.000000	-0.000000	0.000000	1
36	0.000000	3.340000	0.000000	-0.000000	0.000000	1
36	0.000000	3.360000	0.000000	-0.000000	0.000000	1
36	0.000000	3.380000	0.000000	-0.000000	0.000000	1
36	0.000000	3.400000	0.000000	-0.000000	0.000000	1
36	0.000000	3.420000	0.000000	-0.000000	0.000000	1
36	0.000000	3.440000	0.000000	-0.000000	0.000000	1
36	0.000000	3.460000	0.000000	-0.000000	0.000000	1
36	0.000000	3.480000	0.000000	-0.000000	0.000000	1
36	0.000000	3.500000	0.000000	-0.000000	0.000000	1
36	0.000000	3.520000	0.000000	-0.000000	0.000000	1
36	0.000000	3.540000	0.000000	-0.000000	0.000000	1
36	0.000000	3.560000	0.000000	-0.000000	0.000000	1
36	0.000000	3.580000	0.000000	-0.000000	0.000000	1
36	0.000000	3.600000	0.000000	-0.000000	0.000000	1
36	0.000000	3.620000	0.000000	-0.000000	0.000000	1
36	0.000000	3.640000	0.000000	-0.000000	0.000000	1
36	0.000000	3.660000	0.000000	-0.000000	0.000000	1
36	0.000000	3.680000	0.000000	-0.000000	0.000000	1
36	0.000000	3.700000	0.000000	-0.000000	0.000000	1
36	0.000000	3.720000	0.000000	-0.000000	0.000000	1
36	0.000000	3.740000	0.000000	-0.000000	0.000000	1
36	0.000000	3.760000	0.000000	-0.000000	0.000000	1
36	0.000000	3.780000	0.000000	-0.000000	0.000000	1
36	0.000000	3.800000	0.000000	-0.000000	0.000000	1
36	0.000000	3.820000	0.000000	-0.000000	0.000000	1
36	0.000000	3.840000	0.000000	-0.000000	0.000000	1
36	0.000000	3.860000	0.000000	-0.000000	0.000000	1
36	0.000000	3.880000	0.000000	-0.000000	0.000000	1
36	0.000000	3.900000	0.000000	-0.000000	0.000000	1
36	0.000000	3.920000	0.000000	-0.000000	0.000000	1
36	0.000000	3.940000	0.000000	-0.000000	0.000000	1
36	0.000000	3.960000	0.000000	-0.000000	0.000000	1
36	0.000000	3.980000	0.000000	-0.000000	0.000000	1
36	0.100000	0.000000	0.000000	-0.000000	0.000000	1
36	0.100000	0.020000	0.000000	-0.000000	0.000000	1
36	0.100000	0.040000	0.000000	-0.000000	0.000000	1
36	0.100000	0.060000	0.000000	-0.000000	0.000000	1
36	0.100000	0.080000	0.000000	-0.000000	0.000000	1
36	0.100000	0.100000	0.002293	-0.000000	0.000000	1
36	0.100000	0.120000	0.002293	-0.000000	0.000000	1
36	0.100000	0.140000	0.002294	-0.000000	0.000000	1
36	0.100000	0.160000	0.002294	-0.000000	0.000000	1
36	0.100000	0.180000	0.002294	-0.000000	0.000000	1
36	0.100000	0.200000	0.002293	-0.000000	0.000000	1
36	0.100000	0.220000	0.002185	-0.000000	0.000000	1
36	0.100000	0.240000	0.001790	-0.000000	0.000000	1
36	0.100000	0.260000	0.001766	-0.000000	0.000000	1
36	0.100000	0.280000	0.001690	-0.000000	0.000000	1
36	0.100000	0.300000	0.001609	-0.000000	0.000000	1
36	0.100000	0.320000	0.001634	-0.000000	0.000000	1
36	0.100000	0.340000	0.001871	-0.000000	0.000000	1
36	0.100000	0.360000	0.002174	-0.000000	0.000000	1
36	0.100000	0.380000	0.002258	-0.000000	0.000000	1
36	0.100000	0.400000	0.002206	-0.000000	0.000000	1
36	0.100000	0.420000	0.001955	-0.000000	0.000000	1
36	0.100000	0.440000	0.001952	-0.000000	0.000000	1
36	0.100000	0.460000	0.001956	-0.000000	0.000000	1
36	0.100000	0.480000	0.001954	-0.000000	0.000000	1
36	0.100000	0.500000	0.001949	-0.000000	0.000000	1
36	0.100000	0.520000	0.001999	-0.000000	0.000000	1
36	0.100000	0.540000	0.002056	-0.000000	0.000000	1
36	0.100000	0.560000	0.001968	-0.000000	0.000000	1
36	0.100000	0.580000	0.001942	-0.000000	0.000000	1
36	0.100000	0.600000	0.001988	-0.000000	0.000000	1
36	0.100000	0.620000	0.001996	-0.000000	0.000000	1
36	0.100000	0.640000	0.002001	-0.000000	0.000000	1
36	0.100000	0.660000	0.001993	-0.000000	0.000000	1
36	0.100000	0.680000	0.002004	-0.000000	0.000000	1
36	0.100000	0.700000	0.002084	-0.000000	0.000000	1
36	0.100000	0.720000	0.002115	-0.000000	0.000000	1
36	0.100000	0.740000	0.002009	-0.000000	0.000000	1
36	0.100000	0.760000	0.001978	-0.000000	0.000000	1
36	0.100000	0.780000	0.001994	-0.000000	0.000000	1
36	0.100000	0.800000	0.002006	-0.000000	0.000000	1
36	0.100000	0.820000	0.002005	-0.000000	0.000000	1
36	0.100000	0.840000	0.002015	-0.000000	0.000000	1
36	0.100000	0.860000	0.002023	-0.000000	0.000000	1
36	0.100000	0.880000	0.001991	-0.000000	0.000000	1
36	0.100000	0.900000	0.001969	-0.000000	0.000000	1
36	0.100000	0.920000	0.001995	-0.000000	0.000000	1
36	0.100000	0.940000	0.002000	-0.000000	0.000000	1
36	0.100000	0.960000	0.002272	-0.000000	0.000000	1
36	0.100000	0.980000	0.002972	-0.000000	0.000000	1
36	0.100000	1.000000	0.003180	-0.000000	0.000000	1
36	0.100000	1.020000	0.002998	-0.000000	0.000000	1
36	0.100000	1.040000	0.002263	-0.000000	0.000000	1
36	0.100000	1.060000	0.002022	-0.000000	0.000000	1
36	0.100000	1.080000	0.001999	-0.000000	0.000000	1
36	0.100000	1.100000	0.002004	-0.000000	0.000000	1
36	0.100000	1.120000	0.002039	-0.000000	0.000000	1
36	0.100000	1.140000	0.002024	-0.000000	0.000000	1
36	0.100000	1.160000	0.001988	-0.000000	0.000000	1
36	0.100000	1.180000	0.001975	-0.000000	0.000000	1
36	0.100000	1.200000	0.001998	-0.000000	0.000000	1
36	0.100000	1.220000	0.002048	-0.000000	0.000000	1
36	0.100000	1.240000	0.002055	-0.000000	0.000000	1
36	0.100000	1.260000	0.002016	-0.000000	0.000000	1
36	0.100000	1.280000	0.001987	-0.000000	0.000000	1
36	0.100000	1.300000	0.001965	-0.000000	0.000000	1
36	0.100000	1.320000	0.001985	-0.000000	0.000000	1
36	0.100000	1.340000	0.002028	-0.000000	0.000000	1
36	0.100000	1.360000	0.002045	-0.000000	0.000000	1
36	0.100000	1.380000	0.002030	-0.000000	0.000000	1
36	0.100000	1.400000	0.002005	-0.000000	0.000000	1
36	0.100000	1.420000	0.001991	-0.000000	0.000000	1
36	0.100000	1.440000	0.002029	-0.000000	0.000000	1
36	0.100000	1.460000	0.002075	-0.000000	0.000000	1
36	0.100000	1.480000	0.002107	-0.000000	0.000000	1
36	0.100000	1.500000	0.002108	-0.000000	0.000000	1
36	0.100000	1.520000	0.002085	-0.000000	0.000000	1
36	0.100000	1.540000	0.002066	-0.000000	0.000000	1
36	0.100000	1.560000	0.002067	-0.000000	0.000000	1
36	0.100000	1.580000	0.002095	-0.000000	0.000000	1
36	0.100000	1.600000	0.000000	-0.000000	0.000000	1
36	0.100000	1.620000	0.000000	-0.000000	0.000000	1
36	0.100000	1.640000	0.000000	-0.000000	0.000000	1
36	0.100000	1.660000	0.000000	-0.000000	0.000000	1
36	0.100000	1.680000	0.000000	-0.000000	0.000000	1
36	0.100000	1.700000	0.000000	-0.000000	0.000000	1
36	0.100000	1.720000	0.000000	-0.000000	0.000000	1
36	0.100000	1.740000	0.000000	-0.000000	0.000000	1
36	0.100000	1.760000	0.000000	-0.000000	0.000000	1
36	0.100000	1.780000	0.000000	-0.000000	0.000000	1
36	0.100000	1.800000	0.000000	-0.000000	0.000000	1
36	0.100000	1.820000	0.000000	-0.000000	0.000000	1
36	0.100000	1.840000	0.000000	-0.000000	0.000000	1
36	0.100000	1.860000	0.000000	-0.000000	0.000000	1
36	0.100000	1.880000	0.000000	-0.000000	0.000000	1
36	0.100000	1.900000	0.000000	-0.000000	0.000000	1
36	0.100000	1.920000	0.000000	-0.000000	0.000000	1
36	0.100000	1.940000	0.000000	-0.000000	0.000000	1
36	0.100000	1.960000	0.000000	-0.000000	0.000000	1
36	0.100000	1.980000	0.000000	-0.000000	0.000000	1
36	0.100000	2.000000	0.000000	-0.000000	0.000000	1
36	0.100000	2.020000	0.000000	-0.000000	0.000000	1
36	0.100000	2.040000	0.000000	-0.000000	0.000000	1
36	0.100000	2.060000	0.000000	-0.000000	0.000000	1
36	0.100000	2.080000	0.000000	-0.000000	0.000000	1
36	0.100000	2.100000	0.000000	-0.000000	0.000000	1
36	0.100000	2.120000	0.000000	-0.000000	0.000000	1
36	0.100000	2.140000	0.000000	-0.000000	0.000000	1
36	0.100000	2.160000	0.000000	-0.000000	0.000000	1
36	0.100000	2.180000	0.000000	-0.000000	0.000000	1
36	0.100000	2.200000	0.000000	-0.000000	0.000000	1
36	0.100000	2.220000	0.000000	-0.000000	0.000000	1
36	0.100000	2.240000	0.000000	-0.000000	0.000000	1
36	0.100000	2.260000	0.000000	-0.000000	0.000000	1
36	0.100000	2.280000	0.000000	-0.000000	0.000000	1
36	0.100000	2.300000	0.000000	-0.000000	0.000000	1
36	0.100000	2.320000	0.000000	-0.000000	0.000000	1
36	0.100000	2.340000	0.000000	-0.000000	0.000000	1
36	0.100000	2.360000	0.000000	-0.000000	0.000000	1
36	0.100000	2.380000	0.000000	-0.000000	0.000000	1
36	0.100000	2.400000	0.000000	-0.000000	0.000000	1
36	0.100000	2.420000	0.000000	-0.000000	0.000000	1
36	0.100000	2.440000	0.000000	-0.000000	0.000000	1
36	0.100000	2.460000	0.000000	-0.000000	0.000000	1
36	0.100000	2.480000	0.000000	-0.000000	0.000000	1
36	0.100000	2.500000	0.000000	-0.000000	0.000000	1
36	0.100000	2.520000	0.000000	-0.000000	0.000000	1
36	0.100000	2.540000	0.000000	-0.000000	0.000000	1
36	0.100000	2.560000	0.000000	-0.000000	0.000000	1
36	0.100000	2.580000	0.000000	-0.000000	0.000000	1
36	0.100000	2.600000	0.000000	-0.000000	0.000000	1
36	0.100000	2.620000	0.000000	-0.000000	0.000000	1
36	0.100000	2.640000	0.000000	-0.000000	0.000000	1
36	0.100000	2.660000	0.000000	-0.000000	0.000000	1
36	0.100000	2.680000	0.000000	-0.000000	0.000000	1
36	0.100000	2.700000	0.000000	-0.000000	0.000000	1
36	0.100000	2.720000	0.000000	-0.000000	0.000000	1
36	0.100000	2.740000	0.000000	-0.000000	0.000000	1
36	0.100000	2.760000	0.000000	-0.000000	0.000000	1
36	0.100000	2.780000	0.000000	-0.000000	0.000000	1
36	0.100000	2.800000	0.000000	-0.000000	0.000000	1
36	0.100000	2.820000	0.000000	-0.000000	0.000000	1
36	0.100000	2.840000	0.000000	-0.000000	0.000000	1
36	0.100000	2.860000	0.000000	-0.000000	0.000000	1
36	0.100000	2.880000	0.000000	-0.000000	0.000000	1
36	0.100000	2.900000	0.000000	-0.000000	0.000000	1
36	0.100000	2.920000	0.000000	-0.000000	0.000000	1
36	0.100000	2.940000	0.000000	-0.000000	0.000000	1
36	0.100000	2.960000	0.000000	-0.000000	0.000000	1
36	0.100000	2.980000	0.000000	-0.000000	0.000000	1
36	0.100000	3.000000	0.000000	-0.000000	0.000000	1
36	0.100000	3.020000	0.000000	-0.000000	0.000000	1
36	0.100000	3.040000	0.000000	-0.000000	0.000000	1
36	0.100000	3.060000	0.000000	-0.000000	0.000000	1
36	0.100000	3.080000	0.000000	-0.000000	0.000000	1
36	0.100000	3.100000	0.000000	-0.000000	0.000000	1
36	0.100000	3.120000	0.000000	-0.000000	0.000000	1
36	0.100000	3.140000	0.000000	-0.000000	0.000000	1
36	0.100000	3.160000	0.000000	-0.000000	0.000000	1
36	0.100000	3.180000	0.000000	-0.000000	0.000000	1
36	0.100000	3.200000	0.000000	-0.000000	0.000000	1
36	0.100000	3.220000	0.000000	-0.000000	0.000000	1
36	0.100000	3.240000	0.000000	-0.000000	0.000000	1
36	0.100000	3.260000	0.000000	-0.000000	0.000000	1
36	0.100000	3.280000	0.000000	-0.000000	0.000000	1
36	0.100000	3.300000	0.000000	-0.000000	0.000000	1
36	0.100000	3.320000	0.000000	-0.000000	0.000000	1
36	0.100000	3.340000	0.000000	-0.000000	0.000000	1
36	0.100000	3.360000	0.000000	-0.000000	0.000000	1
36	0.100000	3.380000	0.000000	-0.000000	0.000000	1
36	0.100000	3.400000	0.000000	-0.000000	0.000000	1
36	0.100000	3.420000	0.000000	-0.000000	0.000000	1
36	0.100000	3.440000	0.000000	-0.000000	0.000000	1
36	0.100000	3.460000	0.000000	-0.000000	0.000000	1
36	0.100000	3.480000	0.000000	-0.000000	0.000000	1
36	0.100000	3.500000	0.000000	-0.000000	0.000000	1
36	0.100000	3.520000	0.000000	-0.000000	0.000000	1
36	0.100000	3.540000	0.000000	-0.000000	0.000000	1
36	0.100000	3.560000	0.000000	-0.000000	0.000000	1
36	0.100000	3.580000	0.000000	-0.000000	0.000000	1
36	0.100000	3.600000	0.000000	-0.000000	0.000000	1
36	0.100000	3.620000	0.000000	-0.000000	0.000000	1
36	0.100000	3.640000	0.000000	-0.000000	0.000000	1
36	0.100000	3.660000	0.000000	-0.000000	0.000000	1
36	0.100000	3.680000	0.000000	-0.000000	0.000000	1
36	0.100000	3.700000	0.000000	-0.000000	0.000000	1
36	0.100000	3.720000	0.000000	-0.000000	0.000000	1
36	0.100000	3.740000	0.000000	-0.000000	0.000000	1
36	0.100000	3.760000	0.000000	-0.000000	0.000000	1
36	0.100000	3.780000	0.000000	-0.000000	0.000000	1
36	0.100000	3.800000	0.000000	-0.000000	0.000000	1
36	0.100000	3.820000	0.000000	-0.000000	0.000000	1
36	0.100000	3.840000	0.000000	-0.000000	0.000000	1
36	0.100000	3.860000	0.000000	-0.000000	0.000000	1
36	0.100000	3.880000	0.000000	-0.000000	0.000000	1
36	0.100000	3.900000	0.000000	-0.000000	0.000000	1
36	0.100000	3.920000	0.000000	-0.000000	0.000000	1
36	0.100000	3.940000	0.000000	-0.000000	0.000000	1
36	0.100000	3.960000	0.000000	-0.000000	0.000000	1
36	0.100000	3.980000	0.000000	-0.000000	0.000000	1
36	0.200000	0.000000	0.000000	-0.000000	0.000000	1
36	0.200000	0.020000	0.000000	-0.000000	0.000000	1
36	0.200000	0.040000	0.000000	-0.000000	0.000000	1
36	0.200000	0.060000	0.000000	-0.000000	0.000000	1
36	0.200000	0.080000	0.000000	-0.000000	0.000000	1
36	0.200000	0.100000	0.002303	-0.000000	0.000000	1
36	0.200000	0.120000	0.002304	-0.000000	0.000000	1
36	0.200000	0.140000	0.002304	-0.000000	0.000000	1
36	0.200000	0.160000	0.002305	-0.000000	0.000000	1
36	0.200000	0.180000	0.002306	-0.000000	0.000000	1
36	0.200000	0.200000	0.002305	-0.000000	0.000000	1
36	0.200000	0.220000	0.002193	-0.000000	0.000000	1
36	0.200000	0.240000	0.001783	-0.000000	0.000000	1
36	0.200000	0.260000	0.001758	-0.000000	0.000000	1
36	0.200000	0.280000	0.001684	-0.000000	0.000000	1
36	0.200000	0.300000	0.001607	-0.000000	0.000000	1
36	0.200000	0.320000	0.001636	-0.000000	0.000000	1
36	0.200000	0.340000	0.001875	-0.000000	0.000000	1
36	0.200000	0.360000	0.002180	-0.000000	0.000000	1
36	0.200000	0.380000	0.002265	-0.000000	0.000000	1
36	0.200000	0.400000	0.002215	-0.000000	0.000000	1
36	0.200000	0.420000	0.001969	-0.000000	0.000000	1
36	0.200000	0.440000	0.001967	-0.000000	0.000000	1
36	0.200000	0.460000	0.001970	-0.000000	0.000000	1
36	0.200000	0.480000	0.001958	-0.000000	0.000000	1
36	0.200000	0.500000	0.001944	-0.000000	0.000000	1
36	0.200000	0.520000	0.001994	-0.000000	0.000000	1
36	0.200000	0.540000	0.002055	-0.000000	0.000000	1
36	0.200000	0.560000	0.001968	-0.000000	0.000000	1
36	0.200000	0.580000	0.001941	-0.000000	0.000000	1
36	0.200000	0.600000	0.001988	-0.000000	0.000000	1
36	0.200000	0.620000	0.001998	-0.000000	0.000000	1
36	0.200000	0.640000	0.002021	-0.000000	0.000000	1
36	0.200000	0.660000	0.002012	-0.000000	0.000000	1
36	0.200000	0.680000	0.002018	-0.000000	0.000000	1
36	0.200000	0.700000	0.002090	-0.000000	0.000000	1
36	0.200000	0.720000	0.002116	-0.000000	0.000000	1
36	0.200000	0.740000	0.002007	-0.000000	0.000000	1
36	0.200000	0.760000	0.001973	-0.000000	0.000000	1
36	0.200000	0.780000	0.001986	-0.000000	0.000000	1
36	0.200000	0.800000	0.002001	-0.000000	0.000000	1
36	0.200000	0.820000	0.002006	-0.000000	0.000000	1
36	0.200000	0.840000	0.002018	-0.000000	0.000000	1
36	0.200000	0.860000	0.002027	-0.000000	0.000000	1
36	0.200000	0.880000	0.001995	-0.000000	0.000000	1
36	0.200000	0.900000	0.001972	-0.000000	0.000000	1
36	0.200000	0.920000	0.001993	-0.000000	0.000000	1
36	0.200000	0.940000	0.001994	-0.000000	0.000000	1
36	0.200000	0.960000	0.002221	-0.000000	0.000000	1
36	0.200000	0.980000	0.002810	-0.000000	0.000000	1
36	0.200000	1.000000	0.002991	-0.000000	0.000000	1
36	0.200000	1.020000	0.002848	-0.000000	0.000000	1
36	0.200000	1.040000	0.002228	-0.000000	0.000000	1
36	0.200000	1.060000	0.002022	-0.000000	0.000000	1
36	0.200000	1.080000	0.001998	-0.000000	0.000000	1
36	0.200000	1.100000	0.002004	-0.000000	0.000000	1
36	0.200000	1.120000	0.002041	-0.000000	0.000000	1
36	0.200000	1.140000	0.002029	-0.000000	0.000000	1
36	0.200000	1.160000	0.001993	-0.000000	0.000000	1
36	0.200000	1.180000	0.001979	-0.000000	0.000000	1
36	0.200000	1.200000	0.002005	-0.000000	0.000000	1
36	0.200000	1.220000	0.002055	-0.000000	0.000000	1
36	0.200000	1.240000	0.002063	-0.000000	0.000000	1
36	0.200000	1.260000	0.002024	-0.000000	0.000000	1
36	0.200000	1.280000	0.001995	-0.000000	0.000000	1
36	0.200000	1.300000	0.001969	-0.000000	0.000000	1
36	0.200000	1.320000	0.001988	-0.000000	0.000000	1
36	0.200000	1.340000	0.002029	-0.000000	0.000000	1
36	0.200000	1.360000	0.002046	-0.000000	0.000000	1
36	0.200000	1.380000	0.002039	-0.000000	0.000000	1
36	0.200000	1.400000	0.002019	-0.000000	0.000000	1
36	0.200000	1.420000	0.002010	-0.000000	0.000000	1
36	0.200000	1.440000	0.002043	-0.000000	0.000000	1
36	0.200000	1.460000	0.002093	-0.000000	0.000000	1
36	0.200000	1.480000	0.002142	-0.000000	0.000000	1
36	0.200000	1.500000	0.002150	-0.000000	0.000000	1
36	0.200000	1.520000	0.002115	-0.000000	0.000000	1
36	0.200000	1.540000	0.002091	-0.000000	0.000000	1
36	0.200000	1.560000	0.002103	-0.000000	0.000000	1
36	0.200000	1.580000	0.002169	-0.000000	0.000000	1
36	0.200000	1.600000	0.000000	-0.000000	0.000000	1
36	0.200000	1.620000	0.000000	-0.000000	0.000000	1
36	0.200000	1.640000	0.000000	-0.000000	0.000000	1
36	0.200000	1.660000	0.000000	-0.000000	0.000000	1
36	0.200000	1.680000	0.000000	-0.000000	0.000000	1
36	0.200000	1.700000	0.000000	-0.000000	0.000000	1
36	0.200000	1.720000	0.000000	-0.000000	0.000000	1
36	0.200000	1.740000	0.000000	-0.000000	0.000000	1
36	0.200000	1.760000	0.000000	-0.000000	0.000000	1
36	0.200000	1.780000	0.000000	-0.000000	0.000000	1
36	0.200000	1.800000	0.000000	-0.000000	0.000000	1
36	0.200000	1.820000	0.000000	-0.000000	0.000000	1
36	0.200000	1.840000	0.000000	-0.000000	0.000000	1
36	0.200000	1.860000	0.000000	-0.000000	0.000000	1
36	0.200000	1.880000	0.000000	-0.000000	0.000000	1
36	0.200000	1.900000	0.000000	-0.000000	0.000000	1
36	0.200000	1.920000	0.000000	-0.000000	0.000000	1
36	0.200000	1.940000	0.000000	-0.000000	0.000000	1
36	0.200000	1.960000	0.000000	-0.000000	0.000000	1
36	0.200000	1.980000	0.000000	-0.000000	0.000000	1
36	0.200000	2.000000	0.000000	-0.000000	0.000000	1
36	0.200000	2.020000	0.000000	-0.000000	0.000000	1
36	0.200000	2.040000	0.000000	-0.000000	0.000000	1
36	0.200000	2.060000	0.000000	-0.000000	0.000000	1
36	0.200000	2.080000	0.000000	-0.000000	0.000000	1
36	0.200000	2.100000	0.000000	-0.000000	0.000000	1
36	0.200000	2.120000	0.000000	-0.000000	0.000000	1
36	0.200000	2.140000	0.000000	-0.000000	0.000000	1
36	0.200000	2.160000	0.000000	-0.000000	0.000000	1
36	0.200000	2.180000	0.000000	-0.000000	0.000000	1
36	0.200000	2.200000	0.000000	-0.000000	0.000000	1
36	0.200000	2.220000	0.000000	-0.000000	0.000000	1
36	0.200000	2.240000	0.000000	-0.000000	0.000000	1
36	0.200000	2.260000	0.000000	-0.000000	0.000000	1
36	0.200000	2.280000	0.000000	-0.000000	0.000000	1
36	0.200000	2.300000	0.000000	-0.000000	0.000000	1
36	0.200000	2.320000	0.000000	-0.000000	0.000000	1
36	0.200000	2.340000	0.000000	-0.000000	0.000000	1
36	0.200000	2.360000	0.000000	-0.000000	0.000000	1
36	0.200000	2.380000	0.000000	-0.000000	0.000000	1
36	0.200000	2.400000	0.000000	-0.000000	0.000000	1
36	0.200000	2.420000	0.000000	-0.000000	0.000000	1
36	0.200000	2.440000	0.000000	-0.000000	0.000000	1
36	0.200000	2.460000	0.000000	-0.000000	0.000000	1
36	0.200000	2.480000	0.000000	-0.000000	0.000000	1
36	0.200000	2.500000	0.000000	-0.000000	0.000000	1
36	0.200000	2.520000	0.000000	-0.000000	0.000000	1
36	0.200000	2.540000	0.000000	-0.000000	0.000000	1
36	0.200000	2.560000	0.000000	-0.000000	0.000000	1
36	0.200000	2.580000	0.000000	-0.000000	0.000000	1
36	0.200000	2.600000	0.000000	-0.000000	0.000000	1
36	0.200000	2.620000	0.000000	-0.000000	0.000000	1
36	0.200000	2.640000	0.000000	-0.000000	0.000000	1
36	0.200000	2.660000	0.000000	-0.000000	0.000000	1
36	0.200000	2.680000	0.000000	-0.000000	0.000000	1
36	0.200000	2.700000	0.000000	-0.000000	0.000000	1
36	0.200000	2.720000	0.000000	-0.000000	0.000000	1
36	0.200000	2.740000	0.000000	-0.000000	0.000000	1
36	0.200000	2.760000	0.000000	-0.000000	0.000000	1
36	0.200000	2.780000	0.000000	-0.000000	0.000000	1
36	0.200000	2.800000	0.000000	-0.000000	0.000000	1
36	0.200000	2.820000	0.000000	-0.000000	0.000000	1
36	0.200000	2.840000	0.000000	-0.000000	0.000000	1
36	0.200000	2.860000	0.000000	-0.000000	0.000000	1
36	0.200000	2.880000	0.000000	-0.000000	0.000000	1
36	0.200000	2.900000	0.000000	-0.000000	0.000000	1
36	0.200000	2.920000	0.000000	-0.000000	0.000000	1
36	0.200000	2.940000	0.000000	-0.000000	0.000000	1
36	0.200000	2.960000	0.000000	-0.000000	0.000000	1
36	0.200000	2.980000	0.000000	-0.000000	0.000000	1
36	0.200000	3.000000	0.000000	-0.000000	0.000000	1
36	0.200000	3.020000	0.000000	-0.000000	0.000000	1
36	0.200000	3.040000	0.000000	-0.000000	0.000000	1
36	0.200000	3.060000	0.000000	-0.000000	0.000000	1
36	0.200000	3.080000	0.000000	-0.000000	0.000000	1
36	0.200000	3.100000	0.000000	-0.000000	0.000000	1
36	0.200000	3.120000	0.000000	-0.000000	0.000000	1
36	0.200000	3.140000	0.000000	-0.000000	0.000000	1
36	0.200000	3.160000	0.000000	-0.000000	0.000000	1
36	0.200000	3.180000	0.000000	-0.000000	0.000000	1
36	0.200000	3.200000	0.000000	-0.000000	0.000000	1
36	0.200000	3.220000	0.000000	-0.000000	0.000000	1
36	0.200000	3.240000	0.000000	-0.000000	0.000000	1
36	0.200000	3.260000	0.000000	-0.000000	0.000000	1
36	0.200000	3.280000	0.000000	-0.000000	0.000000	1
36	0.200000	3.300000	0.000000	-0.000000	0.000000	1
36	0.200000	3.320000	0.000000	-0.000000	0.000000	1
36	0.200000	3.340000	0.000000	-0.000000	0.000000	1
36	0.200000	3.360000	0.000000	-0.000000	0.000000	1
36	0.200000	3.380000	0.000000	-0.000000	0.000000	1
36	0.200000	3.400000	0.000000	-0.000000	0.000000	1
36	0.200000	3.420000	0.000000	-0.000000	0.000000	1
36	0.200000	3.440000	0.000000	-0.000000	0.000000	1
36	0.200000	3.460000	0.000000	-0.000000	0.000000	1
36	0.200000	3.480000	0.000000	-0.000000	0.000000	1
36	0.200000	3.500000	0.000000	-0.000000	0.000000	1
36	0.200000	3.520000	0.000000	-0.000000	0.000000	1
36	0.200000	3.540000	0.000000	-0.000000	0.000000	1
36	0.200000	3.560000	0.000000	-0.000000	0.000000	1
36	0.200000	3.580000	0.000000	-0.000000	0.000000	1
36	0.200000	3.600000	0.000000	-0.000000	0.000000	1
36	0.200000	3.620000	0.000000	-0.000000	0.000000	1
36	0.200000	3.640000	0.000000	-0.000000	0.000000	1
36	0.200000	3.660000	0.000000	-0.000000	0.000000	1
36	0.200000	3.680000	0.000000	-0.000000	0.000000	1
36	0.200000	3.700000	0.000000	-0.000000	0.000000	1
36	0.200000	3.720000	0.000000	-0.000000	0.000000	1
36	0.200000	3.740000	0.000000	-0.000000	0.000000	1
36	0.200000	3.760000	0.000000	-0.000000	0.000000	1
36	0.200000	3.780000	0.000000	-0.000000	0.000000	1
36	0.200000	3.800000	0.000000	-0.000000	0.000000	1
36	0.200000	3.820000	0.000000	-0.000000	0.000000	1
36	0.200000	3.840000	0.000000	-0.000000	0.000000	1
36	0.200000	3.860000	0.000000	-0.000000	0.000000	1
36	0.200000	3.880000	0.000000	-0.000000	0.000000	1
36	0.200000	3.900000	0.000000	-0.000000	0.000000	1
36	0.200000	3.920000	0.000000	-0.000000	0.000000	1
36	0.200000	3.940000	0.000000	-0.000000	0.000000	1
36	0.200000	3.960000	0.000000	-0.000000	0.000000	1
36	0.200000	3.980000	0.000000	-0.000000	0.000000	1
36	0.300000	0.000000	0.000000	-0.000000	0.000000	1
36	0.300000	0.020000	0.000000	-0.000000	0.000000	1
36	0.300000	0.040000	0.000000	-0.000000	0.000000	1
36	0.300000	0.060000	0.000000	-0.000000	0.000000	1
36	0.300000	0.080000	0.000000	-0.000000	0.000000	1
36	0.300000	0.100000	0.002310	-0.000000	0.000000	1
36	0.300000	0.120000	0.002312	-0.000000	0.000000	1
36	0.300000	0.140000	0.002314	-0.000000	0.000000	1
36	0.300000	0.160000	0.002315	-0.000000	0.000000	1
36	0.300000	0.180000	0.002316	-0.000000	0.000000	1
36	0.300000	0.200000	0.002316	-0.000000	0.000000	1
36	0.300000	0.220000	0.002199	-0.000000	0.000000	1
36	0.300000	0.240000	0.001773	-0.000000	0.000000	1
36	0.300000	0.260000	0.001748	-0.000000	0.000000	1
36	0.300000	0.280000	0.001677	-0.000000	0.000000	1
36	0.300000	0.300000	0.001605	-0.000000	0.000000	1
36	0.300000	0.320000	0.001638	-0.000000	0.000000	1
36	0.300000	0.340000	0.001879	-0.000000	0.000000	1
36	0.300000	0.360000	0.002187	-0.000000	0.000000	1
36	0.300000	0.380000	0.002273	-0.000000	0.000000	1
36	0.300000	0.400000	0.002223	-0.000000	0.000000	1
36	0.300000	0.420000	0.001978	-0.000000	0.000000	1
36	0.300000	0.440000	0.001975	-0.000000	0.000000	1
36	0.300000	0.460000	0.001978	-0.000000	0.000000	1
36	0.300000	0.480000	0.001957	-0.000000	0.000000	1
36	0.300000	0.500000	0.001931	-0.000000	0.000000	1
36	0.300000	0.520000	0.001981	-0.000000	0.000000	1
36	0.300000	0.540000	0.002051	-0.000000	0.000000	1
36	0.300000	0.560000	0.001968	-0.000000	0.000000	1
36	0.300000	0.580000	0.001941	-0.000000	0.000000	1
36	0.300000	0.600000	0.001988	-0.000000	0.000000	1
36	0.300000	0.620000	0.001998	-0.000000	0.000000	1
36	0.300000	0.640000	0.002019	-0.000000	0.000000	1
36	0.300000	0.660000	0.002009	-0.000000	0.000000	1
36	0.300000	0.680000	0.002017	-0.000000	0.000000	1
36	0.300000	0.700000	0.002090	-0.000000	0.000000	1
36	0.300000	0.720000	0.002114	-0.000000	0.000000	1
36	0.300000	0.740000	0.001998	-0.000000	0.000000	1
36	0.300000	0.760000	0.001959	-0.000000	0.000000	1
36	0.300000	0.780000	0.001976	-0.000000	0.000000	1
36	0.300000	0.800000	0.001999	-0.000000	0.000000	1
36	0.300000	0.820000	0.002017	-0.000000	0.000000	1
36	0.300000	0.840000	0.002026	-0.000000	0.000000	1
36	0.300000	0.860000	0.002032	-0.000000	0.000000	1
36	0.300000	0.880000	0.002001	-0.000000	0.000000	1
36	0.300000	0.900000	0.001978	-0.000000	0.000000	1
36	0.300000	0.920000	0.001993	-0.000000	0.000000	1
36	0.300000	0.940000	0.001995	-0.000000	0.000000	1
36	0.300000	0.960000	0.002244	-0.000000	0.000000	1
36	0.300000	0.980000	0.002845	-0.000000	0.000000	1
36	0.300000	1.000000	0.003037	-0.000000	0.000000	1
36	0.300000	1.020000	0.002905	-0.000000	0.000000	1
36	0.300000	1.040000	0.002256	-0.000000	0.000000	1
36	0.300000	1.060000	0.002027	-0.000000	0.000000	1
36	0.300000	1.080000	0.001999	-0.000000	0.000000	1
36	0.300000	1.100000	0.002004	-0.000000	0.000000	1
36	0.300000	1.120000	0.002044	-0.000000	0.000000	1
36	0.300000	1.140000	0.002038	-0.000000	0.000000	1
36	0.300000	1.160000	0.002002	-0.000000	0.000000	1
36	0.300000	1.180000	0.001985	-0.000000	0.000000	1
36	0.300000	1.200000	0.002012	-0.000000	0.000000	1
36	0.300000	1.220000	0.002063	-0.000000	0.000000	1
36	0.300000	1.240000	0.002073	-0.000000	0.000000	1
36	0.300000	1.260000	0.002036	-0.000000	0.000000	1
36	0.300000	1.280000	0.002005	-0.000000	0.000000	1
36	0.300000	1.300000	0.001977	-0.000000	0.000000	1
36	0.300000	1.320000	0.001993	-0.000000	0.000000	1
36	0.300000	1.340000	0.002033	-0.000000	0.000000	1
36	0.300000	1.360000	0.002052	-0.000000	0.000000	1
36	0.300000	1.380000	0.002053	-0.000000	0.000000	1
36	0.300000	1.400000	0.002040	-0.000000	0.000000	1
36	0.300000	1.420000	0.002031	-0.000000	0.000000	1
36	0.300000	1.440000	0.002048	-0.000000	0.000000	1
36	0.300000	1.460000	0.002095	-0.000000	0.000000	1
36	0.300000	1.480000	0.002154	-0.000000	0.000000	1
36	0.300000	1.500000	0.002166	-0.000000	0.000000	1
36	0.300000	1.520000	0.002126	-0.000000	0.000000	1
36	0.300000	1.540000	0.002099	-0.000000	0.000000	1
36	0.300000	1.560000	0.002114	-0.000000	0.000000	1
36	0.300000	1.580000	0.002207	-0.000000	0.000000	1
36	0.300000	1.600000	0.002450	-0.000000	0.000000	1
36	0.300000	1.620000	0.000000	-0.000000	0.000000	1
36	0.300000	1.640000	0.000000	-0.000000	0.000000	1
36	0.300000	1.660000	0.000000	-0.000000	0.000000	1
36	0.300000	1.680000	0.000000	-0.000000	0.000000	1
36	0.300000	1.700000	0.000000	-0.000000	0.000000	1
36	0.300000	1.720000	0.000000	-0.000000	0.000000	1
36	0.300000	1.740000	0.000000	-0.000000	0.000000	1
36	0.300000	1.760000	0.000000	-0.000000	0.000000	1
36	0.300000	1.780000	0.000000	-0.000000	0.000000	1
36	0.300000	1.800000	0.000000	-0.000000	0.000000	1
36	0.300000	1.820000	0.000000	-0.000000	0.000000	1
36	0.300000	1.840000	0.000000	-0.000000	0.000000	1
36	0.300000	1.860000	0.000000	-0.000000	0.000000	1
36	0.300000	1.880000	0.000000	-0.000000	0.000000	1
36	0.300000	1.900000	0.000000	-0.000000	0.000000	1
36	0.300000	1.920000	0.000000	-0.000000	0.000000	1
36	0.300000	1.940000	0.000000	-0.000000	0.000000	1
36	0.300000	1.960000	0.000000	-0.000000	0.000000	1
36	0.300000	1.980000	0.000000	-0.000000	0.000000	1
36	0.300000	2.000000	0.000000	-0.000000	0.000000	1
36	0.300000	2.020000	0.000000	-0.000000	0.000000	1
36	0.300000	2.040000	0.000000	-0.000000	0.000000	1
36	0.300000	2.060000	0.000000	-0.000000	0.000000	1
36	0.300000	2.080000	0.000000	-0.000000	0.000000	1
36	0.300000	2.100000	0.000000	-0.000000	0.000000	1
36	0.300000	2.120000	0.000000	-0.000000	0.000000	1
36	0.300000	2.140000	0.000000	-0.000000	0.000000	1
36	0.300000	2.160000	0.000000	-0.000000	0.000000	1
36	0.300000	2.180000	0.000000	-0.000000	0.000000	1
36	0.300000	2.200000	0.000000	-0.000000	0.000000	1
36	0.300000	2.220000	0.000000	-0.000000	0.000000	1
36	0.300000	2.240000	0.000000	-0.000000	0.000000	1
36	0.300000	2.260000	0.000000	-0.000000	0.000000	1
36	0.300000	2.280000	0.000000	-0.000000	0.000000	1
36	0.300000	2.300000	0.000000	-0.000000	0.000000	1
36	0.300000	2.320000	0.000000	-0.000000	0.000000	1
36	0.300000	2.340000	0.000000	-0.000000	0.000000	1
36	0.300000	2.360000	0.000000	-0.000000	0.000000	1
36	0.300000	2.380000	0.000000	-0.000000	0.000000	1
36	0.300000	2.400000	0.000000	-0.000000	0.000000	1
36	0.300000	2.420000	0.000000	-0.000000	0.000000	1
36	0.300000	2.440000	0.000000	-0.000000	0.000000	1
36	0.300000	2.460000	0.000000	-0.000000	0.000000	1
36	0.300000	2.480000	0.000000	-0.000000	0.000000	1
36	0.300000	2.500000	0.000000	-0.000000	0.000000	1
36	0.300000	2.520000	0.000000	-0.000000	0.000000	1
36	0.300000	2.540000	0.000000	-0.000000	0.000000	1
36	0.300000	2.560000	0.000000	-0.000000	0.000000	1
36	0.300000	2.580000	0.000000	-0.000000	0.000000	1
36	0.300000	2.600000	0.000000	-0.000000	0.000000	1
36	0.300000	2.620000	0.000000	-0.000000	0.000000	1
36	0.300000	2.640000	0.000000	-0.000000	0.000000	1
36	0.300000	2.660000	0.000000	-0.000000	0.000000	1
36	0.300000	2.680000	0.000000	-0.000000	0.000000	1
36	0.300000	2.700000	0.000000	-0.000000	0.000000	1
36	0.300000	2.720000	0.000000	-0.000000	0.000000	1
36	0.300000	2.740000	0.000000	-0.000000	0.000000	1
36	0.300000	2.760000	0.000000	-0.000000	0.000000	1
36	0.300000	2.780000	0.000000	-0.000000	0.000000	1
36	0.300000	2.800000	0.000000	-0.000000	0.000000	1
36	0.300000	2.820000	0.000000	-0.000000	0.000000	1
36	0.300000	2.840000	0.000000	-0.000000	0.000000	1
36	0.300000	2.860000	0.000000	-0.000000	0.000000	1
36	0.300000	2.880000	0.000000	-0.000000	0.000000	1
36	0.300000	2.900000	0.000000	-0.000000	0.000000	1
36	0.300000	2.920000	0.000000	-0.000000	0.000000	1
36	0.300000	2.940000	0.000000	-0.000000	0.000000	1
36	0.300000	2.960000	0.000000	-0.000000	0.000000	1
36	0.300000	2.980000	0.000000	-0.000000	0.000000	1
36	0.300000	3.000000	0.000000	-0.000000	0.000000	1
36	0.300000	3.020000	0.000000	-0.000000	0.000000	1
36	0.300000	3.040000	0.000000	-0.000000	0.000000	1
36	0.300000	3.060000	0.000000	-0.000000	0.000000	1
36	0.300000	3.080000	0.000000	-0.000000	0.000000	1
36	0.300000	3.100000	0.000000	-0.000000	0.000000	1
36	0.300000	3.120000	0.000000	-0.000000	0.000000	1
36	0.300000	3.140000	0.000000	-0.000000	0.000000	1
36	0.300000	3.160000	0.000000	-0.000000	0.000000	1
36	0.300000	3.180000	0.000000	-0.000000	0.000000	1
36	0.300000	3.200000	0.000000	-0.000000	0.000000	1
36	0.300000	3.220000	0.000000	-0.000000	0.000000	1
36	0.300000	3.240000	0.000000	-0.000000	0.000000	1
36	0.300000	3.260000	0.000000	-0.000000	0.000000	1
36	0.300000	3.280000	0.000000	-0.000000	0.000000	1
36	0.300000	3.300000	0.000000	-0.000000	0.000000	1
36	0.300000	3.320000	0.000000	-0.000000	0.000000	1
36	0.300000	3.340000	0.000000	-0.000000	0.000000	1
36	0.300000	3.360000	0.000000	-0.000000	0.000000	1
36	0.300000	3.380000	0.000000	-0.000000	0.000000	1
36	0.300000	3.400000	0.000000	-0.000000	0.000000	1
36	0.300000	3.420000	0.000000	-0.000000	0.000000	1
36	0.300000	3.440000	0.000000	-0.000000	0.000000	1
36	0.300000	3.460000	0.000000	-0.000000	0.000000	1
36	0.300000	3.480000	0.000000	-0.000000	0.000000	1
36	0.300000	3.500000	0.000000	-0.000000	0.000000	1
36	0.300000	3.520000	0.000000	-0.000000	0.000000	1
36	0.300000	3.540000	0.000000	-0.000000	0.000000	1
36	0.300000	3.560000	0.000000	-0.000000	0.000000	1
36	0.300000	3.580000	0.000000	-0.000000	0.000000	1
36	0.300000	3.600000	0.000000	-0.000000	0.000000	1
36	0.300000	3.620000	0.000000	-0.000000	0.000000	1
36	0.300000	3.640000	0.000000	-0.000000	0.000000	1
36	0.300000	3.660000	0.000000	-0.000000	0.000000	1
36	0.300000	3.680000	0.000000	-0.000000	0.000000	1
36	0.300000	3.700000	0.000000	-0.000000	0.000000	1
36	0.300000	3.720000	0.000000	-0.000000	0.000000	1
36	0.300000	3.740000	0.000000	-0.000000	0.000000	1
36	0.300000	3.760000	0.000000	-0.000000	0.000000	1
36	0.300000	3.780000	0.000000	-0.000000	0.000000	1
36	0.300000	3.800000	0.000000	-0.000000	0.000000	1
36	0.300000	3.820000	0.000000	-0.000000	0.000000	1
36	0.300000	3.840000	0.000000	-0.000000	0.000000	1
36	0.300000	3.860000	0.000000	-0.000000	0.000000	1
36	0.300000	3.880000	0.000000	-0.000000	0.000000	1
36	0.300000	3.900000	0.000000	-0.000000	0.000000	1
36	0.300000	3.920000	0.000000	-0.000000	0.000000	1
36	0.300000	3.940000	0.000000	-0.000000	0.000000	1
36	0.300000	3.960000	0.000000	-0.000000	0.000000	1
36	0.300000	3.980000	0.000000	-0.000000	0.000000	1
36	0.400000	0.000000	0.000000	-0.000000	0.000000	1
36	0.400000	0.020000	0.000000	-0.000000	0.000000	1
36	0.400000	0.040000	0.000000	-0.000000	0.000000	1
36	0.400000	0.060000	0.000000	-0.000000	0.000000	1
36	0.400000	0.080000	0.000000	-0.000000	0.000000	1
36	0.400000	0.100000	0.002316	-0.000000	0.000000	1
36	0.400000	0.120000	0.002318	-0.000000	0.000000	1
36	0.400000	0.140000	0.002321	-0.000000	0.000000	1
36	0.400000	0.160000	0.002323	-0.000000	0.000000	1
36	0.400000	0.180000	0.002325	-0.000000	0.000000	1
36	0.400000	0.200000	0.002325	-0.000000	0.000000	1
36	0.400000	0.220000	0.002204	-0.000000	0.000000	1
36	0.400000	0.240000	0.001763	-0.000000	0.000000	1
36	0.400000	0.260000	0.001737	-0.000000	0.000000	1
36	0.400000	0.280000	0.001669	-0.000000	0.000000	1
36	0.400000	0.300000	0.001603	-0.000000	0.000000	1
36	0.400000	0.320000	0.001640	-0.000000	0.000000	1
36	0.400000	0.340000	0.001884	-0.000000	0.000000	1
36	0.400000	0.360000	0.002194	-0.000000	0.000000	1
36	0.400000	0.380000	0.002281	-0.000000	0.000000	1
36	0.400000	0.400000	0.002231	-0.000000	0.000000	1
36	0.400000	0.420000	0.001984	-0.000000	0.000000	1
36	0.400000	0.440000	0.001981	-0.000000	0.000000	1
36	0.400000	0.460000	0.001984	-0.000000	0.000000	1
36	0.400000	0.480000	0.001953	-0.000000	0.000000	1
36	0.400000	0.500000	0.001915	-0.000000	0.000000	1
36	0.400000	0.520000	0.001967	-0.000000	0.000000	1
36	0.400000	0.540000	0.002047	-0.000000	0.000000	1
36	0.400000	0.560000	0.001969	-0.000000	0.000000	1
36	0.400000	0.580000	0.001942	-0.000000	0.000000	1
36	0.400000	0.600000	0.001988	-0.000000	0.000000	1
36	0.400000	0.620000	0.002002	-0.000000	0.000000	1
36	0.400000	0.640000	0.002045	-0.000000	0.000000	1
36	0.400000	0.660000	0.002031	-0.000000	0.000000	1
36	0.400000	0.680000	0.002031	-0.000000	0.000000	1
36	0.400000	0.700000	0.002096	-0.000000	0.000000	1
36	0.400000	0.720000	0.002122	-0.000000	0.000000	1
36	0.400000	0.740000	0.002021	-0.000000	0.000000	1
36	0.400000	0.760000	0.001985	-0.000000	0.000000	1
36	0.400000	0.780000	0.001985	-0.000000	0.000000	1
36	0.400000	0.800000	0.002005	-0.000000	0.000000	1
36	0.400000	0.820000	0.002035	-0.000000	0.000000	1
36	0.400000	0.840000	0.002036	-0.000000	0.000000	1
36	0.400000	0.860000	0.002036	-0.000000	0.000000	1
36	0.400000	0.880000	0.002004	-0.000000	0.000000	1
36	0.400000	0.900000	0.001981	-0.000000	0.000000	1
36	0.400000	0.920000	0.001993	-0.000000	0.000000	1
36	0.400000	0.940000	0.001996	-0.000000	0.000000	1
36	0.400000	0.960000	0.002262	-0.000000	0.000000	1
36	0.400000	0.980000	0.002887	-0.000000	0.000000	1
36	0.400000	1.000000	0.003103	-0.000000	0.000000	1
36	0.400000	1.020000	0.002985	-0.000000	0.000000	1
36	0.400000	1.040000	0.002293	-0.000000	0.000000	1
36	0.400000	1.060000	0.002033	-0.000000	0.000000	1
36	0.400000	1.080000	0.001998	-0.000000	0.000000	1
36	0.400000	1.100000	0.002002	-0.000000	0.000000	1
36	0.400000	1.120000	0.002049	-0.000000	0.000000	1
36	0.400000	1.140000	0.002051	-0.000000	0.000000	1
36	0.400000	1.160000	0.002016	-0.000000	0.000000	1
36	0.400000	1.180000	0.001993	-0.000000	0.000000	1
36	0.400000	1.200000	0.002020	-0.000000	0.000000	1
36	0.400000	1.220000	0.002071	-0.000000	0.000000	1
36	0.400000	1.240000	0.002085	-0.000000	0.000000	1
36	0.400000	1.260000	0.002048	-0.000000	0.000000	1
36	0.400000	1.280000	0.002017	-0.000000	0.000000	1
36	0.400000	1.300000	0.001984	-0.000000	0.000000	1
36	0.400000	1.320000	0.001999	-0.000000	0.000000	1
36	0.400000	1.340000	0.002036	-0.000000	0.000000	1
36	0.400000	1.360000	0.002054	-0.000000	0.000000	1
36	0.400000	1.380000	0.002063	-0.000000	0.000000	1
36	0.400000	1.400000	0.002058	-0.000000	0.000000	1
36	0.400000	1.420000	0.002052	-0.000000	0.000000	1
36	0.400000	1.440000	0.002058	-0.000000	0.000000	1
36	0.400000	1.460000	0.002105	-0.000000	0.000000	1
36	0.400000	1.480000	0.002176	-0.000000	0.000000	1
36	0.400000	1.500000	0.002183	-0.000000	0.000000	1
36	0.400000	1.520000	0.002130	-0.000000	0.000000	1
36	0.400000	1.540000	0.002100	-0.000000	0.000000	1
36	0.400000	1.560000	0.002115	-0.000000	0.000000	1
36	0.400000	1.580000	0.002203	-0.000000	0.000000	1
36	0.400000	1.600000	0.002554	-0.000000	0.000000	1
36	0.400000	1.620000	0.000000	-0.000000	0.000000	1
36	0.400000	1.640000	0.000000	-0.000000	0.000000	1
36	0.400000	1.660000	0.000000	-0.000000	0.000000	1
36	0.400000	1.680000	0.000000	-0.000000	0.000000	1
36	0.400000	1.700000	0.000000	-0.000000	0.000000	1
36	0.400000	1.720000	0.000000	-0.000000	0.000000	1
36	0.400000	1.740000	0.000000	-0.000000	0.000000	1
36	0.400000	1.760000	0.000000	-0.000000	0.000000	1
36	0.400000	1.780000	0.000000	-0.000000	0.000000	1
36	0.400000	1.800000	0.000000	-0.000000	0.000000	1
36	0.400000	1.820000	0.000000	-0.000000	0.000000	1
36	0.400000	1.840000	0.000000	-0.000000	0.000000	1
36	0.400000	1.860000	0.000000	-0.000000	0.000000	1
36	0.400000	1.880000	0.000000	-0.000000	0.000000	1
36	0.400000	1.900000	0.000000	-0.000000	0.000000	1
36	0.400000	1.920000	0.000000	-0.000000	0.000000	1
36	0.400000	1.940000	0.000000	-0.000000	0.000000	1
36	0.400000	1.960000	0.000000	-0.000000	0.000000	1
36	0.400000	1.980000	0.000000	-0.000000	0.000000	1
36	0.400000	2.000000	0.000000	-0.000000	0.000000	1
36	0.400000	2.020000	0.000000	-0.000000	0.000000	1
36	0.400000	2.040000	0.000000	-0.000000	0.000000	1
36	0.400000	2.060000	0.000000	-0.000000	0.000000	1
36	0.400000	2.080000	0.000000	-0.000000	0.000000	1
36	0.400000	2.100000	0.000000	-0.000000	0.000000	1
36	0.400000	2.120000	0.000000	-0.000000	0.000000	1
36	0.400000	2.140000	0.000000	-0.000000	0.000000	1
36	0.400000	2.160000	0.000000	-0.000000	0.000000	1
36	0.400000	2.180000	0.000000	-0.000000	0.000000	1
36	0.400000	2.200000	0.000000	-0.000000	0.000000	1
36	0.400000	2.220000	0.000000	-0.000000	0.000000	1
36	0.400000	2.240000	0.000000	-0.000000	0.000000	1
36	0.400000	2.260000	0.000000	-0.000000	0.000000	1
36	0.400000	2.280000	0.000000	-0.000000	0.000000	1
36	0.400000	2.300000	0.000000	-0.000000	0.000000	1
36	0.400000	2.320000	0.000000	-0.000000	0.000000	1
36	0.400000	2.340000	0.000000	-0.000000	0.000000	1
36	0.400000	2.360000	0.000000	-0.000000	0.000000	1
36	0.400000	2.380000	0.000000	-0.000000	0.000000	1
36	0.400000	2.400000	0.000000	-0.000000	0.000000	1
36	0.400000	2.420000	0.000000	-0.000000	0.000000	1
36	0.400000	2.440000	0.000000	-0.000000	0.000000	1
36	0.400000	2.460000	0.000000	-0.000000	0.000000	1
36	0.400000	2.480000	0.000000	-0.000000	0.000000	1
36	0.400000	2.500000	0.000000	-0.000000	0.000000	1
36	0.400000	2.520000	0.000000	-0.000000	0.000000	1
36	0.400000	2.540000	0.000000	-0.000000	0.000000	1
36	0.400000	2.560000	0.000000	-0.000000	0.000000	1
36	0.400000	2.580000	0.000000	-0.000000	0.000000	1
36	0.400000	2.600000	0.000000	-0.000000	0.000000	1
36	0.400000	2.620000	0.000000	-0.000000	0.000000	1
36	0.400000	2.640000	0.000000	-0.000000	0.000000	1
36	0.400000	2.660000	0.000000	-0.000000	0.000000	1
36	0.400000	2.680000	0.000000	-0.000000	0.000000	1
36	0.400000	2.700000	0.000000	-0.000000	0.000000	1
36	0.400000	2.720000	0.000000	-0.000000	0.000000	1
36	0.400000	2.740000	0.000000	-0.000000	0.000000	1
36	0.400000	2.760000	0.000000	-0.000000	0.000000	1
36	0.400000	2.780000	0.000000	-0.000000	0.000000	1
36	0.400000	2.800000	0.000000	-0.000000	0.000000	1
36	0.400000	2.820000	0.000000	-0.000000	0.000000	1
36	0.400000	2.840000	0.000000	-0.000000	0.000000	1
36	0.400000	2.860000	0.000000	-0.000000	0.000000	1
36	0.400000	2.880000	0.000000	-0.000000	0.000000	1
36	0.400000	2.900000	0.000000	-0.000000	0.000000	1
36	0.400000	2.920000	0.000000	-0.000000	0.000000	1
36	0.400000	2.940000	0.000000	-0.000000	0.000000	1
36	0.400000	2.960000	0.000000	-0.000000	0.000000	1
36	0.400000	2.980000	0.000000	-0.000000	0.000000	1
36	0.400000	3.000000	0.000000	-0.000000	0.000000	1
36	0.400000	3.020000	0.000000	-0.000000	0.000000	1
36	0.400000	3.040000	0.000000	-0.000000	0.000000	1
36	0.400000	3.060000	0.000000	-0.000000	0.000000	1
36	0.400000	3.080000	0.000000	-0.000000	0.000000	1
36	0.400000	3.100000	0.000000	-0.000000	0.000000	1
36	0.400000	3.120000	0.000000	-0.000000	0.000000	1
36	0.400000	3.140000	0.000000	-0.000000	0.000000	1
36	0.400000	3.160000	0.000000	-0.000000	0.000000	1
36	0.400000	3.180000	0.000000	-0.000000	0.000000	1
36	0.400000	3.200000	0.000000	-0.000000	0.000000	1
36	0.400000	3.220000	0.000000	-0.000000	0.000000	1
36	0.400000	3.240000	0.000000	-0.000000	0.000000	1
36	0.400000	3.260000	0.000000	-0.000000	0.000000	1
36	0.400000	3.280000	0.000000	-0.000000	0.000000	1
36	0.400000	3.300000	0.000000	-0.000000	0.000000	1
36	0.400000	3.320000	0.000000	-0.000000	0.000000	1
36	0.400000	3.340000	0.000000	-0.000000	0.000000	1
36	0.400000	3.360000	0.000000	-0.000000	0.000000	1
36	0.400000	3.380000	0.000000	-0.000000	0.000000	1
36	0.400000	3.400000	0.000000	-0.000000	0.000000	1
36	0.400000	3.420000	0.000000	-0.000000	0.000000	1
36	0.400000	3.440000	0.000000	-0.000000	0.000000	1
36	0.400000	3.460000	0.000000	-0.000000	0.000000	1
36	0.400000	3.480000	0.000000	-0.000000	0.000000	1
36	0.400000	3.500000	0.000000	-0.000000	0.000000	1
36	0.400000	3.520000	0.000000	-0.000000	0.000000	1
36	0.400000	3.540000	0.000000	-0.000000	0.000000	1
36	0.400000	3.560000	0.000000	-0.000000	0.000000	1
36	0.400000	3.580000	0.000000	-0.000000	0.000000	1
36	0.400000	3.600000	0.000000	-0.000000	0.000000	1
36	0.400000	3.620000	0.000000	-0.000000	0.000000	1
36	0.400000	3.640000	0.000000	-0.000000	0.000000	1
36	0.400000	3.660000	0.000000	-0.000000	0.000000	1
36	0.400000	3.680000	0.000000	-0.000000	0.000000	1
36	0.400000	3.700000	0.000000	-0.000000	0.000000	1
36	0.400000	3.720000	0.000000	-0.000000	0.000000	1
36	0.400000	3.740000	0.000000	-0.000000	0.000000	1
36	0.400000	3.760000	0.000000	-0.000000	0.000000	1
36	0.400000	3.780000	0.000000	-0.000000	0.000000	1
36	0.400000	3.800000	0.000000	-0.000000	0.000000	1
36	0.400000	3.820000	0.000000	-0.000000	0.000000	1
36	0.400000	3.840000	0.000000	-0.000000	0.000000	1
36	0.400000	3.860000	0.000000	-0.000000	0.000000	1
36	0.400000	3.880000	0.000000	-0.000000	0.000000	1
36	0.400000	3.900000	0.000000	-0.000000	0.000000	1
36	0.400000	3.920000	0.000000	-0.000000	0.000000	1
36	0.400000	3.940000	0.000000	-0.000000	0.000000	1
36	0.400000	3.960000	0.000000	-0.000000	0.000000	1
36	0.400000	3.980000	0.000000	-0.000000	0.000000	1
36	0.500000	0.000000	0.000000	-0.000000	0.000000	1
36	0.500000	0.020000	0.000000	-0.000000	0.000000	1
36	0.500000	0.040000	0.000000	-0.000000	0.000000	1
36	0.500000	0.060000	0.000000	-0.000000	0.000000	1
36	0.500000	0.080000	0.000000	-0.000000	0.000000	1
36	0.500000	0.100000	0.002318	-0.000000	0.000000	1
36	0.500000	0.120000	0.002323	-0.000000	0.000000	1
36	0.500000	0.140000	0.002326	-0.000000	0.000000	1
36	0.500000	0.160000	0.002329	-0.000000	0.000000	1
36	0.500000	0.180000	0.002332	-0.000000	0.000000	1
36	0.500000	0.200000	0.002332	-0.000000	0.000000	1
36	0.500000	0.220000	0.002207	-0.000000	0.000000	1
36	0.500000	0.240000	0.001751	-0.000000	0.000000	1
36	0.500000	0.260000	0.001725	-0.000000	0.000000	1
36	0.500000	0.280000	0.001661	-0.000000	0.000000	1
36	0.500000	0.300000	0.001602	-0.000000	0.000000	1
36	0.500000	0.320000	0.001643	-0.000000	0.000000	1
36	0.500000	0.340000	0.001889	-0.000000	0.000000	1
36	0.500000	0.360000	0.002200	-0.000000	0.000000	1
36	0.500000	0.380000	0.002289	-0.000000	0.000000	1
36	0.500000	0.400000	0.002241	-0.000000	0.000000	1
36	0.500000	0.420000	0.001999	-0.000000	0.000000	1
36	0.500000	0.440000	0.001995	-0.000000	0.000000	1
36	0.500000	0.460000	0.001997	-0.000000	0.000000	1
36	0.500000	0.480000	0.001961	-0.000000	0.000000	1
36	0.500000	0.500000	0.001919	-0.000000	0.000000	1
36	0.500000	0.520000	0.001969	-0.000000	0.000000	1
36	0.500000	0.540000	0.002050	-0.000000	0.000000	1
36	0.500000	0.560000	0.001972	-0.000000	0.000000	1
36	0.500000	0.580000	0.001942	-0.000000	0.000000	1
36	0.500000	0.600000	0.001988	-0.000000	0.000000	1
36	0.500000	0.620000	0.002009	-0.000000	0.000000	1
36	0.500000	0.640000	0.002101	-0.000000	0.000000	1
36	0.500000	0.660000	0.002076	-0.000000	0.000000	1
36	0.500000	0.680000	0.002061	-0.000000	0.000000	1
36	0.500000	0.700000	0.002109	-0.000000	0.000000	1
36	0.500000	0.720000	0.002127	-0.000000	0.000000	1
36	0.500000	0.740000	0.002027	-0.000000	0.000000	1
36	0.500000	0.760000	0.001990	-0.000000	0.000000	1
36	0.500000	0.780000	0.001986	-0.000000	0.000000	1
36	0.500000	0.800000	0.002016	-0.000000	0.000000	1
36	0.500000	0.820000	0.002058	-0.000000	0.000000	1
36	0.500000	0.840000	0.002045	-0.000000	0.000000	1
36	0.500000	0.860000	0.002038	-0.000000	0.000000	1
36	0.500000	0.880000	0.002008	-0.000000	0.000000	1
36	0.500000	0.900000	0.001986	-0.000000	0.000000	1
36	0.500000	0.920000	0.001994	-0.000000	0.000000	1
36	0.500000	0.940000	0.001999	-0.000000	0.000000	1
36	0.500000	0.960000	0.002260	-0.000000	0.000000	1
36	0.500000	0.980000	0.002884	-0.000000	0.000000	1
36	0.500000	1.000000	0.003114	-0.000000	0.000000	1
36	0.500000	1.020000	0.003019	-0.000000	0.000000	1
36	0.500000	1.040000	0.002320	-0.000000	0.000000	1
36	0.500000	1.060000	0.002037	-0.000000	0.000000	1
36	0.500000	1.080000	0.001994	-0.000000	0.000000	1
36	0.500000	1.100000	0.001998	-0.000000	0.000000	1
36	0.500000	1.120000	0.002052	-0.000000	0.000000	1
36	0.500000	1.140000	0.002065	-0.000000	0.000000	1
36	0.500000	1.160000	0.002034	-0.000000	0.000000	1
36	0.500000	1.180000	0.002002	-0.000000	0.000000	1
36	0.500000	1.200000	0.002024	-0.000000	0.000000	1
36	0.500000	1.220000	0.002076	-0.000000	0.000000	1
36	0.500000	1.240000	0.002093	-0.000000	0.000000	1
36	0.500000	1.260000	0.002059	-0.000000	0.000000	1
36	0.500000	1.280000	0.002027	-0.000000	0.000000	1
36	0.500000	1.300000	0.001991	-0.000000	0.000000	1
36	0.500000	1.320000	0.002008	-0.000000	0.000000	1
36	0.500000	1.340000	0.002048	-0.000000	0.000000	1
36	0.500000	1.360000	0.002068	-0.000000	0.000000	1
36	0.500000	1.380000	0.002077	-0.000000	0.000000	1
36	0.500000	1.400000	0.002074	-0.000000	0.000000	1
36	0.500000	1.420000	0.002073	-0.000000	0.000000	1
36	0.500000	1.440000	0.002070	-0.000000	0.000000	1
36	0.500000	1.460000	0.002122	-0.000000	0.000000	1
36	0.500000	1.480000	0.002209	-0.000000	0.000000	1
36	0.500000	1.500000	0.002205	-0.000000	0.000000	1
36	0.500000	1.520000	0.002133	-0.000000	0.000000	1
36	0.500000	1.540000	0.002100	-0.000000	0.000000	1
36	0.500000	1.560000	0.002114	-0.000000	0.000000	1
36	0.500000	1.580000	0.002173	-0.000000	0.000000	1
36	0.500000	1.600000	0.002522	-0.000000	0.000000	1
36	0.500000	1.620000	0.000000	-0.000000	0.000000	1
36	0.500000	1.640000	0.000000	-0.000000	0.000000	1
36	0.500000	1.660000	0.000000	-0.000000	0.000000	1
36	0.500000	1.680000	0.000000	-0.000000	0.000000	1
36	0.500000	1.700000	0.000000	-0.000000	0.000000	1
36	0.500000	1.720000	0.000000	-0.000000	0.000000	1
36	0.500000	1.740000	0.000000	-0.000000	0.000000	1
36	0.500000	1.760000	0.000000	-0.000000	0.000000	1
36	0.500000	1.780000	0.000000	-0.000000	0.000000	1
36	0.500000	1.800000	0.000000	-0.000000	0.000000	1
36	0.500000	1.820000	0.000000	-0.000000	0.000000	1
36	0.500000	1.840000	0.000000	-0.000000	0.000000	1
36	0.500000	1.860000	0.000000	-0.000000	0.000000	1
36	0.500000	1.880000	0.000000	-0.000000	0.000000	1
36	0.500000	1.900000	0.000000	-0.000000	0.000000	1
36	0.500000	1.920000	0.000000	-0.000000	0.000000	1
36	0.500000	1.940000	0.000000	-0.000000	0.000000	1
36	0.500000	1.960000	0.000000	-0.000000	0.000000	1
36	0.500000	1.980000	0.000000	-0.000000	0.000000	1
36	0.500000	2.000000	0.000000	-0.000000	0.000000	1
36	0.500000	2.020000	0.000000	-0.000000	0.000000	1
36	0.500000	2.040000	0.000000	-0.000000	0.000000	1
36	0.500000	2.060000	0.000000	-0.000000	0.000000	1
36	0.500000	2.080000	0.000000	-0.000000	0.000000	1
36	0.500000	2.100000	0.000000	-0.000000	0.000000	1
36	0.500000	2.120000	0.000000	-0.000000	0.000000	1
36	0.500000	2.140000	0.000000	-0.000000	0.000000	1
36	0.500000	2.160000	0.000000	-0.000000	0.000000	1
36	0.500000	2.180000	0.000000	-0.000000	0.000000	1
36	0.500000	2.200000	0.000000	-0.000000	0.000000	1
36	0.500000	2.220000	0.000000	-0.000000	0.000000	1
36	0.500000	2.240000	0.000000	-0.000000	0.000000	1
36	0.500000	2.260000	0.000000	-0.000000	0.000000	1
36	0.500000	2.280000	0.000000	-0.000000	0.000000	1
36	0.500000	2.300000	0.000000	-0.000000	0.000000	1
36	0.500000	2.320000	0.000000	-0.000000	0.000000	1
36	0.500000	2.340000	0.000000	-0.000000	0.000000	1
36	0.500000	2.360000	0.000000	-0.000000	0.000000	1
36	0.500000	2.380000	0.000000	-0.000000	0.000000	1
36	0.500000	2.400000	0.000000	-0.000000	0.000000	1
36	0.500000	2.420000	0.000000	-0.000000	0.000000	1
36	0.500000	2.440000	0.000000	-0.000000	0.000000	1
36	0.500000	2.460000	0.000000	-0.000000	0.000000	1
36	0.500000	2.480000	0.000000	-0.000000	0.000000	1
36	0.500000	2.500000	0.000000	-0.000000	0.000000	1
36	0.500000	2.520000	0.000000	-0.000000	0.000000	1
36	0.500000	2.540000	0.000000	-0.000000	0.000000	1
36	0.500000	2.560000	0.000000	-0.000000	0.000000	1
36	0.500000	2.580000	0.000000	-0.000000	0.000000	1
36	0.500000	2.600000	0.000000	-0.000000	0.000000	1
36	0.500000	2.620000	0.000000	-0.000000	0.000000	1
36	0.500000	2.640000	0.000000	-0.000000	0.000000	1
36	0.500000	2.660000	0.000000	-0.000000	0.000000	1
36	0.500000	2.680000	0.000000	-0.000000	0.000000	1
36	0.500000	2.700000	0.000000	-0.000000	0.000000	1
36	0.500000	2.720000	0.000000	-0.000000	0.000000	1
36	0.500000	2.740000	0.000000	-0.000000	0.000000	1
36	0.500000	2.760000	0.000000	-0.000000	0.000000	1
36	0.500000	2.780000	0.000000	-0.000000	0.000000	1
36	0.500000	2.800000	0.000000	-0.000000	0.000000	1
36	0.500000	2.820000	0.000000	-0.000000	0.000000	1
36	0.500000	2.840000	0.000000	-0.000000	0.000000	1
36	0.500000	2.860000	0.000000	-0.000000	0.000000	1
36	0.500000	2.880000	0.000000	-0.000000	0.000000	1
36	0.500000	2.900000	0.000000	-0.000000	0.000000	1
36	0.500000	2.920000	0.000000	-0.000000	0.000000	1
36	0.500000	2.940000	0.000000	-0.000000	0.000000	1
36	0.500000	2.960000	0.000000	-0.000000	0.000000	1
36	0.500000	2.980000	0.000000	-0.000000	0.000000	1
36	0.500000	3.000000	0.000000	-0.000000	0.000000	1
36	0.500000	3.020000	0.000000	-0.000000	0.000000	1
36	0.500000	3.040000	0.000000	-0.000000	0.000000	1
36	0.500000	3.060000	0.000000	-0.000000	0.000000	1
36	0.500000	3.080000	0.000000	-0.000000	0.000000	1
36	0.500000	3.100000	0.000000	-0.000000	0.000000	1
36	0.500000	3.120000	0.000000	-0.000000	0.000000	1
36	0.500000	3.140000	0.000000	-0.000000	0.000000	1
36	0.500000	3.160000	0.000000	-0.000000	0.000000	1
36	0.500000	3.180000	0.000000	-0.000000	0.000000	1
36	0.500000	3.200000	0.000000	-0.000000	0.000000	1
36	0.500000	3.220000	0.000000	-0.000000	0.000000	1
36	0.500000	3.240000	0.000000	-0.000000	0.000000	1
36	0.500000	3.260000	0.000000	-0.000000	0.000000	1
36	0.500000	3.280000	0.000000	-0.000000	0.000000	1
36	0.500000	3.300000	0.000000	-0.000000	0.000000	1
36	0.500000	3.320000	0.000000	-0.000000	0.000000	1
36	0.500000	3.340000	0.000000	-0.000000	0.000000	1
36	0.500000	3.360000	0.000000	-0.000000	0.000000	1
36	0.500000	3.380000	0.000000	-0.000000	0.000000	1
36	0.500000	3.400000	0.000000	-0.000000	0.000000	1
36	0.500000	3.420000	0.000000	-0.000000	0.000000	1
36	0.500000	3.440000	0.000000	-0.000000	0.000000	1
36	0.500000	3.460000	0.000000	-0.000000	0.000000	1
36	0.500000	3.480000	0.000000	-0.000000	0.000000	1
36	0.500000	3.500000	0.000000	-0.000000	0.000000	1
36	0.500000	3.520000	0.000000	-0.000000	0.000000	1
36	0.500000	3.540000	0.000000	-0.000000	0.000000	1
36	0.500000	3.560000	0.000000	-0.000000	0.000000	1
36	0.500000	3.580000	0.000000	-0.000000	0.000000	1
36	0.500000	3.600000	0.000000	-0.000000	0.000000	1
36	0.500000	3.620000	0.000000	-0.000000	0.000000	1
36	0.500000	3.640000	0.000000	-0.000000	0.000000	1
36	0.500000	3.660000	0.000000	-0.000000	0.000000	1
36	0.500000	3.680000	0.000000	-0.000000	0.000000	1
36	0.500000	3.700000	0.000000	-0.000000	0.000000	1
36	0.500000	3.720000	0.000000	-0.000000	0.000000	1
36	0.500000	3.740000	0.000000	-0.000000	0.000000	1
36	0.500000	3.760000	0.000000	-0.000000	0.000000	1
36	0.500000	3.780000	0.000000	-0.000000	0.000000	1
36	0.500000	3.800000	0.000000	-0.000000	0.000000	1
36	0.500000	3.820000	0.000000	-0.000000	0.000000	1
36	0.500000	3.840000	0.000000	-0.000000	0.000000	1
36	0.500000	3.860000	0.000000	-0.000000	0.000000	1
36	0.500000	3.880000	0.000000	-0.000000	0.000000	1
36	0.500000	3.900000	0.000000	-0.000000	0.000000	1
36	0.500000	3.920000	0.000000	-0.000000	0.000000	1
36	0.500000	3.940000	0.000000	-0.000000	0.000000	1
36	0.500000	3.960000	0.000000	-0.000000	0.000000	1
36	0.500000	3.980000	0.000000	-0.000000	0.000000	1
36	0.600000	0.000000	0.000000	-0.000000	0.000000	1
36	0.600000	0.020000	0.000000	-0.000000	0.000000	1
36	0.600000	0.040000	0.000000	-0.000000	0.000000	1
36	0.600000	0.060000	0.000000	-0.000000	0.000000	1
36	0.600000	0.080000	0.000000	-0.000000	0.000000	1
36	0.600000	0.100000	0.002318	-0.000000	0.000000	1
36	0.600000	0.120000	0.002325	-0.000000	0.000000	1
36	0.600000	0.140000	0.002330	-0.000000	0.000000	1
36	0.600000	0.160000	0.002334	-0.000000	0.000000	1
36	0.600000	0.180000	0.002337	-0.000000	0.000000	1
36	0.600000	0.200000	0.002338	-0.000000	0.000000	1
36	0.600000	0.220000	0.002208	-0.000000	0.000000	1
36	0.600000	0.240000	0.001739	-0.000000	0.000000	1
36	0.600000	0.260000	0.001713	-0.000000	0.000000	1
36	0.600000	0.280000	0.001653	-0.000000	0.000000	1
36	0.600000	0.300000	0.001601	-0.000000	0.000000	1
36	0.600000	0.320000	0.001647	-0.000000	0.000000	1
36	0.600000	0.340000	0.001895	-0.000000	0.000000	1
36	0.600000	0.360000	0.002207	-0.000000	0.000000	1
36	0.600000	0.380000	0.002296	-0.000000	0.000000	1
36	0.600000	0.400000	0.002250	-0.000000	0.000000	1
36	0.600000	0.420000	0.002013	-0.000000	0.000000	1
36	0.600000	0.440000	0.002007	-0.000000	0.000000	1
36	0.600000	0.460000	0.002007	-0.000000	0.000000	1
36	0.600000	0.480000	0.001972	-0.000000	0.000000	1
36	0.600000	0.500000	0.001930	-0.000000	0.000000	1
36	0.600000	0.520000	0.001979	-0.000000	0.000000	1
36	0.600000	0.540000	0.002056	-0.000000	0.000000	1
36	0.600000	0.560000	0.001976	-0.000000	0.000000	1
36	0.600000	0.580000	0.001944	-0.000000	0.000000	1
36	0.600000	0.600000	0.001989	-0.000000	0.000000	1
36	0.600000	0.620000	0.002016	-0.000000	0.000000	1
36	0.600000	0.640000	0.002136	-0.000000	0.000000	1
36	0.600000	0.660000	0.002096	-0.000000	0.000000	1
36	0.600000	0.680000	0.002071	-0.000000	0.000000	1
36	0.600000	0.700000	0.002114	-0.000000	0.000000	1
36	0.600000	0.720000	0.002131	-0.000000	0.000000	1
36	0.600000	0.740000	0.002031	-0.000000	0.000000	1
36	0.600000	0.760000	0.001992	-0.000000	0.000000	1
36	0.600000	0.780000	0.001988	-0.000000	0.000000	1
36	0.600000	0.800000	0.002035	-0.000000	0.000000	1
36	0.600000	0.820000	0.002079	-0.000000	0.000000	1
36	0.600000	0.840000	0.002049	-0.000000	0.000000	1
36	0.600000	0.860000	0.002041	-0.000000	0.000000	1
36	0.600000	0.880000	0.002020	-0.000000	0.000000	1
36	0.600000	0.900000	0.002001	-0.000000	0.000000	1
36	0.600000	0.920000	0.002001	-0.000000	0.000000	1
36	0.600000	0.940000	0.002004	-0.000000	0.000000	1
36	0.600000	0.960000	0.002281	-0.000000	0.000000	1
36	0.600000	0.980000	0.002940	-0.000000	0.000000	1
36	0.600000	1.000000	0.003186	-0.000000	0.000000	1
36	0.600000	1.020000	0.003097	-0.000000	0.000000	1
36	0.600000	1.040000	0.002358	-0.000000	0.000000	1
36	0.600000	1.060000	0.002038	-0.000000	0.000000	1
36	0.600000	1.080000	0.001987	-0.000000	0.000000	1
36	0.600000	1.100000	0.001992	-0.000000	0.000000	1
36	0.600000	1.120000	0.002053	-0.000000	0.000000	1
36	0.600000	1.140000	0.002081	-0.000000	0.000000	1
36	0.600000	1.160000	0.002056	-0.000000	0.000000	1
36	0.600000	1.180000	0.002011	-0.000000	0.000000	1
36	0.600000	1.200000	0.002025	-0.000000	0.000000	1
36	0.600000	1.220000	0.002075	-0.000000	0.000000	1
36	0.600000	1.240000	0.002094	-0.000000	0.000000	1
36	0.600000	1.260000	0.002066	-0.000000	0.000000	1
36	0.600000	1.280000	0.002040	-0.000000	0.000000	1
36	0.600000	1.300000	0.002003	-0.000000	0.000000	1
36	0.600000	1.320000	0.002017	-0.000000	0.000000	1
36	0.600000	1.340000	0.002053	-0.000000	0.000000	1
36	0.600000	1.360000	0.002071	-0.000000	0.000000	1
36	0.600000	1.380000	0.002084	-0.000000	0.000000	1
36	0.600000	1.400000	0.002088	-0.000000	0.000000	1
36	0.600000	1.420000	0.002094	-0.000000	0.000000	1
36	0.600000	1.440000	0.002086	-0.000000	0.000000	1
36	0.600000	1.460000	0.002144	-0.000000	0.000000	1
36	0.600000	1.480000	0.002251	-0.000000	0.000000	1
36	0.600000	1.500000	0.002235	-0.000000	0.000000	1
36	0.600000	1.520000	0.002137	-0.000000	0.000000	1
36	0.600000	1.540000	0.002097	-0.000000	0.000000	1
36	0.600000	1.560000	0.002114	-0.000000	0.000000	1
36	0.600000	1.580000	0.002157	-0.000000	0.000000	1
36	0.600000	1.600000	0.002416	-0.000000	0.000000	1
36	0.600000	1.620000	0.004716	-0.000000	0.000000	1
36	0.600000	1.640000	0.000000	-0.000000	0.000000	1
36	0.600000	1.660000	0.000000	-0.000000	0.000000	1
36	0.600000	1.680000	0.000000	-0.000000	0.000000	1
36	0.600000	1.700000	0.000000	-0.000000	0.000000	1
36	0.600000	1.720000	0.000000	-0.000000	0.000000	1
36	0.600000	1.740000	0.000000	-0.000000	0.000000	1
36	0.600000	1.760000	0.000000	-0.000000	0.000000	1
36	0.600000	1.780000	0.000000	-0.000000	0.000000	1
36	0.600000	1.800000	0.000000	-0.000000	0.000000	1
36	0.600000	1.820000	0.000000	-0.000000	0.000000	1
36	0.600000	1.840000	0.000000	-0.000000	0.000000	1
36	0.600000	1.860000	0.000000	-0.000000	0.000000	1
36	0.600000	1.880000	0.000000	-0.000000	0.000000	1
36	0.600000	1.900000	0.000000	-0.000000	0.000000	1
36	0.600000	1.920000	0.000000	-0.000000	0.000000	1
36	0.600000	1.940000	0.000000	-0.000000	0.000000	1
36	0.600000	1.960000	0.000000	-0.000000	0.000000	1
36	0.600000	1.980000	0.000000	-0.000000	0.000000	1
36	0.600000	2.000000	0.000000	-0.000000	0.000000	1
36	0.600000	2.020000	0.000000	-0.000000	0.000000	1
36	0.600000	2.040000	0.000000	-0.000000	0.000000	1
36	0.600000	2.060000	0.000000	-0.000000	0.000000	1
36	0.600000	2.080000	0.000000	-0.000000	0.000000	1
36	0.600000	2.100000	0.000000	-0.000000	0.000000	1
36	0.600000	2.120000	0.000000	-0.000000	0.000000	1
36	0.600000	2.140000	0.000000	-0.000000	0.000000	1
36	0.600000	2.160000	0.000000	-0.000000	0.000000	1
36	0.600000	2.180000	0.000000	-0.000000	0.000000	1
36	0.600000	2.200000	0.000000	-0.000000	0.000000	1
36	0.600000	2.220000	0.000000	-0.000000	0.000000	1
36	0.600000	2.240000	0.000000	-0.000000	0.000000	1
36	0.600000	2.260000	0.000000	-0.000000	0.000000	1
36	0.600000	2.280000	0.000000	-0.000000	0.000000	1
36	0.600000	2.300000	0.000000	-0.000000	0.000000	1
36	0.600000	2.320000	0.000000	-0.000000	0.000000	1
36	0.600000	2.340000	0.000000	-0.000000	0.000000	1
36	0.600000	2.360000	0.000000	-0.000000	0.000000	1
36	0.600000	2.380000	0.000000	-0.000000	0.000000	1
36	0.600000	2.400000	0.000000	-0.000000	0.000000	1
36	0.600000	2.420000	0.000000	-0.000000	0.000000	1
36	0.600000	2.440000	0.000000	-0.000000	0.000000	1
36	0.600000	2.460000	0.000000	-0.000000	0.000000	1
36	0.600000	2.480000	0.000000	-0.000000	0.000000	1
36	0.600000	2.500000	0.000000	-0.000000	0.000000	1
36	0.600000	2.520000	0.000000	-0.000000	0.000000	1
36	0.600000	2.540000	0.000000	-0.000000	0.000000	1
36	0.600000	2.560000	0.000000	-0.000000	0.000000	1
36	0.600000	2.580000	0.000000	-0.000000	0.000000	1
36	0.600000	2.600000	0.000000	-0.000000	0.000000	1
36	0.600000	2.620000	0.000000	-0.000000	0.000000	1
36	0.600000	2.640000	0.000000	-0.000000	0.000000	1
36	0.600000	2.660000	0.000000	-0.000000	0.000000	1
36	0.600000	2.680000	0.000000	-0.000000	0.000000	1
36	0.600000	2.700000	0.000000	-0.000000	0.000000	1
36	0.600000	2.720000	0.000000	-0.000000	0.000000	1
36	0.600000	2.740000	0.000000	-0.000000	0.000000	1
36	0.600000	2.760000	0.000000	-0.000000	0.000000	1
36	0.600000	2.780000	0.000000	-0.000000	0.000000	1
36	0.600000	2.800000	0.000000	-0.000000	0.000000	1
36	0.600000	2.820000	0.000000	-0.000000	0.000000	1
36	0.600000	2.840000	0.000000	-0.000000	0.000000	1
36	0.600000	2.860000	0.000000	-0.000000	0.000000	1
36	0.600000	2.880000	0.000000	-0.000000	0.000000	1
36	0.600000	2.900000	0.000000	-0.000000	0.000000	1
36	0.600000	2.920000	0.000000	-0.000000	0.000000	1
36	0.600000	2.940000	0.000000	-0.000000	0.000000	1
36	0.600000	2.960000	0.000000	-0.000000	0.000000	1
36	0.600000	2.980000	0.000000	-0.000000	0.000000	1
36	0.600000	3.000000	0.000000	-0.000000	0.000000	1
36	0.600000	3.020000	0.000000	-0.000000	0.000000	1
36	0.600000	3.040000	0.000000	-0.000000	0.000000	1
36	0.600000	3.060000	0.000000	-0.000000	0.000000	1
36	0.600000	3.080000	0.000000	-0.000000	0.000000	1
36	0.600000	3.100000	0.000000	-0.000000	0.000000	1
36	0.600000	3.120000	0.000000	-0.000000	0.000000	1
36	0.600000	3.140000	0.000000	-0.000000	0.000000	1
36	0.600000	3.160000	0.000000	-0.000000	0.000000	1
36	0.600000	3.180000	0.000000	-0.000000	0.000000	1
36	0.600000	3.200000	0.000000	-0.000000	0.000000	1
36	0.600000	3.220000	0.000000	-0.000000	0.000000	1
36	0.600000	3.240000	0.000000	-0.000000	0.000000	1
36	0.600000	3.260000	0.000000	-0.000000	0.000000	1
36	0.600000	3.280000	0.000000	-0.000000	0.000000	1
36	0.600000	3.300000	0.000000	-0.000000	0.000000	1
36	0.600000	3.320000	0.000000	-0.000000	0.000000	1
36	0.600000	3.340000	0.000000	-0.000000	0.000000	1
36	0.600000	3.360000	0.000000	-0.000000	0.000000	1
36	0.600000	3.380000	0.000000	-0.000000	0.000000	1
36	0.600000	3.400000	0.000000	-0.000000	0.000000	1
36	0.600000	3.420000	0.000000	-0.000000	0.000000	1
36	0.600000	3.440000	0.000000	-0.000000	0.000000	1
36	0.600000	3.460000	0.000000	-0.000000	0.000000	1
36	0.600000	3.480000	0.000000	-0.000000	0.000000	1
36	0.600000	3.500000	0.000000	-0.000000	0.000000	1
36	0.600000	3.520000	0.000000	-0.000000	0.000000	1
36	0.600000	3.540000	0.000000	-0.000000	0.000000	1
36	0.600000	3.560000	0.000000	-0.000000	0.000000	1
36	0.600000	3.580000	0.000000	-0.000000	0.000000	1
36	0.600000	3.600000	0.000000	-0.000000	0.000000	1
36	0.600000	3.620000	0.000000	-0.000000	0.000000	1
36	0.600000	3.640000	0.000000	-0.000000	0.000000	1
36	0.600000	3.660000	0.000000	-0.000000	0.000000	1
36	0.600000	3.680000	0.000000	-0.000000	0.000000	1
36	0.600000	3.700000	0.000000	-0.000000	0.000000	1
36	0.600000	3.720000	0.000000	-0.000000	0.000000	1
36	0.600000	3.740000	0.000000	-0.000000	0.000000	1
36	0.600000	3.760000	0.000000	-0.000000	0.000000	1
36	0.600000	3.780000	0.000000	-0.000000	0.000000	1
36	0.600000	3.800000	0.000000	-0.000000	0.000000	1
36	0.600000	3.820000	0.000000	-0.000000	0.000000	1
36	0.600000	3.840000	0.000000	-0.000000	0.000000	1
36	0.600000	3.860000	0.000000	-0.000000	0.000000	1
36	0.600000	3.880000	0.000000	-0.000000	0.000000	1
36	0.600000	3.900000	0.000000	-0.000000	0.000000	1
36	0.600000	3.920000	0.000000	-0.000000	0.000000	1
36	0.600000	3.940000	0.000000	-0.000000	0.000000	1
36	0.600000	3.960000	0.000000	-0.000000	0.000000	1
36	0.600000	3.980000	0.000000	-0.000000	0.000000	1
36	0.700000	0.000000	0.000000	-0.000000	0.000000	1
36	0.700000	0.020000	0.000000	-0.000000	0.000000	1
36	0.700000	0.040000	0.000000	-0.000000	0.000000	1
36	0.700000	0.060000	0.000000	-0.000000	0.000000	1
36	0.700000	0.080000	0.000000	-0.000000	0.000000	1
36	0.700000	0.100000	0.002316	-0.000000	0.000000	1
36	0.700000	0.120000	0.002324	-0.000000	0.000000	1
36	0.700000	0.140000	0.002331	-0.000000	0.000000	1
36	0.700000	0.160000	0.002337	-0.000000	0.000000	1
36	0.700000	0.180000	0.002341	-0.000000	0.000000	1
36	0.700000	0.200000	0.002342	-0.000000	0.000000	1
36	0.700000	0.220000	0.002209	-0.000000	0.000000	1
36	0.700000	0.240000	0.001729	-0.000000	0.000000	1
36	0.700000	0.260000	0.001702	-0.000000	0.000000	1
36	0.700000	0.280000	0.001645	-0.000000	0.000000	1
36	0.700000	0.300000	0.001600	-0.000000	0.000000	1
36	0.700000	0.320000	0.001651	-0.000000	0.000000	1
36	0.700000	0.340000	0.001901	-0.000000	0.000000	1
36	0.700000	0.360000	0.002213	-0.000000	0.000000	1
36	0.700000	0.380000	0.002303	-0.000000	0.000000	1
36	0.700000	0.400000	0.002256	-0.000000	0.000000	1
36	0.700000	0.420000	0.002017	-0.000000	0.000000	1
36	0.700000	0.440000	0.002010	-0.000000	0.000000	1
36	0.700000	0.460000	0.002009	-0.000000	0.000000	1
36	0.700000	0.480000	0.001985	-0.000000	0.000000	1
36	0.700000	0.500000	0.001949	-0.000000	0.000000	1
36	0.700000	0.520000	0.001994	-0.000000	0.000000	1
36	0.700000	0.540000	0.002064	-0.000000	0.000000	1
36	0.700000	0.560000	0.001981	-0.000000	0.000000	1
36	0.700000	0.580000	0.001946	-0.000000	0.000000	1
36	0.700000	0.600000	0.001990	-0.000000	0.000000	1
36	0.700000	0.620000	0.002028	-0.000000	0.000000	1
36	0.700000	0.640000	0.002175	-0.000000	0.000000	1
36	0.700000	0.660000	0.002110	-0.000000	0.000000	1
36	0.700000	0.680000	0.002075	-0.000000	0.000000	1
36	0.700000	0.700000	0.002117	-0.000000	0.000000	1
36	0.700000	0.720000	0.002135	-0.000000	0.000000	1
36	0.700000	0.740000	0.002035	-0.000000	0.000000	1
36	0.700000	0.760000	0.001994	-0.000000	0.000000	1
36	0.700000	0.780000	0.001994	-0.000000	0.000000	1
36	0.700000	0.800000	0.002054	-0.000000	0.000000	1
36	0.700000	0.820000	0.002087	-0.000000	0.000000	1
36	0.700000	0.840000	0.002049	-0.000000	0.000000	1
36	0.700000	0.860000	0.002042	-0.000000	0.000000	1
36	0.700000	0.880000	0.002026	-0.000000	0.000000	1
36	0.700000	0.900000	0.002010	-0.000000	0.000000	1
36	0.700000	0.920000	0.002007	-0.000000	0.000000	1
36	0.700000	0.940000	0.002005	-0.000000	0.000000	1
36	0.700000	0.960000	0.002272	-0.000000	0.000000	1
36	0.700000	0.980000	0.002911	-0.000000	0.000000	1
36	0.700000	1.000000	0.003146	-0.000000	0.000000	1
36	0.700000	1.020000	0.003070	-0.000000	0.000000	1
36	0.700000	1.040000	0.002363	-0.000000	0.000000	1
36	0.700000	1.060000	0.002034	-0.000000	0.000000	1
36	0.700000	1.080000	0.001980	-0.000000	0.000000	1
36	0.700000	1.100000	0.001986	-0.000000	0.000000	1
36	0.700000	1.120000	0.002053	-0.000000	0.000000	1
36	0.700000	1.140000	0.002097	-0.000000	0.000000	1
36	0.700000	1.160000	0.002083	-0.000000	0.000000	1
36	0.700000	1.180000	0.002022	-0.000000	0.000000	1
36	0.700000	1.200000	0.002024	-0.000000	0.000000	1
36	0.700000	1.220000	0.002068	-0.000000	0.000000	1
36	0.700000	1.240000	0.002084	-0.000000	0.000000	1
36	0.700000	1.260000	0.002067	-0.000000	0.000000	1
36	0.700000	1.280000	0.002054	-0.000000	0.000000	1
36	0.700000	1.300000	0.002019	-0.000000	0.000000	1
36	0.700000	1.320000	0.002026	-0.000000	0.000000	1
36	0.700000	1.340000	0.002056	-0.000000	0.000000	1
36	0.700000	1.360000	0.002073	-0.000000	0.000000	1
36	0.700000	1.380000	0.002094	-0.000000	0.000000	1
36	0.700000	1.400000	0.002105	-0.000000	0.000000	1
36	0.700000	1.420000	0.002116	-0.000000	0.000000	1
36	0.700000	1.440000	0.002099	-0.000000	0.000000	1
36	0.700000	1.460000	0.002169	-0.000000	0.000000	1
36	0.700000	1.480000	0.002305	-0.000000	0.000000	1
36	0.700000	1.500000	0.002275	-0.000000	0.000000	1
36	0.700000	1.520000	0.002146	-0.000000	0.000000	1
36	0.700000	1.540000	0.002098	-0.000000	0.000000	1
36	0.700000	1.560000	0.002118	-0.000000	0.000000	1
36	0.700000	1.580000	0.002157	-0.000000	0.000000	1
36	0.700000	1.600000	0.002327	-0.000000	0.000000	1
36	0.700000	1.620000	0.004211	-0.000000	0.000000	1
36	0.700000	1.640000	0.023452	-0.000000	0.000000	1
36	0.700000	1.660000	0.000000	-0.000000	0.000000	1
36	0.700000	1.680000	0.000000	-0.000000	0.000000	1
36	0.700000	1.700000	0.000000	-0.000000	0.000000	1
36	0.700000	1.720000	0.000000	-0.000000	0.000000	1
36	0.700000	1.740000	0.000000	-0.000000	0.000000	1
36	0.700000	1.760000	0.000000	-0.000000	0.000000	1
36	0.700000	1.780000	0.000000	-0.000000	0.000000	1
36	0.700000	1.800000	0.000000	-0.000000	0.000000	1
36	0.700000	1.820000	0.000000	-0.000000	0.000000	1
36	0.700000	1.840000	0.000000	-0.000000	0.000000	1
36	0.700000	1.860000	0.000000	-0.000000	0.000000	1
36	0.700000	1.880000	0.000000	-0.000000	0.000000	1
36	0.700000	1.900000	0.000000	-0.000000	0.000000	1
36	0.700000	1.920000	0.000000	-0.000000	0.000000	1
36	0.700000	1.940000	0.000000	-0.000000	0.000000	1
36	0.700000	1.960000	0.000000	-0.000000	0.000000	1
36	0.700000	1.980000	0.000000	-0.000000	0.000000	1
36	0.700000	2.000000	0.000000	-0.000000	0.000000	1
36	0.700000	2.020000	0.000000	-0.000000	0.000000	1
36	0.700000	2.040000	0.000000	-0.000000	0.000000	1
36	0.700000	2.060000	0.000000	-0.000000	0.000000	1
36	0.700000	2.080000	0.000000	-0.000000	0.000000	1
36	0.700000	2.100000	0.000000	-0.000000	0.000000	1
36	0.700000	2.120000	0.000000	-0.000000	0.000000	1
36	0.700000	2.140000	0.000000	-0.000000	0.000000	1
36	0.700000	2.160000	0.000000	-0.000000	0.000000	1
36	0.700000	2.180000	0.000000	-0.000000	0.000000	1
36	0.700000	2.200000	0.000000	-0.000000	0.000000	1
36	0.700000	2.220000	0.000000	-0.000000	0.000000	1
36	0.700000	2.240000	0.000000	-0.000000	0.000000	1
36	0.700000	2.260000	0.000000	-0.000000	0.000000	1
36	0.700000	2.280000	0.000000	-0.000000	0.000000	1
36	0.700000	2.300000	0.000000	-0.000000	0.000000	1
36	0.700000	2.320000	0.000000	-0.000000	0.000000	1
36	0.700000	2.340000	0.000000	-0.000000	0.000000	1
36	0.700000	2.360000	0.000000	-0.000000	0.000000	1
36	0.700000	2.380000	0.000000	-0.000000	0.000000	1
36	0.700000	2.400000	0.000000	-0.000000	0.000000	1
36	0.700000	2.420000	0.000000	-0.000000	0.000000	1
36	0.700000	2.440000	0.000000	-0.000000	0.000000	1
36	0.700000	2.460000	0.000000	-0.000000	0.000000	1
36	0.700000	2.480000	0.000000	-0.000000	0.000000	1
36	0.700000	2.500000	0.000000	-0.000000	0.000000	1
36	0.700000	2.520000	0.000000	-0.000000	0.000000	1
36	0.700000	2.540000	0.000000	-0.000000	0.000000	1
36	0.700000	2.560000	0.000000	-0.000000	0.000000	1
36	0.700000	2.580000	0.000000	-0.000000	0.000000	1
36	0.700000	2.600000	0.000000	-0.000000	0.000000	1
36	0.700000	2.620000	0.000000	-0.000000	0.000000	1
36	0.700000	2.640000	0.000000	-0.000000	0.000000	1
36	0.700000	2.660000	0.000000	-0.000000	0.000000	1
36	0.700000	2.680000	0.000000	-0.000000	0.000000	1
36	0.700000	2.700000	0.000000	-0.000000	0.000000	1
36	0.700000	2.720000	0.000000	-0.000000	0.000000	1
36	0.700000	2.740000	0.000000	-0.000000	0.000000	1
36	0.700000	2.760000	0.000000	-0.000000	0.000000	1
36	0.700000	2.780000	0.000000	-0.000000	0.000000	1
36	0.700000	2.800000	0.000000	-0.000000	0.000000	1
36	0.700000	2.820000	0.000000	-0.000000	0.000000	1
36	0.700000	2.840000	0.000000	-0.000000	0.000000	1
36	0.700000	2.860000	0.000000	-0.000000	0.000000	1
36	0.700000	2.880000	0.000000	-0.000000	0.000000	1
36	0.700000	2.900000	0.000000	-0.000000	0.000000	1
36	0.700000	2.920000	0.000000	-0.000000	0.000000	1
36	0.700000	2.940000	0.000000	-0.000000	0.000000	1
36	0.700000	2.960000	0.000000	-0.000000	0.000000	1
36	0.700000	2.980000	0.000000	-0.000000	0.000000	1
36	0.700000	3.000000	0.000000	-0.000000	0.000000	1
36	0.700000	3.020000	0.000000	-0.000000	0.000000	1
36	0.700000	3.040000	0.000000	-0.000000	0.000000	1
36	0.700000	3.060000	0.000000	-0.000000	0.000000	1
36	0.700000	3.080000	0.000000	-0.000000	0.000000	1
36	0.700000	3.100000	0.000000	-0.000000	0.000000	1
36	0.700000	3.120000	0.000000	-0.000000	0.000000	1
36	0.700000	3.140000	0.000000	-0.000000	0.000000	1
36	0.700000	3.160000	0.000000	-0.000000	0.000000	1
36	0.700000	3.180000	0.000000	-0.000000	0.000000	1
36	0.700000	3.200000	0.000000	-0.000000	0.000000	1
36	0.700000	3.220000	0.000000	-0.000000	0.000000	1
36	0.700000	3.240000	0.000000	-0.000000	0.000000	1
36	0.700000	3.260000	0.000000	-0.000000	0.000000	1
36	0.700000	3.280000	0.000000	-0.000000	0.000000	1
36	0.700000	3.300000	0.000000	-0.000000	0.000000	1
36	0.700000	3.320000	0.000000	-0.000000	0.000000	1
36	0.700000	3.340000	0.000000	-0.000000	0.000000	1
36	0.700000	3.360000	0.000000	-0.000000	0.000000	1
36	0.700000	3.380000	0.000000	-0.000000	0.000000	1
36	0.700000	3.400000	0.000000	-0.000000	0.000000	1
36	0.700000	3.420000	0.000000	-0.000000	0.000000	1
36	0.700000	3.440000	0.000000	-0.000000	0.000000	1
36	0.700000	3.460000	0.000000	-0.000000	0.000000	1
36	0.700000	3.480000	0.000000	-0.000000	0.000000	1
36	0.700000	3.500000	0.000000	-0.000000	0.000000	1
36	0.700000	3.520000	0.000000	-0.000000	0.000000	1
36	0.700000	3.540000	0.000000	-0.000000	0.000000	1
36	0.700000	3.560000	0.000000	-0.000000	0.000000	1
36	0.700000	3.580000	0.000000	-0.000000	0.000000	1
36	0.700000	3.600000	0.000000	-0.000000	0.000000	1
36	0.700000	3.620000	0.000000	-0.000000	0.000000	1
36	0.700000	3.640000	0.000000	-0.000000	0.000000	1
36	0.700000	3.660000	0.000000	-0.000000	0.000000	1
36	0.700000	3.680000	0.000000	-0.000000	0.000000	1
36	0.700000	3.700000	0.000000	-0.000000	0.000000	1
36	0.700000	3.720000	0.000000	-0.000000	0.000000	1
36	0.700000	3.740000	0.000000	-0.000000	0.000000	1
36	0.700000	3.760000	0.000000	-0.000000	0.000000	1
36	0.700000	3.780000	0.000000	-0.000000	0.000000	1
36	0.700000	3.800000	0.000000	-0.000000	0.000000	1
36	0.700000	3.820000	0.000000	-0.000000	0.000000	1
36	0.700000	3.840000	0.000000	-0.000000	0.000000	1
36	0.700000	3.860000	0.000000	-0.000000	0.000000	1
36	0.700000	3.880000	0.000000	-0.000000	0.000000	1
36	0.700000	3.900000	0.000000	-0.000000	0.000000	1
36	0.700000	3.920000	0.000000	-0.000000	0.000000	1
36	0.700000	3.940000	0.000000	-0.000000	0.000000	1
36	0.700000	3.960000	0.000000	-0.000000	0.000000	1
36	0.700000	3.980000	0.000000	-0.000000	0.000000	1
36	0.800000	0.000000	0.000000	-0.000000	0.000000	1
36	0.800000	0.020000	0.000000	-0.000000	0.000000	1
36	0.800000	0.040000	0.000000	-0.000000	0.000000	1
36	0.800000	0.060000	0.000000	-0.000000	0.000000	1
36	0.800000	0.080000	0.000000	-0.000000	0.000000	1
36	0.800000	0.100000	0.002310	-0.000000	0.000000	1
36	0.800000	0.120000	0.002322	-0.000000	0.000000	1
36	0.800000	0.140000	0.002331	-0.000000	0.000000	1
36	0.800000	0.160000	0.002338	-0.000000	0.000000	1
36	0.800000	0.180000	0.002343	-0.000000	0.000000	1
36	0.800000	0.200000	0.002345	-0.000000	0.000000	1
36	0.800000	0.220000	0.002209	-0.000000	0.000000	1
36	0.800000	0.240000	0.001720	-0.000000	0.000000	1
36	0.800000	0.260000	0.001693	-0.000000	0.000000	1
36	0.800000	0.280000	0.001639	-0.000000	0.000000	1
36	0.800000	0.300000	0.001601	-0.000000	0.000000	1
36	0.800000	0.320000	0.001657	-0.000000	0.000000	1
36	0.800000	0.340000	0.001907	-0.000000	0.000000	1
36	0.800000	0.360000	0.002219	-0.000000	0.000000	1
36	0.800000	0.380000	0.002309	-0.000000	0.000000	1
36	0.800000	0.400000	0.002261	-0.000000	0.000000	1
36	0.800000	0.420000	0.002022	-0.000000	0.000000	1
36	0.800000	0.440000	0.002012	-0.000000	0.000000	1
36	0.800000	0.460000	0.002010	-0.000000	0.000000	1
36	0.800000	0.480000	0.001993	-0.000000	0.000000	1
36	0.800000	0.500000	0.001962	-0.000000	0.000000	1
36	0.800000	0.520000	0.002004	-0.000000	0.000000	1
36	0.800000	0.540000	0.002072	-0.000000	0.000000	1
36	0.800000	0.560000	0.001987	-0.000000	0.000000	1
36	0.800000	0.580000	0.001949	-0.000000	0.000000	1
36	0.800000	0.600000	0.001991	-0.000000	0.000000	1
36	0.800000	0.620000	0.002049	-0.000000	0.000000	1
36	0.800000	0.640000	0.002228	-0.000000	0.000000	1
36	0.800000	0.660000	0.002124	-0.000000	0.000000	1
36	0.800000	0.680000	0.002080	-0.000000	0.000000	1
36	0.800000	0.700000	0.002121	-0.000000	0.000000	1
36	0.800000	0.720000	0.002141	-0.000000	0.000000	1
36	0.800000	0.740000	0.002039	-0.000000	0.000000	1
36	0.800000	0.760000	0.001997	-0.000000	0.000000	1
36	0.800000	0.780000	0.002001	-0.000000	0.000000	1
36	0.800000	0.800000	0.002059	-0.000000	0.000000	1
36	0.800000	0.820000	0.002079	-0.000000	0.000000	1
36	0.800000	0.840000	0.002047	-0.000000	0.000000	1
36	0.800000	0.860000	0.002041	-0.000000	0.000000	1
36	0.800000	0.880000	0.002029	-0.000000	0.000000	1
36	0.800000	0.900000	0.002016	-0.000000	0.000000	1
36	0.800000	0.920000	0.002011	-0.000000	0.000000	1
36	0.800000	0.940000	0.002005	-0.000000	0.000000	1
36	0.800000	0.960000	0.002267	-0.000000	0.000000	1
36	0.800000	0.980000	0.002886	-0.000000	0.000000	1
36	0.800000	1.000000	0.003105	-0.000000	0.000000	1
36	0.800000	1.020000	0.003030	-0.000000	0.000000	1
36	0.800000	1.040000	0.002361	-0.000000	0.000000	1
36	0.800000	1.060000	0.002035	-0.000000	0.000000	1
36	0.800000	1.080000	0.001979	-0.000000	0.000000	1
36	0.800000	1.100000	0.001985	-0.000000	0.000000	1
36	0.800000	1.120000	0.002052	-0.000000	0.000000	1
36	0.800000	1.140000	0.002107	-0.000000	0.000000	1
36	0.800000	1.160000	0.002109	-0.000000	0.000000	1
36	0.800000	1.180000	0.002037	-0.000000	0.000000	1
36	0.800000	1.200000	0.002026	-0.000000	0.000000	1
36	0.800000	1.220000	0.002066	-0.000000	0.000000	1
36	0.800000	1.240000	0.002086	-0.000000	0.000000	1
36	0.800000	1.260000	0.002077	-0.000000	0.000000	1
36	0.800000	1.280000	0.002075	-0.000000	0.000000	1
36	0.800000	1.300000	0.002038	-0.000000	0.000000	1
36	0.800000	1.320000	0.002034	-0.000000	0.000000	1
36	0.800000	1.340000	0.002058	-0.000000	0.000000	1
36	0.800000	1.360000	0.002074	-0.000000	0.000000	1
36	0.800000	1.380000	0.002098	-0.000000	0.000000	1
36	0.800000	1.400000	0.002111	-0.000000	0.000000	1
36	0.800000	1.420000	0.002131	-0.000000	0.000000	1
36	0.800000	1.440000	0.002115	-0.000000	0.000000	1
36	0.800000	1.460000	0.002206	-0.000000	0.000000	1
36	0.800000	1.480000	0.002387	-0.000000	0.000000	1
36	0.800000	1.500000	0.002342	-0.000000	0.000000	1
36	0.800000	1.520000	0.002168	-0.000000	0.000000	1
36	0.800000	1.540000	0.002106	-0.000000	0.000000	1
36	0.800000	1.560000	0.002127	-0.000000	0.000000	1
36	0.800000	1.580000	0.002170	-0.000000	0.000000	1
36	0.800000	1.600000	0.002291	-0.000000	0.000000	1
36	0.800000	1.620000	0.003635	-0.000000	0.000000	1
36	0.800000	1.640000	0.021709	-0.000000	0.000000	1
36	0.800000	1.660000	0.050917	-0.000000	0.000000	1
36	0.800000	1.680000	0.000000	-0.000000	0.000000	1
36	0.800000	1.700000	0.000000	-0.000000	0.000000	1
36	0.800000	1.720000	0.000000	-0.000000	0.000000	1
36	0.800000	1.740000	0.000000	-0.000000	0.000000	1
36	0.800000	1.760000	0.000000	-0.000000	0.000000	1
36	0.800000	1.780000	0.000000	-0.000000	0.000000	1
36	0.800000	1.800000	0.000000	-0.000000	0.000000	1
36	0.800000	1.820000	0.000000	-0.000000	0.000000	1
36	0.800000	1.840000	0.000000	-0.000000	0.000000	1
36	0.800000	1.860000	0.000000	-0.000000	0.000000	1
36	0.800000	1.880000	0.000000	-0.000000	0.000000	1
36	0.800000	1.900000	0.000000	-0.000000	0.000000	1
36	0.800000	1.920000	0.000000	-0.000000	0.000000	1
36	0.800000	1.940000	0.000000	-0.000000	0.000000	1
36	0.800000	1.960000	0.000000	-0.000000	0.000000	1
36	0.800000	1.980000	0.000000	-0.000000	0.000000	1
36	0.800000	2.000000	0.000000	-0.000000	0.000000	1
36	0.800000	2.020000	0.000000	-0.000000	0.000000	1
36	0.800000	2.040000	0.000000	-0.000000	0.000000	1
36	0.800000	2.060000	0.000000	-0.000000	0.000000	1
36	0.800000	2.080000	0.000000	-0.000000	0.000000	1
36	0.800000	2.100000	0.000000	-0.000000	0.000000	1
36	0.800000	2.120000	0.000000	-0.000000	0.000000	1
36	0.800000	2.140000	0.000000	-0.000000	0.000000	1
36	0.800000	2.160000	0.000000	-0.000000	0.000000	1
36	0.800000	2.180000	0.000000	-0.000000	0.000000	1
36	0.800000	2.200000	0.000000	-0.000000	0.000000	1
36	0.800000	2.220000	0.000000	-0.000000	0.000000	1
36	0.800000	2.240000	0.000000	-0.000000	0.000000	1
36	0.800000	2.260000	0.000000	-0.000000	0.000000	1
36	0.800000	2.280000	0.000000	-0.000000	0.000000	1
36	0.800000	2.300000	0.000000	-0.000000	0.000000	1
36	0.800000	2.320000	0.000000	-0.000000	0.000000	1
36	0.800000	2.340000	0.000000	-0.000000	0.000000	1
36	0.800000	2.360000	0.000000	-0.000000	0.000000	1
36	0.800000	2.380000	0.000000	-0.000000	0.000000	1
36	0.800000	2.400000	0.000000	-0.000000	0.000000	1
36	0.800000	2.420000	0.000000	-0.000000	0.000000	1
36	0.800000	2.440000	0.000000	-0.000000	0.000000	1
36	0.800000	2.460000	0.000000	-0.000000	0.000000	1
36	0.800000	2.480000	0.000000	-0.000000	0.000000	1
36	0.800000	2.500000	0.000000	-0.000000	0.000000	1
36	0.800000	2.520000	0.000000	-0.000000	0.000000	1
36	0.800000	2.540000	0.000000	-0.000000	0.000000	1
36	0.800000	2.560000	0.000000	-0.000000	0.000000	1
36	0.800000	2.580000	0.000000	-0.000000	0.000000	1
36	0.800000	2.600000	0.000000	-0.000000	0.000000	1
36	0.800000	2.620000	0.000000	-0.000000	0.000000	1
36	0.800000	2.640000	0.000000	-0.000000	0.000000	1
36	0.800000	2.660000	0.000000	-0.000000	0.000000	1
36	0.800000	2.680000	0.000000	-0.000000	0.000000	1
36	0.800000	2.700000	0.000000	-0.000000	0.000000	1
36	0.800000	2.720000	0.000000	-0.000000	0.000000	1
36	0.800000	2.740000	0.000000	-0.000000	0.000000	1
36	0.800000	2.760000	0.000000	-0.000000	0.000000	1
36	0.800000	2.780000	0.000000	-0.000000	0.000000	1
36	0.800000	2.800000	0.000000	-0.000000	0.000000	1
36	0.800000	2.820000	0.000000	-0.000000	0.000000	1
36	0.800000	2.840000	0.000000	-0.000000	0.000000	1
36	0.800000	2.860000	0.000000	-0.000000	0.000000	1
36	0.800000	2.880000	0.000000	-0.000000	0.000000	1
36	0.800000	2.900000	0.000000	-0.000000	0.000000	1
36	0.800000	2.920000	0.000000	-0.000000	0.000000	1
36	0.800000	2.940000	0.000000	-0.000000	0.000000	1
36	0.800000	2.960000	0.000000	-0.000000	0.000000	1
36	0.800000	2.980000	0.000000	-0.000000	0.000000	1
36	0.800000	3.000000	0.000000	-0.000000	0.000000	1
36	0.800000	3.020000	0.000000	-0.000000	0.000000	1
36	0.800000	3.040000	0.000000	-0.000000	0.000000	1
36	0.800000	3.060000	0.000000	-0.000000	0.000000	1
36	0.800000	3.080000	0.000000	-0.000000	0.000000	1
36	0.800000	3.100000	0.000000	-0.000000	0.000000	1
36	0.800000	3.120000	0.000000	-0.000000	0.000000	1
36	0.800000	3.140000	0.000000	-0.000000	0.000000	1
36	0.800000	3.160000	0.000000	-0.000000	0.000000	1
36	0.800000	3.180000	0.000000	-0.000000	0.000000	1
36	0.800000	3.200000	0.000000	-0.000000	0.000000	1
36	0.800000	3.220000	0.000000	-0.000000	0.000000	1
36	0.800000	3.240000	0.000000	-0.000000	0.000000	1
36	0.800000	3.260000	0.000000	-0.000000	0.000000	1
36	0.800000	3.280000	0.000000	-0.000000	0.000000	1
36	0.800000	3.300000	0.000000	-0.000000	0.000000	1
36	0.800000	3.320000	0.000000	-0.000000	0.000000	1
36	0.800000	3.340000	0.000000	-0.000000	0.000000	1
36	0.800000	3.360000	0.000000	-0.000000	0.000000	1
36	0.800000	3.380000	0.000000	-0.000000	0.000000	1
36	0.800000	3.400000	0.000000	-0.000000	0.000000	1
36	0.800000	3.420000	0.000000	-0.000000	0.000000	1
36	0.800000	3.440000	0.000000	-0.000000	0.000000	1
36	0.800000	3.460000	0.000000	-0.000000	0.000000	1
36	0.800000	3.480000	0.000000	-0.000000	0.000000	1
36	0.800000	3.500000	0.000000	-0.000000	0.000000	1
36	0.800000	3.520000	0.000000	-0.000000	0.000000	1
36	0.800000	3.540000	0.000000	-0.000000	0.000000	1
36	0.800000	3.560000	0.000000	-0.000000	0.000000	1
36	0.800000	3.580000	0.000000	-0.000000	0.000000	1
36	0.800000	3.600000	0.000000	-0.000000	0.000000	1
36	0.800000	3.620000	0.000000	-0.000000	0.000000	1
36	0.800000	3.640000	0.000000	-0.000000	0.000000	1
36	0.800000	3.660000	0.000000	-0.000000	0.000000	1
36	0.800000	3.680000	0.000000	-0.000000	0.000000	1
36	0.800000	3.700000	0.000000	-0.000000	0.000000	1
36	0.800000	3.720000	0.000000	-0.000000	0.000000	1
36	0.800000	3.740000	0.000000	-0.000000	0.000000	1
36	0.800000	3.760000	0.000000	-0.000000	0.000000	1
36	0.800000	3.780000	0.000000	-0.000000	0.000000	1
36	0.800000	3.800000	0.000000	-0.000000	0.000000	1
36	0.800000	3.820000	0.000000	-0.000000	0.000000	1
36	0.800000	3.840000	0.000000	-0.000000	0.000000	1
36	0.800000	3.860000	0.000000	-0.000000	0.000000	1
36	0.800000	3.880000	0.000000	-0.000000	0.000000	1
36	0.800000	3.900000	0.000000	-0.000000	0.000000	1
36	0.800000	3.920000	0.000000	-0.000000	0.000000	1
36	0.800000	3.940000	0.000000	-0.000000	0.000000	1
36	0.800000	3.960000	0.000000	-0.000000	0.000000	1
36	0.800000	3.980000	0.000000	-0.000000	0.000000	1
36	0.900000	0.000000	0.000000	-0.000000	0.000000	1
36	0.900000	0.020000	0.000000	-0.000000	0.000000	1
36	0.900000	0.040000	0.000000	-0.000000	0.000000	1
36	0.900000	0.060000	0.000000	-0.000000	0.000000	1
36	0.900000	0.080000	0.000000	-0.000000	0.000000	1
36	0.900000	0.100000	0.002303	-0.000000	0.000000	1
36	0.900000	0.120000	0.002317	-0.000000	0.000000	1
36	0.900000	0.140000	0.002329	-0.000000	0.000000	1
36	0.900000	0.160000	0.002338	-0.000000	0.000000	1
36	0.900000	0.180000	0.002344	-0.000000	0.000000	1
36	0.900000	0.200000	0.002346	-0.000000	0.000000	1
36	0.900000	0.220000	0.002207	-0.000000	0.000000	1
36	0.900000	0.240000	0.001713	-0.000000	0.000000	1
36	0.900000	0.260000	0.001686	-0.000000	0.000000	1
36	0.900000	0.280000	0.001635	-0.000000	0.000000	1
36	0.900000	0.300000	0.001603	-0.000000	0.000000	1
36	0.900000	0.320000	0.001663	-0.000000	0.000000	1
36	0.900000	0.340000	0.001913	-0.000000	0.000000	1
36	0.900000	0.360000	0.002224	-0.000000	0.000000	1
36	0.900000	0.380000	0.002314	-0.000000	0.000000	1
36	0.900000	0.400000	0.002267	-0.000000	0.000000	1
36	0.900000	0.420000	0.002029	-0.000000	0.000000	1
36	0.900000	0.440000	0.002015	-0.000000	0.000000	1
36	0.900000	0.460000	0.002012	-0.000000	0.000000	1
36	0.900000	0.480000	0.001996	-0.000000	0.000000	1
36	0.900000	0.500000	0.001963	-0.000000	0.000000	1
36	0.900000	0.520000	0.002006	-0.000000	0.000000	1
36	0.900000	0.540000	0.002077	-0.000000	0.000000	1
36	0.900000	0.560000	0.001994	-0.000000	0.000000	1
36	0.900000	0.580000	0.001953	-0.000000	0.000000	1
36	0.900000	0.600000	0.001995	-0.000000	0.000000	1
36	0.900000	0.620000	0.002084	-0.000000	0.000000	1
36	0.900000	0.640000	0.002279	-0.000000	0.000000	1
36	0.900000	0.660000	0.002126	-0.000000	0.000000	1
36	0.900000	0.680000	0.002078	-0.000000	0.000000	1
36	0.900000	0.700000	0.002124	-0.000000	0.000000	1
36	0.900000	0.720000	0.002146	-0.000000	0.000000	1
36	0.900000	0.740000	0.002043	-0.000000	0.000000	1
36	0.900000	0.760000	0.002001	-0.000000	0.000000	1
36	0.900000	0.780000	0.002006	-0.000000	0.000000	1
36	0.900000	0.800000	0.002049	-0.000000	0.000000	1
36	0.900000	0.820000	0.002072	-0.000000	0.000000	1
36	0.900000	0.840000	0.002053	-0.000000	0.000000	1
36	0.900000	0.860000	0.002049	-0.000000	0.000000	1
36	0.900000	0.880000	0.002040	-0.000000	0.000000	1
36	0.900000	0.900000	0.002026	-0.000000	0.000000	1
36	0.900000	0.920000	0.002017	-0.000000	0.000000	1
36	0.900000	0.940000	0.002006	-0.000000	0.000000	1
36	0.900000	0.960000	0.002295	-0.000000	0.000000	1
36	0.900000	0.980000	0.002948	-0.000000	0.000000	1
36	0.900000	1.000000	0.003168	-0.000000	0.000000	1
36	0.900000	1.020000	0.003069	-0.000000	0.000000	1
36	0.900000	1.040000	0.002377	-0.000000	0.000000	1
36	0.900000	1.060000	0.002043	-0.000000	0.000000	1
36	0.900000	1.080000	0.001985	-0.000000	0.000000	1
36	0.900000	1.100000	0.001989	-0.000000	0.000000	1
36	0.900000	1.120000	0.002048	-0.000000	0.000000	1
36	0.900000	1.140000	0.002105	-0.000000	0.000000	1
36	0.900000	1.160000	0.002124	-0.000000	0.000000	1
36	0.900000	1.180000	0.002054	-0.000000	0.000000	1
36	0.900000	1.200000	0.002031	-0.000000	0.000000	1
36	0.900000	1.220000	0.002067	-0.000000	0.000000	1
36	0.900000	1.240000	0.002090	-0.000000	0.000000	1
36	0.900000	1.260000	0.002090	-0.000000	0.000000	1
36	0.900000	1.280000	0.002101	-0.000000	0.000000	1
36	0.900000	1.300000	0.002058	-0.000000	0.000000	1
36	0.900000	1.320000	0.002028	-0.000000	0.000000	1
36	0.900000	1.340000	0.002056	-0.000000	0.000000	1
36	0.900000	1.360000	0.002079	-0.000000	0.000000	1
36	0.900000	1.380000	0.002109	-0.000000	0.000000	1
36	0.900000	1.400000	0.002125	-0.000000	0.000000	1
36	0.900000	1.420000	0.002135	-0.000000	0.000000	1
36	0.900000	1.440000	0.002123	-0.000000	0.000000	1
36	0.900000	1.460000	0.002282	-0.000000	0.000000	1
36	0.900000	1.480000	0.002603	-0.000000	0.000000	1
36	0.900000	1.500000	0.002541	-0.000000	0.000000	1
36	0.900000	1.520000	0.002228	-0.000000	0.000000	1
36	0.900000	1.540000	0.002122	-0.000000	0.000000	1
36	0.900000	1.560000	0.002139	-0.000000	0.000000	1
36	0.900000	1.580000	0.002191	-0.000000	0.000000	1
36	0.900000	1.600000	0.002300	-0.000000	0.000000	1
36	0.900000	1.620000	0.003253	-0.000000	0.000000	1
36	0.900000	1.640000	0.018464	-0.000000	0.000000	1
36	0.900000	1.660000	0.049978	-0.000000	0.000000	1
36	0.900000	1.680000	0.000000	-0.000000	0.000000	1
36	0.900000	1.700000	0.000000	-0.000000	0.000000	1
36	0.900000	1.720000	0.000000	-0.000000	0.000000	1
36	0.900000	1.740000	0.000000	-0.000000	0.000000	1
36	0.900000	1.760000	0.000000	-0.000000	0.000000	1
36	0.900000	1.780000	0.000000	-0.000000	0.000000	1
36	0.900000	1.800000	0.000000	-0.000000	0.000000	1
36	0.900000	1.820000	0.000000	-0.000000	0.000000	1
36	0.900000	1.840000	0.000000	-0.000000	0.000000	1
36	0.900000	1.860000	0.000000	-0.000000	0.000000	1
36	0.900000	1.880000	0.000000	-0.000000	0.000000	1
36	0.900000	1.900000	0.000000	-0.000000	0.000000	1
36	0.900000	1.920000	0.000000	-0.000000	0.000000	1
36	0.900000	1.940000	0.000000	-0.000000	0.000000	1
36	0.900000	1.960000	0.000000	-0.000000	0.000000	1
36	0.900000	1.980000	0.000000	-0.000000	0.000000	1
36	0.900000	2.000000	0.000000	-0.000000	0.000000	1
36	0.900000	2.020000	0.000000	-0.000000	0.000000	1
36	0.900000	2.040000	0.000000	-0.000000	0.000000	1
36	0.900000	2.060000	0.000000	-0.000000	0.000000	1
36	0.900000	2.080000	0.000000	-0.000000	0.000000	1
36	0.900000	2.100000	0.000000	-0.000000	0.000000	1
36	0.900000	2.120000	0.000000	-0.000000	0.000000	1
36	0.900000	2.140000	0.000000	-0.000000	0.000000	1
36	0.900000	2.160000	0.000000	-0.000000	0.000000	1
36	0.900000	2.180000	0.000000	-0.000000	0.000000	1
36	0.900000	2.200000	0.000000	-0.000000	0.000000	1
36	0.900000	2.220000	0.000000	-0.000000	0.000000	1
36	0.900000	2.240000	0.000000	-0.000000	0.000000	1
36	0.900000	2.260000	0.000000	-0.000000	0.000000	1
36	0.900000	2.280000	0.000000	-0.000000	0.000000	1
36	0.900000	2.300000	0.000000	-0.000000	0.000000	1
36	0.900000	2.320000	0.000000	-0.000000	0.000000	1
36	0.900000	2.340000	0.000000	-0.000000	0.000000	1
36	0.900000	2.360000	0.000000	-0.000000	0.000000	1
36	0.900000	2.380000	0.000000	-0.000000	0.000000	1
36	0.900000	2.400000	0.000000	-0.000000	0.000000	1
36	0.900000	2.420000	0.000000	-0.000000	0.000000	1
36	0.900000	2.440000	0.000000	-0.000000	0.000000	1
36	0.900000	2.460000	0.000000	-0.000000	0.000000	1
36	0.900000	2.480000	0.000000	-0.000000	0.000000	1
36	0.900000	2.500000	0.000000	-0.000000	0.000000	1
36	0.900000	2.520000	0.000000	-0.000000	0.000000	1
36	0.900000	2.540000	0.000000	-0.000000	0.000000	1
36	0.900000	2.560000	0.000000	-0.000000	0.000000	1
36	0.900000	2.580000	0.000000	-0.000000	0.000000	1
36	0.900000	2.600000	0.000000	-0.000000	0.000000	1
36	0.900000	2.620000	0.000000	-0.000000	0.000000	1
36	0.900000	2.640000	0.000000	-0.000000	0.000000	1
36	0.900000	2.660000	0.000000	-0.000000	0.000000	1
36	0.900000	2.680000	0.000000	-0.000000	0.000000	1
36	0.900000	2.700000	0.000000	-0.000000	0.000000	1
36	0.900000	2.720000	0.000000	-0.000000	0.000000	1
36	0.900000	2.740000	0.000000	-0.000000	0.000000	1
36	0.900000	2.760000	0.000000	-0.000000	0.000000	1
36	0.900000	2.780000	0.000000	-0.000000	0.000000	1
36	0.900000	2.800000	0.000000	-0.000000	0.000000	1
36	0.900000	2.820000	0.000000	-0.000000	0.000000	1
36	0.900000	2.840000	0.000000	-0.000000	0.000000	1
36	0.900000	2.860000	0.000000	-0.000000	0.000000	1
36	0.900000	2.880000	0.000000	-0.000000	0.000000	1
36	0.900000	2.900000	0.000000	-0.000000	0.000000	1
36	0.900000	2.920000	0.000000	-0.000000	0.000000	1
36	0.900000	2.940000	0.000000	-0.000000	0.000000	1
36	0.900000	2.960000	0.000000	-0.000000	0.000000	1
36	0.900000	2.980000	0.000000	-0.000000	0.000000	1
36	0.900000	3.000000	0.000000	-0.000000	0.000000	1
36	0.900000	3.020000	0.000000	-0.000000	0.000000	1
36	0.900000	3.040000	0.000000	-0.000000	0.000000	1
36	0.900000	3.060000	0.000000	-0.000000	0.000000	1
36	0.900000	3.080000	0.000000	-0.000000	0.000000	1
36	0.900000	3.100000	0.000000	-0.000000	0.000000	1
36	0.900000	3.120000	0.000000	-0.000000	0.000000	1
36	0.900000	3.140000	0.000000	-0.000000	0.000000	1
36	0.900000	3.160000	0.000000	-0.000000	0.000000	1
36	0.900000	3.180000	0.000000	-0.000000	0.000000	1
36	0.900000	3.200000	0.000000	-0.000000	0.000000	1
36	0.900000	3.220000	0.000000	-0.000000	0.000000	1
36	0.900000	3.240000	0.000000	-0.000000	0.000000	1
36	0.900000	3.260000	0.000000	-0.000000	0.000000	1
36	0.900000	3.280000	0.000000	-0.000000	0.000000	1
36	0.900000	3.300000	0.000000	-0.000000	0.000000	1
36	0.900000	3.320000	0.000000	-0.000000	0.000000	1
36	0.900000	3.340000	0.000000	-0.000000	0.000000	1
36	0.900000	3.360000	0.000000	-0.000000	0.000000	1
36	0.900000	3.380000	0.000000	-0.000000	0.000000	1
36	0.900000	3.400000	0.000000	-0.000000	0.000000	1
36	0.900000	3.420000	0.000000	-0.000000	0.000000	1
36	0.900000	3.440000	0.000000	-0.000000	0.000000	1
36	0.900000	3.460000	0.000000	-0.000000	0.000000	1
36	0.900000	3.480000	0.000000	-0.000000	0.000000	1
36	0.900000	3.500000	0.000000	-0.000000	0.000000	1
36	0.900000	3.520000	0.000000	-0.000000	0.000000	1
36	0.900000	3.540000	0.000000	-0.000000	0.000000	1
36	0.900000	3.560000	0.000000	-0.000000	0.000000	1
36	0.900000	3.580000	0.000000	-0.000000	0.000000	1
36	0.900000	3.600000	0.000000	-0.000000	0.000000	1
36	0.900000	3.620000	0.000000	-0.000000	0.000000	1
36	0.900000	3.640000	0.000000	-0.000000	0.000000	1
36	0.900000	3.660000	0.000000	-0.000000	0.000000	1
36	0.900000	3.680000	0.000000	-0.000000	0.000000	1
36	0.900000	3.700000	0.000000	-0.000000	0.000000	1
36	0.900000	3.720000	0.000000	-0.000000	0.000000	1
36	0.900000	3.740000	0.000000	-0.000000	0.000000	1
36	0.900000	3.760000	0.000000	-0.000000	0.000000	1
36	0.900000	3.780000	0.000000	-0.000000	0.000000	1
36	0.900000	3.800000	0.000000	-0.000000	0.000000	1
36	0.900000	3.820000	0.000000	-0.000000	0.000000	1
36	0.900000	3.840000	0.000000	-0.000000	0.000000	1
36	0.900000	3.860000	0.000000	-0.000000	0.000000	1
36	0.900000	3.880000	0.000000	-0.000000	0.000000	1
36	0.900000	3.900000	0.000000	-0.000000	0.000000	1
36	0.900000	3.920000	0.000000	-0.000000	0.000000	1
36	0.900000	3.940000	0.000000	-0.000000	0.000000	1
36	0.900000	3.960000	0.000000	-0.000000	0.000000	1
36	0.900000	3.980000	0.000000	-0.000000	0.000000	1
36	1.000000	0.000000	0.000000	-0.000000	0.000000	1
36	1.000000	0.020000	0.000000	-0.000000	0.000000	1
36	1.000000	0.040000	0.000000	-0.000000	0.000000	1
36	1.000000	0.060000	0.000000	-0.000000	0.000000	1
36	1.000000	0.080000	0.000000	-0.000000	0.000000	1
36	1.000000	0.100000	0.002294	-0.000000	0.000000	1
36	1.000000	0.120000	0.002311	-0.000000	0.000000	1
36	1.000000	0.140000	0.002325	-0.000000	0.000000	1
36	1.000000	0.160000	0.002336	-0.000000	0.000000	1
36	1.000000	0.180000	0.002343	-0.000000	0.000000	1
36	1.000000	0.200000	0.002345	-0.000000	0.000000	1
36	1.000000	0.220000	0.002206	-0.000000	0.000000	1
36	1.000000	0.240000	0.001709	-0.000000	0.000000	1
36	1.000000	0.260000	0.001682	-0.000000	0.000000	1
36	1.000000	0.280000	0.001633	-0.000000	0.000000	1
36	1.000000	0.300000	0.001606	-0.000000	0.000000	1
36	1.000000	0.320000	0.001670	-0.000000	0.000000	1
36	1.000000	0.340000	0.001920	-0.000000	0.000000	1
36	1.000000	0.360000	0.002228	-0.000000	0.000000	1
36	1.000000	0.380000	0.002318	-0.000000	0.000000	1
36	1.000000	0.400000	0.002265	-0.000000	0.000000	1
36	1.000000	0.420000	0.002009	-0.000000	0.000000	1
36	1.000000	0.440000	0.001990	-0.000000	0.000000	1
36	1.000000	0.460000	0.001986	-0.000000	0.000000	1
36	1.000000	0.480000	0.001991	-0.000000	0.000000	1
36	1.000000	0.500000	0.001968	-0.000000	0.000000	1
36	1.000000	0.520000	0.002009	-0.000000	0.000000	1
36	1.000000	0.540000	0.002083	-0.000000	0.000000	1
36	1.000000	0.560000	0.002002	-0.000000	0.000000	1
36	1.000000	0.580000	0.001959	-0.000000	0.000000	1
36	1.000000	0.600000	0.002001	-0.000000	0.000000	1
36	1.000000	0.620000	0.002132	-0.000000	0.000000	1
36	1.000000	0.640000	0.002309	-0.000000	0.000000	1
36	1.000000	0.660000	0.002113	-0.000000	0.000000	1
36	1.000000	0.680000	0.002071	-0.000000	0.000000	1
36	1.000000	0.700000	0.002125	-0.000000	0.000000	1
36	1.000000	0.720000	0.002151	-0.000000	0.000000	1
36	1.000000	0.740000	0.002046	-0.000000	0.000000	1
36	1.000000	0.760000	0.002005	-0.000000	0.000000	1
36	1.000000	0.780000	0.002007	-0.000000	0.000000	1
36	1.000000	0.800000	0.002037	-0.000000	0.000000	1
36	1.000000	0.820000	0.002073	-0.000000	0.000000	1
36	1.000000	0.840000	0.002062	-0.000000	0.000000	1
36	1.000000	0.860000	0.002055	-0.000000	0.000000	1
36	1.000000	0.880000	0.002046	-0.000000	0.000000	1
36	1.000000	0.900000	0.002034	-0.000000	0.000000	1
36	1.000000	0.920000	0.002021	-0.000000	0.000000	1
36	1.000000	0.940000	0.002004	-0.000000	0.000000	1
36	1.000000	0.960000	0.002278	-0.000000	0.000000	1
36	1.000000	0.980000	0.002885	-0.000000	0.000000	1
36	1.000000	1.000000	0.003083	-0.000000	0.000000	1
36	1.000000	1.020000	0.002984	-0.000000	0.000000	1
36	1.000000	1.040000	0.002354	-0.000000	0.000000	1
36	1.000000	1.060000	0.002048	-0.000000	0.000000	1
36	1.000000	1.080000	0.001991	-0.000000	0.000000	1
36	1.000000	1.100000	0.001994	-0.000000	0.000000	1
36	1.000000	1.120000	0.002044	-0.000000	0.000000	1
36	1.000000	1.140000	0.002094	-0.000000	0.000000	1
36	1.000000	1.160000	0.002123	-0.000000	0.000000	1
36	1.000000	1.180000	0.002067	-0.000000	0.000000	1
36	1.000000	1.200000	0.002039	-0.000000	0.000000	1
36	1.000000	1.220000	0.002073	-0.000000	0.000000	1
36	1.000000	1.240000	0.002097	-0.000000	0.000000	1
36	1.000000	1.260000	0.002103	-0.000000	0.000000	1
36	1.000000	1.280000	0.002129	-0.000000	0.000000	1
36	1.000000	1.300000	0.002083	-0.000000	0.000000	1
36	1.000000	1.320000	0.002020	-0.000000	0.000000	1
36	1.000000	1.340000	0.002052	-0.000000	0.000000	1
36	1.000000	1.360000	0.002089	-0.000000	0.000000	1
36	1.000000	1.380000	0.002135	-0.000000	0.000000	1
36	1.000000	1.400000	0.002161	-0.000000	0.000000	1
36	1.000000	1.420000	0.002173	-0.000000	0.000000	1
36	1.000000	1.440000	0.002214	-0.000000	0.000000	1
36	1.000000	1.460000	0.002588	-0.000000	0.000000	1
36	1.000000	1.480000	0.003181	-0.000000	0.000000	1
36	1.000000	1.500000	0.003005	-0.000000	0.000000	1
36	1.000000	1.520000	0.002395	-0.000000	0.000000	1
36	1.000000	1.540000	0.002164	-0.000000	0.000000	1
36	1.000000	1.560000	0.002149	-0.000000	0.000000	1
36	1.000000	1.580000	0.002211	-0.000000	0.000000	1
36	1.000000	1.600000	0.002341	-0.000000	0.000000	1
36	1.000000	1.620000	0.003017	-0.000000	0.000000	1
36	1.000000	1.640000	0.016595	-0.000000	0.000000	1
36	1.000000	1.660000	0.043912	-0.000000	0.000000	1
36	1.000000	1.680000	0.061754	-0.000000	0.000000	1
36	1.000000	1.700000	0.000000	-0.000000	0.000000	1
36	1.000000	1.720000	0.000000	-0.000000	0.000000	1
36	1.000000	1.740000	0.000000	-0.000000	0.000000	1
36	1.000000	1.760000	0.000000	-0.000000	0.000000	1
36	1.000000	1.780000	0.000000	-0.000000	0.000000	1
36	1.000000	1.800000	0.000000	-0.000000	0.000000	1
36	1.000000	1.820000	0.000000	-0.000000	0.000000	1
36	1.000000	1.840000	0.000000	-0.000000	0.000000	1
36	1.000000	1.860000	0.000000	-0.000000	0.000000	1
36	1.000000	1.880000	0.000000	-0.000000	0.000000	1
36	1.000000	1.900000	0.000000	-0.000000	0.000000	1
36	1.000000	1.920000	0.000000	-0.000000	0.000000	1
36	1.000000	1.940000	0.000000	-0.000000	0.000000	1
36	1.000000	1.960000	0.000000	-0.000000	0.000000	1
36	1.000000	1.980000	0.000000	-0.000000	0.000000	1
36	1.000000	2.000000	0.000000	-0.000000	0.000000	1
36	1.000000	2.020000	0.000000	-0.000000	0.000000	1
36	1.000000	2.040000	0.000000	-0.000000	0.000000	1
36	1.000000	2.060000	0.000000	-0.000000	0.000000	1
36	1.000000	2.080000	0.000000	-0.000000	0.000000	1
36	1.000000	2.100000	0.000000	-0.000000	0.000000	1
36	1.000000	2.120000	0.000000	-0.000000	0.000000	1
36	1.000000	2.140000	0.000000	-0.000000	0.000000	1
36	1.000000	2.160000	0.000000	-0.000000	0.000000	1
36	1.000000	2.180000	0.000000	-0.000000	0.000000	1
36	1.000000	2.200000	0.000000	-0.000000	0.000000	1
36	1.000000	2.220000	0.000000	-0.000000	0.000000	1
36	1.000000	2.240000	0.000000	-0.000000	0.000000	1
36	1.000000	2.260000	0.000000	-0.000000	0.000000	1
36	1.000000	2.280000	0.000000	-0.000000	0.000000	1
36	1.000000	2.300000	0.000000	-0.000000	0.000000	1
36	1.000000	2.320000	0.000000	-0.000000	0.000000	1
36	1.000000	2.340000	0.000000	-0.000000	0.000000	1
36	1.000000	2.360000	0.000000	-0.000000	0.000000	1
36	1.000000	2.380000	0.000000	-0.000000	0.000000	1
36	1.000000	2.400000	0.000000	-0.000000	0.000000	1
36	1.000000	2.420000	0.000000	-0.000000	0.000000	1
36	1.000000	2.440000	0.000000	-0.000000	0.000000	1
36	1.000000	2.460000	0.000000	-0.000000	0.000000	1
36	1.000000	2.480000	0.000000	-0.000000	0.000000	1
36	1.000000	2.500000	0.000000	-0.000000	0.000000	1
36	1.000000	2.520000	0.000000	-0.000000	0.000000	1
36	1.000000	2.540000	0.000000	-0.000000	0.000000	1
36	1.000000	2.560000	0.000000	-0.000000	0.000000	1
36	1.000000	2.580000	0.000000	-0.000000	0.000000	1
36	1.000000	2.600000	0.000000	-0.000000	0.000000	1
36	1.000000	2.620000	0.000000	-0.000000	0.000000	1
36	1.000000	2.640000	0.000000	-0.000000	0.000000	1
36	1.000000	2.660000	0.000000	-0.000000	0.000000	1
36	1.000000	2.680000	0.000000	-0.000000	0.000000	1
36	1.000000	2.700000	0.000000	-0.000000	0.000000	1
36	1.000000	2.720000	0.000000	-0.000000	0.000000	1
36	1.000000	2.740000	0.000000	-0.000000	0.000000	1
36	1.000000	2.760000	0.000000	-0.000000	0.000000	1
36	1.000000	2.780000	0.000000	-0.000000	0.000000	1
36	1.000000	2.800000	0.000000	-0.000000	0.000000	1
36	1.000000	2.820000	0.000000	-0.000000	0.000000	1
36	1.000000	2.840000	0.000000	-0.000000	0.000000	1
36	1.000000	2.860000	0.000000	-0.000000	0.000000	1
36	1.000000	2.880000	0.000000	-0.000000	0.000000	1
36	1.000000	2.900000	0.000000	-0.000000	0.000000	1
36	1.000000	2.920000	0.000000	-0.000000	0.000000	1
36	1.000000	2.940000	0.000000	-0.000000	0.000000	1
36	1.000000	2.960000	0.000000	-0.000000	0.000000	1
36	1.000000	2.980000	0.000000	-0.000000	0.000000	1
36	1.000000	3.000000	0.000000	-0.000000	0.000000	1
36	1.000000	3.020000	0.000000	-0.000000	0.000000	1
36	1.000000	3.040000	0.000000	-0.000000	0.000000	1
36	1.000000	3.060000	0.000000	-0.000000	0.000000	1
36	1.000000	3.080000	0.000000	-0.000000	0.000000	1
36	1.000000	3.100000	0.000000	-0.000000	0.000000	1
36	1.000000	3.120000	0.000000	-0.000000	0.000000	1
36	1.000000	3.140000	0.000000	-0.000000	0.000000	1
36	1.000000	3.160000	0.000000	-0.000000	0.000000	1
36	1.000000	3.180000	0.000000	-0.000000	0.000000	1
36	1.000000	3.200000	0.000000	-0.000000	0.000000	1
36	1.000000	3.220000	0.000000	-0.000000	0.000000	1
36	1.000000	3.240000	0.000000	-0.000000	0.000000	1
36	1.000000	3.260000	0.000000	-0.000000	0.000000	1
36	1.000000	3.280000	0.000000	-0.000000	0.000000	1
36	1.000000	3.300000	0.000000	-0.000000	0.000000	1
36	1.000000	3.320000	0.000000	-0.000000	0.000000	1
36	1.000000	3.340000	0.000000	-0.000000	0.000000	1
36	1.000000	3.360000	0.000000	-0.000000	0.000000	1
36	1.000000	3.380000	0.000000	-0.000000	0.000000	1
36	1.000000	3.400000	0.000000	-0.000000	0.000000	1
36	1.000000	3.420000	0.000000	-0.000000	0.000000	1
36	1.000000	3.440000	0.000000	-0.000000	0.000000	1
36	1.000000	3.460000	0.000000	-0.000000	0.000000	1
36	1.000000	3.480000	0.000000	-0.000000	0.000000	1
36	1.000000	3.500000	0.000000	-0.000000	0.000000	1
36	1.000000	3.520000	0.000000	-0.000000	0.000000	1
36	1.000000	3.540000	0.000000	-0.000000	0.000000	1
36	1.000000	3.560000	0.000000	-0.000000	0.000000	1
36	1.000000	3.580000	0.000000	-0.000000	0.000000	1
36	1.000000	3.600000	0.000000	-0.000000	0.000000	1
36	1.000000	3.620000	0.000000	-0.000000	0.000000	1
36	1.000000	3.640000	0.000000	-0.000000	0.000000	1
36	1.000000	3.660000	0.000000	-0.000000	0.000000	1
36	1.000000	3.680000	0.000000	-0.000000	0.000000	1
36	1.000000	3.700000	0.000000	-0.000000	0.000000	1
36	1.000000	3.720000	0.000000	-0.000000	0.000000	1
36	1.000000	3.740000	0.000000	-0.000000	0.000000	1
36	1.000000	3.760000	0.000000	-0.000000	0.000000	1
36	1.000000	3.780000	0.000000	-0.000000	0.000000	1
36	1.000000	3.800000	0.000000	-0.000000	0.000000	1
36	1.000000	3.820000	0.000000	-0.000000	0.000000	1
36	1.000000	3.840000	0.000000	-0.000000	0.000000	1
36	1.000000	3.860000	0.000000	-0.000000	0.000000	1
36	1.000000	3.880000	0.000000	-0.000000	0.000000	1
36	1.000000	3.900000	0.000000	-0.000000	0.000000	1
36	1.000000	3.920000	0.000000	-0.000000	0.000000	1
36	1.000000	3.940000	0.000000	-0.000000	0.000000	1
36	1.000000	3.960000	0.000000	-0.000000	0.000000	1
36	1.000000	3.980000	0.000000	-0.000000	0.000000	1
